Video Title,Link,Start Time,End Time,Text,Speaker
38 Friday Sermon by dr Rashad Khalifa Purpose of Messengers the Advent of the Pure Quran 1989 03 17,https://www.youtube.com/watch?v=ykEO0HzdgvM,00:00:08.578,00:00:14.400,ALLAH-O AKBAR,
38 Friday Sermon by dr Rashad Khalifa Purpose of Messengers the Advent of the Pure Quran 1989 03 17,https://www.youtube.com/watch?v=ykEO0HzdgvM,00:00:18.689,00:00:19.746,ALHAMDULILLAH.,
38 Friday Sermon by dr Rashad Khalifa Purpose of Messengers the Advent of the Pure Quran 1989 03 17,https://www.youtube.com/watch?v=ykEO0HzdgvM,00:00:20.425,00:00:21.746,We praise God.,
38 Friday Sermon by dr Rashad Khalifa Purpose of Messengers the Advent of the Pure Quran 1989 03 17,https://www.youtube.com/watch?v=ykEO0HzdgvM,00:00:22.043,00:00:25.681,"WA ASHHADU AN LA ILAHA ILLA ALLAH, WAHDAHU LA
SHAREEKA LAH.",
38 Friday Sermon by dr Rashad Khalifa Purpose of Messengers the Advent of the Pure Quran 1989 03 17,https://www.youtube.com/watch?v=ykEO0HzdgvM,00:00:27.167,00:00:38.553,"I was hoping today that the sermon would be given by General Spooner, but he didn't make it yet. He'll be here tonight.",
38 Friday Sermon by dr Rashad Khalifa Purpose of Messengers the Advent of the Pure Quran 1989 03 17,https://www.youtube.com/watch?v=ykEO0HzdgvM,00:00:38.553,00:00:47.314,"Meanwhile, I'm stuck. Cause he graduates this morning... he graduated this morning, 4 hours ago.",
38 Friday Sermon by dr Rashad Khalifa Purpose of Messengers the Advent of the Pure Quran 1989 03 17,https://www.youtube.com/watch?v=ykEO0HzdgvM,00:00:48.036,00:00:54.091,And I was hoping I was gonna catch him to tell us about his experiences in the Marines.,
38 Friday Sermon by dr Rashad Khalifa Purpose of Messengers the Advent of the Pure Quran 1989 03 17,https://www.youtube.com/watch?v=ykEO0HzdgvM,00:00:55.068,00:01:04.255,"I don't know if he'll call me ""sir"" when he comes here. On the telephone he said ""no way!""",
38 Friday Sermon by dr Rashad Khalifa Purpose of Messengers the Advent of the Pure Quran 1989 03 17,https://www.youtube.com/watch?v=ykEO0HzdgvM,00:01:06.506,00:01:14.443,"And I notice we have a new member. She just joined us. And her name is Rashide, by the way.",
38 Friday Sermon by dr Rashad Khalifa Purpose of Messengers the Advent of the Pure Quran 1989 03 17,https://www.youtube.com/watch?v=ykEO0HzdgvM,00:01:14.443,00:01:21.539,"That's a dangerous name these days. Salman Rushdie, and Rashad Khalifa. Now, we have Rashide. What's your first name? What do they...",
38 Friday Sermon by dr Rashad Khalifa Purpose of Messengers the Advent of the Pure Quran 1989 03 17,https://www.youtube.com/watch?v=ykEO0HzdgvM,00:01:21.539,00:01:22.732,Hafiza,
38 Friday Sermon by dr Rashad Khalifa Purpose of Messengers the Advent of the Pure Quran 1989 03 17,https://www.youtube.com/watch?v=ykEO0HzdgvM,00:01:22.732,00:01:23.628,Hafiza?,
38 Friday Sermon by dr Rashad Khalifa Purpose of Messengers the Advent of the Pure Quran 1989 03 17,https://www.youtube.com/watch?v=ykEO0HzdgvM,00:01:23.628,00:01:24.510,Rashada,
38 Friday Sermon by dr Rashad Khalifa Purpose of Messengers the Advent of the Pure Quran 1989 03 17,https://www.youtube.com/watch?v=ykEO0HzdgvM,00:01:25.020,00:01:29.243,"Rashada? Rashada. Oh, that's even more dangerous.",
38 Friday Sermon by dr Rashad Khalifa Purpose of Messengers the Advent of the Pure Quran 1989 03 17,https://www.youtube.com/watch?v=ykEO0HzdgvM,00:01:32.471,00:01:37.431,Rashada is the first name? The middle name. The first name is Hafiza. Hafiza Rashada.,
38 Friday Sermon by dr Rashad Khalifa Purpose of Messengers the Advent of the Pure Quran 1989 03 17,https://www.youtube.com/watch?v=ykEO0HzdgvM,00:01:37.431,00:01:40.238,We welcome the new member to the masjid.,
38 Friday Sermon by dr Rashad Khalifa Purpose of Messengers the Advent of the Pure Quran 1989 03 17,https://www.youtube.com/watch?v=ykEO0HzdgvM,00:01:41.894,00:01:48.107,"Mahvash, will you push that door? The noise will...",
38 Friday Sermon by dr Rashad Khalifa Purpose of Messengers the Advent of the Pure Quran 1989 03 17,https://www.youtube.com/watch?v=ykEO0HzdgvM,00:01:49.678,00:01:58.654,"So, I'm stuck to give this KHUTBAH and I have no idea what I'm gonna talk about, but I... I put down...this will help me a lot.",
38 Friday Sermon by dr Rashad Khalifa Purpose of Messengers the Advent of the Pure Quran 1989 03 17,https://www.youtube.com/watch?v=ykEO0HzdgvM,00:01:59.079,00:02:12.417,This is something that I distributed last week and I will just go through it with you. It is the May issue of the Muslim Perspective,
38 Friday Sermon by dr Rashad Khalifa Purpose of Messengers the Advent of the Pure Quran 1989 03 17,https://www.youtube.com/watch?v=ykEO0HzdgvM,00:02:15.092,00:02:24.354,"which reminds me that month of Ramadan begins on April 7th. So, I congratulate you because this is a big feast for the soul.",
38 Friday Sermon by dr Rashad Khalifa Purpose of Messengers the Advent of the Pure Quran 1989 03 17,https://www.youtube.com/watch?v=ykEO0HzdgvM,00:02:26.138,00:02:37.821,"We'll spend the whole day fasting which means you'll be remembering God. And your soul, in one month, will fulfill one of the 5 pillars of Islam.",
38 Friday Sermon by dr Rashad Khalifa Purpose of Messengers the Advent of the Pure Quran 1989 03 17,https://www.youtube.com/watch?v=ykEO0HzdgvM,00:02:39.817,00:02:50.961,"I think, inadvertently, it is also a feast for the body. Every Friday, we have that, A feast here. An international potluck every Friday in Ramadan.",
38 Friday Sermon by dr Rashad Khalifa Purpose of Messengers the Advent of the Pure Quran 1989 03 17,https://www.youtube.com/watch?v=ykEO0HzdgvM,00:02:52.108,00:03:07.952,"So, this is just to give you some psychological preparation before the Ramadan is here. The issue of May 1989 of the Perspective",
38 Friday Sermon by dr Rashad Khalifa Purpose of Messengers the Advent of the Pure Quran 1989 03 17,https://www.youtube.com/watch?v=ykEO0HzdgvM,00:03:07.952,00:03:18.275,"is... the main title is ""why did God send his messenger, now?"" And we read in SURA number 2 verse 151, that among",
38 Friday Sermon by dr Rashad Khalifa Purpose of Messengers the Advent of the Pure Quran 1989 03 17,https://www.youtube.com/watch?v=ykEO0HzdgvM,00:03:18.275,00:03:31.803,"the ways God perfects His favor on us is to send a messenger to recite God's revelations, God's new information to us",
38 Friday Sermon by dr Rashad Khalifa Purpose of Messengers the Advent of the Pure Quran 1989 03 17,https://www.youtube.com/watch?v=ykEO0HzdgvM,00:03:31.803,00:03:48.544,and new wisdom that He adds to our intellect. I'm trying to remember the verse and to teach us new things. This is verse 151 of SURA 2.,
38 Friday Sermon by dr Rashad Khalifa Purpose of Messengers the Advent of the Pure Quran 1989 03 17,https://www.youtube.com/watch?v=ykEO0HzdgvM,00:03:50.328,00:03:59.805,"In SURA 43, we read the modes of communication between God and us; how does God communicate with the human beings.",
38 Friday Sermon by dr Rashad Khalifa Purpose of Messengers the Advent of the Pure Quran 1989 03 17,https://www.youtube.com/watch?v=ykEO0HzdgvM,00:03:59.805,00:04:10.000,"And we are given 3 different ways. The first one is direct inspiration, that God inspires you directly to do something.",
38 Friday Sermon by dr Rashad Khalifa Purpose of Messengers the Advent of the Pure Quran 1989 03 17,https://www.youtube.com/watch?v=ykEO0HzdgvM,00:04:10.000,00:04:18.746,"You're just walking about, going about your life, normally and God inspires you to do something, directly.",
38 Friday Sermon by dr Rashad Khalifa Purpose of Messengers the Advent of the Pure Quran 1989 03 17,https://www.youtube.com/watch?v=ykEO0HzdgvM,00:04:18.746,00:04:29.113,The other method is from behind a barrier like when God spoke to Moses through the burning bush.,
38 Friday Sermon by dr Rashad Khalifa Purpose of Messengers the Advent of the Pure Quran 1989 03 17,https://www.youtube.com/watch?v=ykEO0HzdgvM,00:04:29.113,00:04:40.394,"God... God... only God's voice was felt by Moses. Moses didn't see God. He could not see God, but he heard God's voice.",
38 Friday Sermon by dr Rashad Khalifa Purpose of Messengers the Advent of the Pure Quran 1989 03 17,https://www.youtube.com/watch?v=ykEO0HzdgvM,00:04:40.394,00:04:50.984,"And the third method is to send a messenger to disperse the information, God's... through the messenger, God will send a lot of",
38 Friday Sermon by dr Rashad Khalifa Purpose of Messengers the Advent of the Pure Quran 1989 03 17,https://www.youtube.com/watch?v=ykEO0HzdgvM,00:04:50.984,00:05:06.348,"information. These are the three modes. Now, this issue's one year later after the big announcement, last year.",
38 Friday Sermon by dr Rashad Khalifa Purpose of Messengers the Advent of the Pure Quran 1989 03 17,https://www.youtube.com/watch?v=ykEO0HzdgvM,00:05:06.348,00:05:16.714,"And, why did God send his messenger, now? The answer as taken from verse 151 of SURA 2. Cause God loves you and wants to save you.",
38 Friday Sermon by dr Rashad Khalifa Purpose of Messengers the Advent of the Pure Quran 1989 03 17,https://www.youtube.com/watch?v=ykEO0HzdgvM,00:05:16.714,00:05:24.227,And I give here some major reasons for sending God's messenger of the Covenant. Number 1 is that the vast majority of human beings,
38 Friday Sermon by dr Rashad Khalifa Purpose of Messengers the Advent of the Pure Quran 1989 03 17,https://www.youtube.com/watch?v=ykEO0HzdgvM,00:05:24.227,00:05:34.041,"are yet to come to this world. If you recall, I put in the introduction and may be still hanging there",
38 Friday Sermon by dr Rashad Khalifa Purpose of Messengers the Advent of the Pure Quran 1989 03 17,https://www.youtube.com/watch?v=ykEO0HzdgvM,00:05:34.041,00:05:40.627,a graph showing how many people came to this world and how many will come between now and the end of the world.,
38 Friday Sermon by dr Rashad Khalifa Purpose of Messengers the Advent of the Pure Quran 1989 03 17,https://www.youtube.com/watch?v=ykEO0HzdgvM,00:05:40.627,00:05:51.189,And I projected that 70 million... 70 billion people will come to this world between now and the end of the world while only,
38 Friday Sermon by dr Rashad Khalifa Purpose of Messengers the Advent of the Pure Quran 1989 03 17,https://www.youtube.com/watch?v=ykEO0HzdgvM,00:05:51.189,00:06:00.183,"6 billion came from the time of Adam until now. So, the people who will show up between now and the end of the world are 14 times as",
38 Friday Sermon by dr Rashad Khalifa Purpose of Messengers the Advent of the Pure Quran 1989 03 17,https://www.youtube.com/watch?v=ykEO0HzdgvM,00:06:00.183,00:06:09.529,"many as the people who came in the past. So, God is putting the message together, the message of all the prophets together. As we",
38 Friday Sermon by dr Rashad Khalifa Purpose of Messengers the Advent of the Pure Quran 1989 03 17,https://www.youtube.com/watch?v=ykEO0HzdgvM,00:06:09.529,00:06:18.494,see in SURA 3 verse 81. All the prophets came. All the prophets delivered the scriptures. The Quran was the last scripture,
38 Friday Sermon by dr Rashad Khalifa Purpose of Messengers the Advent of the Pure Quran 1989 03 17,https://www.youtube.com/watch?v=ykEO0HzdgvM,00:06:18.494,00:06:27.374,"through Muhammad, the last prophet. The last message-bearing messenger was Muhammad. And",
38 Friday Sermon by dr Rashad Khalifa Purpose of Messengers the Advent of the Pure Quran 1989 03 17,https://www.youtube.com/watch?v=ykEO0HzdgvM,00:06:27.374,00:06:35.266,"after all... all of them have come and all the messages have been delivered, God tells us in SURA 3 verse 81 that He will send",
38 Friday Sermon by dr Rashad Khalifa Purpose of Messengers the Advent of the Pure Quran 1989 03 17,https://www.youtube.com/watch?v=ykEO0HzdgvM,00:06:35.266,00:06:47.246,"a messenger to put all these together in one and crystalize, purify - this a chemical term by the way - crystallization is the highest form of",
38 Friday Sermon by dr Rashad Khalifa Purpose of Messengers the Advent of the Pure Quran 1989 03 17,https://www.youtube.com/watch?v=ykEO0HzdgvM,00:06:47.246,00:06:55.165,"purification of any material. And this came inadvertently, but it's to put the messages together represented to this",
38 Friday Sermon by dr Rashad Khalifa Purpose of Messengers the Advent of the Pure Quran 1989 03 17,https://www.youtube.com/watch?v=ykEO0HzdgvM,00:06:55.165,00:07:09.395,"vast majority of the world. Vast majority of people. Number 2, the pure Quran that God intends for the world never existed.",
38 Friday Sermon by dr Rashad Khalifa Purpose of Messengers the Advent of the Pure Quran 1989 03 17,https://www.youtube.com/watch?v=ykEO0HzdgvM,00:07:09.395,00:07:17.893,"Think about that. The pure Quran never existed. When the prophet Muhammad died, what did he leave?",
38 Friday Sermon by dr Rashad Khalifa Purpose of Messengers the Advent of the Pure Quran 1989 03 17,https://www.youtube.com/watch?v=ykEO0HzdgvM,00:07:17.893,00:07:28.811,"He left the Quran written with his own hand in the chronological sequence. In other words, if you open the first page,",
38 Friday Sermon by dr Rashad Khalifa Purpose of Messengers the Advent of the Pure Quran 1989 03 17,https://www.youtube.com/watch?v=ykEO0HzdgvM,00:07:28.811,00:07:34.591,"he had SURA IQRA at the beginning, not Al-Fãtehah. The first revelation was there.",
38 Friday Sermon by dr Rashad Khalifa Purpose of Messengers the Advent of the Pure Quran 1989 03 17,https://www.youtube.com/watch?v=ykEO0HzdgvM,00:07:34.591,00:07:42.135,And besides it was the instructions as to where it goes in the final Quran that God intends for the world.,
38 Friday Sermon by dr Rashad Khalifa Purpose of Messengers the Advent of the Pure Quran 1989 03 17,https://www.youtube.com/watch?v=ykEO0HzdgvM,00:07:44.258,00:07:53.831,"And then, the whole book was written down in that chronological sequence. The last SURA revealed was SURA 110",
38 Friday Sermon by dr Rashad Khalifa Purpose of Messengers the Advent of the Pure Quran 1989 03 17,https://www.youtube.com/watch?v=ykEO0HzdgvM,00:07:53.831,00:07:56.171,"""when God's victory comes""",
38 Friday Sermon by dr Rashad Khalifa Purpose of Messengers the Advent of the Pure Quran 1989 03 17,https://www.youtube.com/watch?v=ykEO0HzdgvM,00:07:56.171,00:07:58.171,(110:1) إِذَا جَآءَ نَصْرُ ٱللَّهِ وَٱلْفَتْحُ,
38 Friday Sermon by dr Rashad Khalifa Purpose of Messengers the Advent of the Pure Quran 1989 03 17,https://www.youtube.com/watch?v=ykEO0HzdgvM,00:07:58.638,00:08:01.624,And then the prophet died only a few months after that.,
38 Friday Sermon by dr Rashad Khalifa Purpose of Messengers the Advent of the Pure Quran 1989 03 17,https://www.youtube.com/watch?v=ykEO0HzdgvM,00:08:01.624,00:08:07.322,And he left the Quran in that chronological sequence which is not the sequence intended for the world.,
38 Friday Sermon by dr Rashad Khalifa Purpose of Messengers the Advent of the Pure Quran 1989 03 17,https://www.youtube.com/watch?v=ykEO0HzdgvM,00:08:10.295,00:08:20.497,Abubakr came and he was busy with the wars of reversion. People reverted from Islam and rebelled against him.,
38 Friday Sermon by dr Rashad Khalifa Purpose of Messengers the Advent of the Pure Quran 1989 03 17,https://www.youtube.com/watch?v=ykEO0HzdgvM,00:08:20.497,00:08:31.840,"And so did Omar, also. And after Omar came Uthman. Omar had expanded the Muslim world beyond Arabia.",
38 Friday Sermon by dr Rashad Khalifa Purpose of Messengers the Advent of the Pure Quran 1989 03 17,https://www.youtube.com/watch?v=ykEO0HzdgvM,00:08:33.326,00:08:47.088,"And it became necessary to write down the Quran in the right order that God intends for the world. So, Uthman appointed a committee",
38 Friday Sermon by dr Rashad Khalifa Purpose of Messengers the Advent of the Pure Quran 1989 03 17,https://www.youtube.com/watch?v=ykEO0HzdgvM,00:08:47.088,00:08:53.547,to carry out the prophet's instructions. They took that original copy in the chronological sequence and they read the instructions and,
38 Friday Sermon by dr Rashad Khalifa Purpose of Messengers the Advent of the Pure Quran 1989 03 17,https://www.youtube.com/watch?v=ykEO0HzdgvM,00:08:53.547,00:09:00.842,they put the Quran together in the sequence that we have today starting with Al-Fãtehah and ending with SURA Al-Naas.,
38 Friday Sermon by dr Rashad Khalifa Purpose of Messengers the Advent of the Pure Quran 1989 03 17,https://www.youtube.com/watch?v=ykEO0HzdgvM,00:09:01.776,00:09:11.289,"Now, Satan did not leave them alone. When they finished... now the last revelation before SURA Al-Nassr was SURA... SURA",
38 Friday Sermon by dr Rashad Khalifa Purpose of Messengers the Advent of the Pure Quran 1989 03 17,https://www.youtube.com/watch?v=ykEO0HzdgvM,00:09:11.289,00:09:16.432,last SURA revealed in Medina was SURA number 9,
38 Friday Sermon by dr Rashad Khalifa Purpose of Messengers the Advent of the Pure Quran 1989 03 17,https://www.youtube.com/watch?v=ykEO0HzdgvM,00:09:16.432,00:09:25.821,"So, after they finished, they said ""yeah, let's go celebrate."" Somebody said ""hey, let's add a couple of verses to honor the prophet.""",
38 Friday Sermon by dr Rashad Khalifa Purpose of Messengers the Advent of the Pure Quran 1989 03 17,https://www.youtube.com/watch?v=ykEO0HzdgvM,00:09:25.821,00:09:34.191,"So, they added those two verses. And I think you know the story very well. And so, the Quran was written down with two extraneous",
38 Friday Sermon by dr Rashad Khalifa Purpose of Messengers the Advent of the Pure Quran 1989 03 17,https://www.youtube.com/watch?v=ykEO0HzdgvM,00:09:34.191,00:09:44.303,verses in it. Two satanic verses. Satan had to put his... his seed there. And they stayed there suspected,
38 Friday Sermon by dr Rashad Khalifa Purpose of Messengers the Advent of the Pure Quran 1989 03 17,https://www.youtube.com/watch?v=ykEO0HzdgvM,00:09:44.303,00:09:54.818,"And all the believers I know were all suspicious of these two verses. They didn’t like them. They didn’t fit text-wise, meaning-wise",
38 Friday Sermon by dr Rashad Khalifa Purpose of Messengers the Advent of the Pure Quran 1989 03 17,https://www.youtube.com/watch?v=ykEO0HzdgvM,00:09:54.818,00:10:06.527,"with the Quran. So, for the first time, next month, IN SHA ALLAH, the Quran will be restored. So, this is another reason, another major reason",
38 Friday Sermon by dr Rashad Khalifa Purpose of Messengers the Advent of the Pure Quran 1989 03 17,https://www.youtube.com/watch?v=ykEO0HzdgvM,00:10:06.527,00:10:15.195,"for sending a messenger, now that the pure Quran that God intends for the world never existed. It will exist for the first time",
38 Friday Sermon by dr Rashad Khalifa Purpose of Messengers the Advent of the Pure Quran 1989 03 17,https://www.youtube.com/watch?v=ykEO0HzdgvM,00:10:15.195,00:10:17.195,"next month, IN SHA ALLAH.",
38 Friday Sermon by dr Rashad Khalifa Purpose of Messengers the Advent of the Pure Quran 1989 03 17,https://www.youtube.com/watch?v=ykEO0HzdgvM,00:10:19.573,00:10:30.000,"Number 3, Islam has been distorted by the Muslims into a Satanic cult. The Islam around the world, you can see, you can tell",
38 Friday Sermon by dr Rashad Khalifa Purpose of Messengers the Advent of the Pure Quran 1989 03 17,https://www.youtube.com/watch?v=ykEO0HzdgvM,00:10:30.000,00:10:41.824,from what they're doing. I think I announced today that they know now the person who put the bomb on Pan American flight,
38 Friday Sermon by dr Rashad Khalifa Purpose of Messengers the Advent of the Pure Quran 1989 03 17,https://www.youtube.com/watch?v=ykEO0HzdgvM,00:10:41.824,00:10:54.696,"where 270 innocent people died and that person is quote, unquote a Muslim. He made the whole world angry. He gave Islam a bad name.",
38 Friday Sermon by dr Rashad Khalifa Purpose of Messengers the Advent of the Pure Quran 1989 03 17,https://www.youtube.com/watch?v=ykEO0HzdgvM,00:10:54.696,00:11:03.067,"We know what Khomeini is doing to the freedom of expression, speaking in the name of an Islamic Republic, a Muslim leader",
38 Friday Sermon by dr Rashad Khalifa Purpose of Messengers the Advent of the Pure Quran 1989 03 17,https://www.youtube.com/watch?v=ykEO0HzdgvM,00:11:03.067,00:11:14.580,and we know what Ben Baz say about the Earth being flat. They're just setting all the examples that Satan wants to set for a religion.,
38 Friday Sermon by dr Rashad Khalifa Purpose of Messengers the Advent of the Pure Quran 1989 03 17,https://www.youtube.com/watch?v=ykEO0HzdgvM,00:11:14.580,00:11:24.780,"It turned into a Satanic cult. According to their religion, which is no longer has anything to do with the Prophet Mohammad",
38 Friday Sermon by dr Rashad Khalifa Purpose of Messengers the Advent of the Pure Quran 1989 03 17,https://www.youtube.com/watch?v=ykEO0HzdgvM,00:11:24.780,00:11:35.995,"you kill the person who does not pray the 5 daily prayers, you kill the person who drinks alcohol for the 4th time, you kill the adulterers",
38 Friday Sermon by dr Rashad Khalifa Purpose of Messengers the Advent of the Pure Quran 1989 03 17,https://www.youtube.com/watch?v=ykEO0HzdgvM,00:11:35.995,00:11:47.053,"you kill the person who reverted, according to the measures from Islam. So, this takes care of 99.99% of the Muslim world itself. Kill, kill, kill.",
38 Friday Sermon by dr Rashad Khalifa Purpose of Messengers the Advent of the Pure Quran 1989 03 17,https://www.youtube.com/watch?v=ykEO0HzdgvM,00:11:47.053,00:11:54.404,"And, this is... this justifies why they could kill any time they want to cause according to their laws, there is always a reason to kill",
38 Friday Sermon by dr Rashad Khalifa Purpose of Messengers the Advent of the Pure Quran 1989 03 17,https://www.youtube.com/watch?v=ykEO0HzdgvM,00:11:54.404,00:11:57.933,"somebody. ""Just give me anybody, and I give you a reason to kill them.""",
38 Friday Sermon by dr Rashad Khalifa Purpose of Messengers the Advent of the Pure Quran 1989 03 17,https://www.youtube.com/watch?v=ykEO0HzdgvM,00:12:00.948,00:12:08.612,"That's a Satanic cult. Number 4, the Muslims are doing everything wrong in defiance of the Quran.",
38 Friday Sermon by dr Rashad Khalifa Purpose of Messengers the Advent of the Pure Quran 1989 03 17,https://www.youtube.com/watch?v=ykEO0HzdgvM,00:12:11.118,00:12:18.342,"For example, I put this under number 6. They do the call to prayer, AZAN, wrong.",
38 Friday Sermon by dr Rashad Khalifa Purpose of Messengers the Advent of the Pure Quran 1989 03 17,https://www.youtube.com/watch?v=ykEO0HzdgvM,00:12:18.342,00:12:18.939,You know they say,
38 Friday Sermon by dr Rashad Khalifa Purpose of Messengers the Advent of the Pure Quran 1989 03 17,https://www.youtube.com/watch?v=ykEO0HzdgvM,00:12:18.939,00:12:19.707,اشهد ان لا اله,
38 Friday Sermon by dr Rashad Khalifa Purpose of Messengers the Advent of the Pure Quran 1989 03 17,https://www.youtube.com/watch?v=ykEO0HzdgvM,00:12:19.707,00:12:23.958,الله اکبر - الله اکبر - اشهد ان لا اله الا الله - اشهد ان محمد رسول الله,
38 Friday Sermon by dr Rashad Khalifa Purpose of Messengers the Advent of the Pure Quran 1989 03 17,https://www.youtube.com/watch?v=ykEO0HzdgvM,00:12:23.958,00:12:25.363,Right there,
38 Friday Sermon by dr Rashad Khalifa Purpose of Messengers the Advent of the Pure Quran 1989 03 17,https://www.youtube.com/watch?v=ykEO0HzdgvM,00:12:25.363,00:12:32.926,they already violated the commandment that the mosque belongs to God. You should mention God's name only in your practices of worship,
38 Friday Sermon by dr Rashad Khalifa Purpose of Messengers the Advent of the Pure Quran 1989 03 17,https://www.youtube.com/watch?v=ykEO0HzdgvM,00:12:32.926,00:12:35.351,"and depends on where you are, you can also go on",
38 Friday Sermon by dr Rashad Khalifa Purpose of Messengers the Advent of the Pure Quran 1989 03 17,https://www.youtube.com/watch?v=ykEO0HzdgvM,00:12:35.351,00:12:37.252,اشهد ان علی ولی الله,
38 Friday Sermon by dr Rashad Khalifa Purpose of Messengers the Advent of the Pure Quran 1989 03 17,https://www.youtube.com/watch?v=ykEO0HzdgvM,00:12:37.252,00:12:39.252,اشهد ان اهل البیت حجه الله,
38 Friday Sermon by dr Rashad Khalifa Purpose of Messengers the Advent of the Pure Quran 1989 03 17,https://www.youtube.com/watch?v=ykEO0HzdgvM,00:12:40.356,00:12:46.813,"So, it all depends on where you are, but either way there is not a single mosque in the Muslim world",
38 Friday Sermon by dr Rashad Khalifa Purpose of Messengers the Advent of the Pure Quran 1989 03 17,https://www.youtube.com/watch?v=ykEO0HzdgvM,00:12:46.813,00:12:51.319,"that follows this commandment that the mosque belongs to God, you shall mention only God's name.",
38 Friday Sermon by dr Rashad Khalifa Purpose of Messengers the Advent of the Pure Quran 1989 03 17,https://www.youtube.com/watch?v=ykEO0HzdgvM,00:12:53.230,00:13:01.562,"Number 7, they do their ablution wrong and if you don't believe it, ask Abdullah when waiting in line for ablution in Turkey.",
38 Friday Sermon by dr Rashad Khalifa Purpose of Messengers the Advent of the Pure Quran 1989 03 17,https://www.youtube.com/watch?v=ykEO0HzdgvM,00:13:01.562,00:13:07.461,"You know, the people have already started the prayer and these people are going through their 9 steps of ablution",
38 Friday Sermon by dr Rashad Khalifa Purpose of Messengers the Advent of the Pure Quran 1989 03 17,https://www.youtube.com/watch?v=ykEO0HzdgvM,00:13:07.461,00:13:14.657,"trying to get every hair, you know, because there is a hadith that says... there's a hadith that says if you leave a hair dry",
38 Friday Sermon by dr Rashad Khalifa Purpose of Messengers the Advent of the Pure Quran 1989 03 17,https://www.youtube.com/watch?v=ykEO0HzdgvM,00:13:14.657,00:13:30.674,"it will go to hell. They separate this hair or something, sending it to hell. So, they make sure that everything is wet.",
38 Friday Sermon by dr Rashad Khalifa Purpose of Messengers the Advent of the Pure Quran 1989 03 17,https://www.youtube.com/watch?v=ykEO0HzdgvM,00:13:33.222,00:13:38.949,"Number 8, they do their contact prayers, the SALAT, wrong. God says in SURA 20",
38 Friday Sermon by dr Rashad Khalifa Purpose of Messengers the Advent of the Pure Quran 1989 03 17,https://www.youtube.com/watch?v=ykEO0HzdgvM,00:13:38.949,00:13:40.342,(20:14) أَقِمِ ٱلصَّلَوٰةَ لِذِكْرِىٓ,
38 Friday Sermon by dr Rashad Khalifa Purpose of Messengers the Advent of the Pure Quran 1989 03 17,https://www.youtube.com/watch?v=ykEO0HzdgvM,00:13:40.342,00:13:45.060,Singular. Observe the contact prayer to commemorate Me. Singular.,
38 Friday Sermon by dr Rashad Khalifa Purpose of Messengers the Advent of the Pure Quran 1989 03 17,https://www.youtube.com/watch?v=ykEO0HzdgvM,00:13:45.952,00:13:52.640,"But all of them, they mention Muhammad, ALE Muhammad, Ibrahim, ALE Ibrahim, Muhammad and his family. Abraham and his family.",
38 Friday Sermon by dr Rashad Khalifa Purpose of Messengers the Advent of the Pure Quran 1989 03 17,https://www.youtube.com/watch?v=ykEO0HzdgvM,00:13:52.640,00:13:59.311,"in their contact prayers. And this is by definition polytheism or SHIRK, idol worship.",
38 Friday Sermon by dr Rashad Khalifa Purpose of Messengers the Advent of the Pure Quran 1989 03 17,https://www.youtube.com/watch?v=ykEO0HzdgvM,00:14:00.458,00:14:12.055,"Number 9, they do their ZAKAT, obligatory charity, wrong. According to their laws, now, they give their charity",
38 Friday Sermon by dr Rashad Khalifa Purpose of Messengers the Advent of the Pure Quran 1989 03 17,https://www.youtube.com/watch?v=ykEO0HzdgvM,00:14:12.055,00:14:21.742,"2.5% of your savings above 50 dollars that are one year old, once a year. This is the law of charity over there",
38 Friday Sermon by dr Rashad Khalifa Purpose of Messengers the Advent of the Pure Quran 1989 03 17,https://www.youtube.com/watch?v=ykEO0HzdgvM,00:14:21.742,00:14:28.315,"which means the poor will die of starvation by the time you do that. Now, if you look in the Quran",
38 Friday Sermon by dr Rashad Khalifa Purpose of Messengers the Advent of the Pure Quran 1989 03 17,https://www.youtube.com/watch?v=ykEO0HzdgvM,00:14:28.315,00:14:37.029,"in SURA 6, we learn that charity must go out whenever you receive money. Any money that enters your pocket and is yours, the net",
38 Friday Sermon by dr Rashad Khalifa Purpose of Messengers the Advent of the Pure Quran 1989 03 17,https://www.youtube.com/watch?v=ykEO0HzdgvM,00:14:37.029,00:14:49.349,"you take 2.5% out of every 100 dollars. 2.5 dollars, you give them away to your relatives not to anybody else.",
38 Friday Sermon by dr Rashad Khalifa Purpose of Messengers the Advent of the Pure Quran 1989 03 17,https://www.youtube.com/watch?v=ykEO0HzdgvM,00:14:49.349,00:14:59.673,"This is the ZAKAT, the obligatory charity. If you wanna build a school or a mosque or a hospital, that is general charity. That's something else.",
38 Friday Sermon by dr Rashad Khalifa Purpose of Messengers the Advent of the Pure Quran 1989 03 17,https://www.youtube.com/watch?v=ykEO0HzdgvM,00:15:00.310,00:15:08.722,But 2.5% of your net income must go to the poor immediately. Which means a continuous flow of money from people to the relatives,
38 Friday Sermon by dr Rashad Khalifa Purpose of Messengers the Advent of the Pure Quran 1989 03 17,https://www.youtube.com/watch?v=ykEO0HzdgvM,00:15:08.722,00:15:16.072,their parents and their cousins and their sisters and brothers and so on. That's the correct way of doing ZAKAT.,
38 Friday Sermon by dr Rashad Khalifa Purpose of Messengers the Advent of the Pure Quran 1989 03 17,https://www.youtube.com/watch?v=ykEO0HzdgvM,00:15:16.072,00:15:26.177,"And the Quran gives the ZAKAT so much importance, God says ""My mercy encompasses all things, but I will designate it for those who give the ZAKAT.""",
38 Friday Sermon by dr Rashad Khalifa Purpose of Messengers the Advent of the Pure Quran 1989 03 17,https://www.youtube.com/watch?v=ykEO0HzdgvM,00:15:28.810,00:15:38.416,"So, this shows, in other words, if you don't give the ZAKAT, you're out of God's mercy. It is very important and they don't do it.",
38 Friday Sermon by dr Rashad Khalifa Purpose of Messengers the Advent of the Pure Quran 1989 03 17,https://www.youtube.com/watch?v=ykEO0HzdgvM,00:15:40.709,00:15:47.037,"Number 10, they do the fasting of Ramadan wrong. Just watch what they're starting fasting in the other place.",
38 Friday Sermon by dr Rashad Khalifa Purpose of Messengers the Advent of the Pure Quran 1989 03 17,https://www.youtube.com/watch?v=ykEO0HzdgvM,00:15:47.037,00:15:53.037,"They never start on the right day. They never end on the right day because a hadith says ""you must see the moon with your eyes.""",
38 Friday Sermon by dr Rashad Khalifa Purpose of Messengers the Advent of the Pure Quran 1989 03 17,https://www.youtube.com/watch?v=ykEO0HzdgvM,00:15:53.037,00:16:00.176,"Well, if you see the moon with your eyes, it's too late. It's already past the time.",
38 Friday Sermon by dr Rashad Khalifa Purpose of Messengers the Advent of the Pure Quran 1989 03 17,https://www.youtube.com/watch?v=ykEO0HzdgvM,00:16:00.176,00:16:07.272,"And then, they turn into the most obnoxious creatures during fasting, they become on being hungry and thirsty",
38 Friday Sermon by dr Rashad Khalifa Purpose of Messengers the Advent of the Pure Quran 1989 03 17,https://www.youtube.com/watch?v=ykEO0HzdgvM,00:16:07.272,00:16:10.120,almost fighting.,
38 Friday Sermon by dr Rashad Khalifa Purpose of Messengers the Advent of the Pure Quran 1989 03 17,https://www.youtube.com/watch?v=ykEO0HzdgvM,00:16:10.120,00:16:16.743,You're supposed to be the nicest person during Ramadan because you don't wanna nullify your efforts.,
38 Friday Sermon by dr Rashad Khalifa Purpose of Messengers the Advent of the Pure Quran 1989 03 17,https://www.youtube.com/watch?v=ykEO0HzdgvM,00:16:16.743,00:16:23.032,"When you're driving in the street, you're not gonna rush in front of somebody. You don't wanna offend anyone",
38 Friday Sermon by dr Rashad Khalifa Purpose of Messengers the Advent of the Pure Quran 1989 03 17,https://www.youtube.com/watch?v=ykEO0HzdgvM,00:16:23.032,00:16:33.335,"because you're very careful not to ruin your fasting. All that month, you're the nicest person in the world to everybody.",
38 Friday Sermon by dr Rashad Khalifa Purpose of Messengers the Advent of the Pure Quran 1989 03 17,https://www.youtube.com/watch?v=ykEO0HzdgvM,00:16:35.335,00:16:47.400,"Number 11, they do their Hajj pilgrimage wrong at the wrong time. Pilgrimage, in the Quran, is month, 4 months. Not one day.",
38 Friday Sermon by dr Rashad Khalifa Purpose of Messengers the Advent of the Pure Quran 1989 03 17,https://www.youtube.com/watch?v=ykEO0HzdgvM,00:16:48.419,00:16:55.201,"The government of Saudi Arabia want you to do it in one day and get it over with. ""Get them out of here."" But it is supposed to be 4 months.",
38 Friday Sermon by dr Rashad Khalifa Purpose of Messengers the Advent of the Pure Quran 1989 03 17,https://www.youtube.com/watch?v=ykEO0HzdgvM,00:16:56.220,00:17:04.036,"How do you jam 2 million people in one city in one day? Well, you can imagine, you know.",
38 Friday Sermon by dr Rashad Khalifa Purpose of Messengers the Advent of the Pure Quran 1989 03 17,https://www.youtube.com/watch?v=ykEO0HzdgvM,00:17:04.036,00:17:09.269,"You can imagine... when I did the pilgrimage with my parents, I told them ""you stay here. Then, I'll do it on your behalf.""",
38 Friday Sermon by dr Rashad Khalifa Purpose of Messengers the Advent of the Pure Quran 1989 03 17,https://www.youtube.com/watch?v=ykEO0HzdgvM,00:17:09.269,00:17:16.110,Certain things were in the crowds. Because they will die. People die. They're trampled under the feet.,
38 Friday Sermon by dr Rashad Khalifa Purpose of Messengers the Advent of the Pure Quran 1989 03 17,https://www.youtube.com/watch?v=ykEO0HzdgvM,00:17:17.172,00:17:26.304,And they have the stoning of Satan's ceremony or whatever. They're just gruesome. I was worried about myself.,
38 Friday Sermon by dr Rashad Khalifa Purpose of Messengers the Advent of the Pure Quran 1989 03 17,https://www.youtube.com/watch?v=ykEO0HzdgvM,00:17:29.107,00:17:39.707,"Also, they ruin the pilgrimage by going to visit the prophet's tomb. The prophet is not there. Not even his dust is there anymore.",
38 Friday Sermon by dr Rashad Khalifa Purpose of Messengers the Advent of the Pure Quran 1989 03 17,https://www.youtube.com/watch?v=ykEO0HzdgvM,00:17:39.707,00:17:47.355,"They go... I don't know what they go for. And I wrote in the Perspective, you know, ""tear down the prophet's tomb.""",
38 Friday Sermon by dr Rashad Khalifa Purpose of Messengers the Advent of the Pure Quran 1989 03 17,https://www.youtube.com/watch?v=ykEO0HzdgvM,00:17:47.355,00:17:55.937,"And some fanatic Saudi Arabian, very angry, very hot called and left a message on the telephone machine trying to prove that",
38 Friday Sermon by dr Rashad Khalifa Purpose of Messengers the Advent of the Pure Quran 1989 03 17,https://www.youtube.com/watch?v=ykEO0HzdgvM,00:17:55.937,00:18:03.925,"the prophet is not buried in his mosque. He's buried in his house. So, there's a hadith that said",
38 Friday Sermon by dr Rashad Khalifa Purpose of Messengers the Advent of the Pure Quran 1989 03 17,https://www.youtube.com/watch?v=ykEO0HzdgvM,00:18:03.925,00:18:11.998,"There's a hadith, ironically, that the prophet said ""God cursed the Jews and the Christians because they made their prophets'",
38 Friday Sermon by dr Rashad Khalifa Purpose of Messengers the Advent of the Pure Quran 1989 03 17,https://www.youtube.com/watch?v=ykEO0HzdgvM,00:18:11.998,00:18:18.075,"tombs into mosques"" which is not really the case. The case is the opposite. The Muslims are the ones who did that.",
38 Friday Sermon by dr Rashad Khalifa Purpose of Messengers the Advent of the Pure Quran 1989 03 17,https://www.youtube.com/watch?v=ykEO0HzdgvM,00:18:19.519,00:18:26.832,"So, he was trying to convince me that the prophet is buried in his house, but it's the people who put the house in his mosque.",
38 Friday Sermon by dr Rashad Khalifa Purpose of Messengers the Advent of the Pure Quran 1989 03 17,https://www.youtube.com/watch?v=ykEO0HzdgvM,00:18:26.832,00:18:32.347,"in a mosque. So, either way, the Muslims are wrong in their pilgrimage.",
38 Friday Sermon by dr Rashad Khalifa Purpose of Messengers the Advent of the Pure Quran 1989 03 17,https://www.youtube.com/watch?v=ykEO0HzdgvM,00:18:32.347,00:18:40.250,"Number 12, I put, if the Muslims continue as they are, they will go to hell. OK. So, these are some of the major reasons.",
38 Friday Sermon by dr Rashad Khalifa Purpose of Messengers the Advent of the Pure Quran 1989 03 17,https://www.youtube.com/watch?v=ykEO0HzdgvM,00:18:40.250,00:18:50.483,Why now... Just look at yourself and myself when we were doing the SALAT wrong and the fasting wrong and the ZAKAT wrong.,
38 Friday Sermon by dr Rashad Khalifa Purpose of Messengers the Advent of the Pure Quran 1989 03 17,https://www.youtube.com/watch?v=ykEO0HzdgvM,00:18:50.483,00:18:58.296,"And God is looking at us. If He cared about you, would He not send somebody to correct you or some instructions, somehow?",
38 Friday Sermon by dr Rashad Khalifa Purpose of Messengers the Advent of the Pure Quran 1989 03 17,https://www.youtube.com/watch?v=ykEO0HzdgvM,00:18:58.296,00:19:06.864,"If He really loves you, He will say ""hey you're doing this wrong. You're not making contact with Me. You're wasting your time.""",
38 Friday Sermon by dr Rashad Khalifa Purpose of Messengers the Advent of the Pure Quran 1989 03 17,https://www.youtube.com/watch?v=ykEO0HzdgvM,00:19:06.864,00:19:08.269,"""This is how you do it right.""",
38 Friday Sermon by dr Rashad Khalifa Purpose of Messengers the Advent of the Pure Quran 1989 03 17,https://www.youtube.com/watch?v=ykEO0HzdgvM,00:19:09.566,00:19:17.554,"So, verse 151 of SURA 2 explains that. ""I'm perfecting My blessings on you by sending a messenger.""",
38 Friday Sermon by dr Rashad Khalifa Purpose of Messengers the Advent of the Pure Quran 1989 03 17,https://www.youtube.com/watch?v=ykEO0HzdgvM,00:19:17.554,00:19:25.924,"And this is throughout the times. But now especially, when you look at all this",
38 Friday Sermon by dr Rashad Khalifa Purpose of Messengers the Advent of the Pure Quran 1989 03 17,https://www.youtube.com/watch?v=ykEO0HzdgvM,00:19:25.924,00:19:36.715,"because God really loves the people and is giving them a chance to redeem themselves, He did not just sit and watch them go wrong.",
38 Friday Sermon by dr Rashad Khalifa Purpose of Messengers the Advent of the Pure Quran 1989 03 17,https://www.youtube.com/watch?v=ykEO0HzdgvM,00:19:36.715,00:19:47.122,"God decided to send corrections to you and to me and so... so, we don't waste our time. Obviously, God knew",
38 Friday Sermon by dr Rashad Khalifa Purpose of Messengers the Advent of the Pure Quran 1989 03 17,https://www.youtube.com/watch?v=ykEO0HzdgvM,00:19:47.122,00:19:55.237,"that we are sincere. We are seeking Him. We want to worship Him. And we want to redeem ourselves. And obviously, we deserve",
38 Friday Sermon by dr Rashad Khalifa Purpose of Messengers the Advent of the Pure Quran 1989 03 17,https://www.youtube.com/watch?v=ykEO0HzdgvM,00:19:55.237,00:20:03.055,"these instructions, but God says that in the Quran that He knows the innermost thoughts and accordingly, He guides",
38 Friday Sermon by dr Rashad Khalifa Purpose of Messengers the Advent of the Pure Quran 1989 03 17,https://www.youtube.com/watch?v=ykEO0HzdgvM,00:20:03.055,00:20:08.790,the people who deserve to be guided and He keeps away the people who don't deserve to be guided.,
38 Friday Sermon by dr Rashad Khalifa Purpose of Messengers the Advent of the Pure Quran 1989 03 17,https://www.youtube.com/watch?v=ykEO0HzdgvM,00:20:19.364,00:20:26.545,"I am mentioning in the front of page of this issue that as detailed on page 2, every single reason listed above is supported by irrefutable",
38 Friday Sermon by dr Rashad Khalifa Purpose of Messengers the Advent of the Pure Quran 1989 03 17,https://www.youtube.com/watch?v=ykEO0HzdgvM,00:20:26.545,00:20:37.675,"physical evidence from the Quran and from its formidable mathematical code. Then, at the bottom, I put another note",
38 Friday Sermon by dr Rashad Khalifa Purpose of Messengers the Advent of the Pure Quran 1989 03 17,https://www.youtube.com/watch?v=ykEO0HzdgvM,00:20:37.675,00:20:44.304,"""during the last 12 months, I presented overwhelming Quranic mathematical proofs that I am God's messenger of the Covenant.""",
38 Friday Sermon by dr Rashad Khalifa Purpose of Messengers the Advent of the Pure Quran 1989 03 17,https://www.youtube.com/watch?v=ykEO0HzdgvM,00:20:44.304,00:20:54.392,and NOT a single Muslim scholar came up with a single reason why I could not be God's messenger. Their silence is very significant.,
38 Friday Sermon by dr Rashad Khalifa Purpose of Messengers the Advent of the Pure Quran 1989 03 17,https://www.youtube.com/watch?v=ykEO0HzdgvM,00:20:54.392,00:20:56.265,Why can't they come up with one reason?,
38 Friday Sermon by dr Rashad Khalifa Purpose of Messengers the Advent of the Pure Quran 1989 03 17,https://www.youtube.com/watch?v=ykEO0HzdgvM,00:20:58.771,00:21:01.450,"TUBU ILLA ALLAH, repent.",
38 Friday Sermon by dr Rashad Khalifa Purpose of Messengers the Advent of the Pure Quran 1989 03 17,https://www.youtube.com/watch?v=ykEO0HzdgvM,00:21:12.959,00:21:15.384,ALHAMDULILLAH. We praise God.,
38 Friday Sermon by dr Rashad Khalifa Purpose of Messengers the Advent of the Pure Quran 1989 03 17,https://www.youtube.com/watch?v=ykEO0HzdgvM,00:21:15.384,00:21:18.021,"WA ASHHADU AN LA ILAHA ILLA ALLAH, WAHDAHU LA
SHAREEKA LAH.",
38 Friday Sermon by dr Rashad Khalifa Purpose of Messengers the Advent of the Pure Quran 1989 03 17,https://www.youtube.com/watch?v=ykEO0HzdgvM,00:21:18.021,00:21:20.870,And I bear witness that there is no god except the one God.,
38 Friday Sermon by dr Rashad Khalifa Purpose of Messengers the Advent of the Pure Quran 1989 03 17,https://www.youtube.com/watch?v=ykEO0HzdgvM,00:21:22.611,00:21:40.494,"With this second year, the new year... the first year was rather harsh just to shake somebody and to warn them and wake them up.",
38 Friday Sermon by dr Rashad Khalifa Purpose of Messengers the Advent of the Pure Quran 1989 03 17,https://www.youtube.com/watch?v=ykEO0HzdgvM,00:21:41.089,00:21:52.899,"But IN SHA ALLAH, we will enter into a period of... of love and tranquility and compassion and we'll see",
38 Friday Sermon by dr Rashad Khalifa Purpose of Messengers the Advent of the Pure Quran 1989 03 17,https://www.youtube.com/watch?v=ykEO0HzdgvM,00:21:52.899,00:22:04.438,"hopefully, it will work to save a few people. There will be no more anger cause we did the work.",
38 Friday Sermon by dr Rashad Khalifa Purpose of Messengers the Advent of the Pure Quran 1989 03 17,https://www.youtube.com/watch?v=ykEO0HzdgvM,00:22:06.944,00:22:17.735,"In the last... in the last many years in the past, we started out by being very nice and it didn’t work. And then, I got louder and louder.",
38 Friday Sermon by dr Rashad Khalifa Purpose of Messengers the Advent of the Pure Quran 1989 03 17,https://www.youtube.com/watch?v=ykEO0HzdgvM,00:22:18.542,00:22:28.433,"But this... this is the way, God wants it if you see the Quran and the sequence of the progression of the message.",
38 Friday Sermon by dr Rashad Khalifa Purpose of Messengers the Advent of the Pure Quran 1989 03 17,https://www.youtube.com/watch?v=ykEO0HzdgvM,00:22:29.282,00:22:37.074,"It is simply because you see somebody... there's a big ditch here. And somebody's going to fall in it. So,",
38 Friday Sermon by dr Rashad Khalifa Purpose of Messengers the Advent of the Pure Quran 1989 03 17,https://www.youtube.com/watch?v=ykEO0HzdgvM,00:22:37.074,00:22:43.873,"you first say ""hey! you're gonna fall in the ditch."" But the person doesn’t hear you and keeps going towards the ditch.",
38 Friday Sermon by dr Rashad Khalifa Purpose of Messengers the Advent of the Pure Quran 1989 03 17,https://www.youtube.com/watch?v=ykEO0HzdgvM,00:22:43.873,00:22:53.390,"You're gonna shout louder. ""Hey! you're gonna fall in the ditch."" If he ignores you, maybe, he's deaf. Then, you start to get physical.",
38 Friday Sermon by dr Rashad Khalifa Purpose of Messengers the Advent of the Pure Quran 1989 03 17,https://www.youtube.com/watch?v=ykEO0HzdgvM,00:22:53.390,00:23:01.429,"You'll go there and try to pull him. You're trying to save him. So, but this is how the progression is.",
38 Friday Sermon by dr Rashad Khalifa Purpose of Messengers the Advent of the Pure Quran 1989 03 17,https://www.youtube.com/watch?v=ykEO0HzdgvM,00:23:03.765,00:23:12.707,"Now, the Quran tells us. Let me get a Quran and share a couple of verses with you.",
38 Friday Sermon by dr Rashad Khalifa Purpose of Messengers the Advent of the Pure Quran 1989 03 17,https://www.youtube.com/watch?v=ykEO0HzdgvM,00:23:19.502,00:23:21.502,43:21,
38 Friday Sermon by dr Rashad Khalifa Purpose of Messengers the Advent of the Pure Quran 1989 03 17,https://www.youtube.com/watch?v=ykEO0HzdgvM,00:23:33.350,00:23:46.549,"The response to every messenger was this. What they said was ""we found our parents doing this and we simply follow their footsteps.""",
38 Friday Sermon by dr Rashad Khalifa Purpose of Messengers the Advent of the Pure Quran 1989 03 17,https://www.youtube.com/watch?v=ykEO0HzdgvM,00:23:46.549,00:23:55.725,"They don’t want to change what they inherited from their parents. ""Thus, whenever We sent a warner to any community,",
38 Friday Sermon by dr Rashad Khalifa Purpose of Messengers the Advent of the Pure Quran 1989 03 17,https://www.youtube.com/watch?v=ykEO0HzdgvM,00:23:55.725,00:24:02.694,"the leaders said ""we found our parents following certain practices and we are following their footsteps.""",
38 Friday Sermon by dr Rashad Khalifa Purpose of Messengers the Advent of the Pure Quran 1989 03 17,https://www.youtube.com/watch?v=ykEO0HzdgvM,00:24:02.694,00:24:04.412,"In other words, we don’t want to change.",
38 Friday Sermon by dr Rashad Khalifa Purpose of Messengers the Advent of the Pure Quran 1989 03 17,https://www.youtube.com/watch?v=ykEO0HzdgvM,00:24:07.979,00:24:13.970,"The messenger would say ""what if I showed you better guidance than that of your parents?""",
38 Friday Sermon by dr Rashad Khalifa Purpose of Messengers the Advent of the Pure Quran 1989 03 17,https://www.youtube.com/watch?v=ykEO0HzdgvM,00:24:13.970,00:24:22.549,"""They said we reject whatever you bring."" Consequently, We punished them. Note the consequences for the rejectors.",
38 Friday Sermon by dr Rashad Khalifa Purpose of Messengers the Advent of the Pure Quran 1989 03 17,https://www.youtube.com/watch?v=ykEO0HzdgvM,00:24:24.502,00:24:37.211,"It seems in the Quran that this always happens. And we are certainly seeing it although not as bad as in the past, actually",
38 Friday Sermon by dr Rashad Khalifa Purpose of Messengers the Advent of the Pure Quran 1989 03 17,https://www.youtube.com/watch?v=ykEO0HzdgvM,00:24:37.211,00:24:46.898,"as I will share with you in a few moments. In SURA 23, verse 44",
38 Friday Sermon by dr Rashad Khalifa Purpose of Messengers the Advent of the Pure Quran 1989 03 17,https://www.youtube.com/watch?v=ykEO0HzdgvM,00:24:46.898,00:24:57.069,"""Then, We sent our messengers in succession. Every time a community received their messenger, they rejected him."" Every time.",
38 Friday Sermon by dr Rashad Khalifa Purpose of Messengers the Advent of the Pure Quran 1989 03 17,https://www.youtube.com/watch?v=ykEO0HzdgvM,00:24:57.069,00:25:04.208,"And this is past tense. ""Consequently, We annihilated them one after the other and We turned them into history.",
38 Friday Sermon by dr Rashad Khalifa Purpose of Messengers the Advent of the Pure Quran 1989 03 17,https://www.youtube.com/watch?v=ykEO0HzdgvM,00:25:04.208,00:25:17.419,"Doomed are the people who do not believe."" In SURA 40, verse 5",
38 Friday Sermon by dr Rashad Khalifa Purpose of Messengers the Advent of the Pure Quran 1989 03 17,https://www.youtube.com/watch?v=ykEO0HzdgvM,00:25:17.419,00:25:26.214,"""Rebelling before them were the people of Noah and communities after them. Every generation persecuted their messenger",
38 Friday Sermon by dr Rashad Khalifa Purpose of Messengers the Advent of the Pure Quran 1989 03 17,https://www.youtube.com/watch?v=ykEO0HzdgvM,00:25:26.214,00:25:34.783,"seeking to neutralize him and they argued with falsehood to make it dominate the truth, but I overtook them. How terrible",
38 Friday Sermon by dr Rashad Khalifa Purpose of Messengers the Advent of the Pure Quran 1989 03 17,https://www.youtube.com/watch?v=ykEO0HzdgvM,00:25:34.783,00:25:36.783,"was My retribution.""",
38 Friday Sermon by dr Rashad Khalifa Purpose of Messengers the Advent of the Pure Quran 1989 03 17,https://www.youtube.com/watch?v=ykEO0HzdgvM,00:25:46.211,00:25:54.552,"So, this seems to be the general trend. There's something different this time.",
38 Friday Sermon by dr Rashad Khalifa Purpose of Messengers the Advent of the Pure Quran 1989 03 17,https://www.youtube.com/watch?v=ykEO0HzdgvM,00:26:06.188,00:26:10.906,I'm slowing down for Mohtasham and Frank to come back.,
38 Friday Sermon by dr Rashad Khalifa Purpose of Messengers the Advent of the Pure Quran 1989 03 17,https://www.youtube.com/watch?v=ykEO0HzdgvM,00:26:27.553,00:26:34.930,"In the end of SURA 40, we read the following verses. ""When their messengers went to them with clear revelations"" or clear miracles",
38 Friday Sermon by dr Rashad Khalifa Purpose of Messengers the Advent of the Pure Quran 1989 03 17,https://www.youtube.com/watch?v=ykEO0HzdgvM,00:26:34.930,00:26:42.833,"or clear signs, ""they were satisfied with the knowledge they had."" They said ""this is what we like. This is what we know now.""",
38 Friday Sermon by dr Rashad Khalifa Purpose of Messengers the Advent of the Pure Quran 1989 03 17,https://www.youtube.com/watch?v=ykEO0HzdgvM,00:26:42.833,00:26:53.377,"""The very thing they ridiculed caused their doom. Then, when they saw our retribution, they said ""now we believe in God alone",
38 Friday Sermon by dr Rashad Khalifa Purpose of Messengers the Advent of the Pure Quran 1989 03 17,https://www.youtube.com/watch?v=ykEO0HzdgvM,00:26:53.377,00:27:02.893,"and we reject the idols we have set up."" But it's too late. See, once the retribution is here, it is too late. ""But alas their belief is no longer",
38 Friday Sermon by dr Rashad Khalifa Purpose of Messengers the Advent of the Pure Quran 1989 03 17,https://www.youtube.com/watch?v=ykEO0HzdgvM,00:27:02.893,00:27:12.077,"useful once they see Our retribution. This is God's system that is never changeable. The disbelievers are always losers.""",
38 Friday Sermon by dr Rashad Khalifa Purpose of Messengers the Advent of the Pure Quran 1989 03 17,https://www.youtube.com/watch?v=ykEO0HzdgvM,00:27:13.393,00:27:21.117,"Now, we see throughout the Quran. I don’t need to go through these verses with you. But we see guarantees of victory for the believers",
38 Friday Sermon by dr Rashad Khalifa Purpose of Messengers the Advent of the Pure Quran 1989 03 17,https://www.youtube.com/watch?v=ykEO0HzdgvM,00:27:21.117,00:27:31.342,"and for the messengers, God's messengers. And especially, in the last SURA of the Quran, last SURA revealed chronologically.",
38 Friday Sermon by dr Rashad Khalifa Purpose of Messengers the Advent of the Pure Quran 1989 03 17,https://www.youtube.com/watch?v=ykEO0HzdgvM,00:27:31.342,00:27:37.864,"which says ""when God's victory comes and you the people embracing God's religion in great numbers.""",
38 Friday Sermon by dr Rashad Khalifa Purpose of Messengers the Advent of the Pure Quran 1989 03 17,https://www.youtube.com/watch?v=ykEO0HzdgvM,00:27:37.864,00:27:47.763,This SURA consists of 19 words. And the first verse consists of 19 letters which means what? Means this is intended for us.,
38 Friday Sermon by dr Rashad Khalifa Purpose of Messengers the Advent of the Pure Quran 1989 03 17,https://www.youtube.com/watch?v=ykEO0HzdgvM,00:27:47.763,00:27:56.502,"And from all signs that this message of worshiping God alone, people are receptive everywhere in the world, all over the world.",
38 Friday Sermon by dr Rashad Khalifa Purpose of Messengers the Advent of the Pure Quran 1989 03 17,https://www.youtube.com/watch?v=ykEO0HzdgvM,00:27:56.502,00:28:04.405,"There are so many people. I'm really surprised how receptive people are. And you can see the sincerity in their writings, their letters",
38 Friday Sermon by dr Rashad Khalifa Purpose of Messengers the Advent of the Pure Quran 1989 03 17,https://www.youtube.com/watch?v=ykEO0HzdgvM,00:28:04.405,00:28:17.489,"their telephone calls, in their behavior. I mean, I don’t think it ever happened before in history that in the lifetime of the messenger",
38 Friday Sermon by dr Rashad Khalifa Purpose of Messengers the Advent of the Pure Quran 1989 03 17,https://www.youtube.com/watch?v=ykEO0HzdgvM,00:28:17.489,00:28:25.478,"he delivered the message to this... this many people. Certainly, never. I mean, the message, this message, worshiping God alone",
38 Friday Sermon by dr Rashad Khalifa Purpose of Messengers the Advent of the Pure Quran 1989 03 17,https://www.youtube.com/watch?v=ykEO0HzdgvM,00:28:25.478,00:28:33.721,"upholding the Quran alone has been delivered to more people than the people that Noah, Abraham, Moses, Jesus and Zachariah",
38 Friday Sermon by dr Rashad Khalifa Purpose of Messengers the Advent of the Pure Quran 1989 03 17,https://www.youtube.com/watch?v=ykEO0HzdgvM,00:28:33.721,00:28:41.369,and John and all these people delivered in their lifetime combined multiplied many times over. I'm talking about just the delivery,
38 Friday Sermon by dr Rashad Khalifa Purpose of Messengers the Advent of the Pure Quran 1989 03 17,https://www.youtube.com/watch?v=ykEO0HzdgvM,00:28:41.369,00:28:49.527,of the message. But the people who believed are overwhelmingly even more. You know how many people were with Jesus when,
38 Friday Sermon by dr Rashad Khalifa Purpose of Messengers the Advent of the Pure Quran 1989 03 17,https://www.youtube.com/watch?v=ykEO0HzdgvM,00:28:49.527,00:28:54.627,he... when he finished... when he completed his message. He had a dozen of people... a dozen people.,
38 Friday Sermon by dr Rashad Khalifa Purpose of Messengers the Advent of the Pure Quran 1989 03 17,https://www.youtube.com/watch?v=ykEO0HzdgvM,00:28:54.627,00:29:02.105,"And you see in our conference, we have hundreds of people. ALHAMDULILLAH. And this last conference were 150 people",
38 Friday Sermon by dr Rashad Khalifa Purpose of Messengers the Advent of the Pure Quran 1989 03 17,https://www.youtube.com/watch?v=ykEO0HzdgvM,00:29:02.105,00:29:11.353,"approximately. And these are sincere believers. I mean, I screened them. There may be two or three exceptions there.",
38 Friday Sermon by dr Rashad Khalifa Purpose of Messengers the Advent of the Pure Quran 1989 03 17,https://www.youtube.com/watch?v=ykEO0HzdgvM,00:29:11.353,00:29:20.000,"But these are really people who believed in worshiping God alone, devoting their worship to God alone. They corrected their practices.",
38 Friday Sermon by dr Rashad Khalifa Purpose of Messengers the Advent of the Pure Quran 1989 03 17,https://www.youtube.com/watch?v=ykEO0HzdgvM,00:29:20.000,00:29:29.559,"And they uphold the Quran alone. So, this is really victory. And we should be thankful to God that...",
38 Friday Sermon by dr Rashad Khalifa Purpose of Messengers the Advent of the Pure Quran 1989 03 17,https://www.youtube.com/watch?v=ykEO0HzdgvM,00:29:29.559,00:29:39.400,that it is not any more popular than this. I don’t know how to put this but because we'll have... we will have no time to do anything else,
38 Friday Sermon by dr Rashad Khalifa Purpose of Messengers the Advent of the Pure Quran 1989 03 17,https://www.youtube.com/watch?v=ykEO0HzdgvM,00:29:39.400,00:29:47.590,"but as it is, we have time now to get the translation out, to get the principles out, to get the information out.",
38 Friday Sermon by dr Rashad Khalifa Purpose of Messengers the Advent of the Pure Quran 1989 03 17,https://www.youtube.com/watch?v=ykEO0HzdgvM,00:29:47.590,00:29:57.107,And we don’t need any secret service or crowds out in the street or anything like that.,
38 Friday Sermon by dr Rashad Khalifa Purpose of Messengers the Advent of the Pure Quran 1989 03 17,https://www.youtube.com/watch?v=ykEO0HzdgvM,00:29:58.339,00:30:03.527,I believe that every messenger's really for the future generations not for his generation.,
38 Friday Sermon by dr Rashad Khalifa Purpose of Messengers the Advent of the Pure Quran 1989 03 17,https://www.youtube.com/watch?v=ykEO0HzdgvM,00:30:04.971,00:30:14.017,But all these people who are... this is very pleasing to our hearts to see so many people now believing and worshiping God alone.,
38 Friday Sermon by dr Rashad Khalifa Purpose of Messengers the Advent of the Pure Quran 1989 03 17,https://www.youtube.com/watch?v=ykEO0HzdgvM,00:30:14.017,00:30:22.472,And this is the criterion that tells you that you are right. Because the Quran said that every party is happy and pleased,
38 Friday Sermon by dr Rashad Khalifa Purpose of Messengers the Advent of the Pure Quran 1989 03 17,https://www.youtube.com/watch?v=ykEO0HzdgvM,00:30:22.472,00:30:32.286,with what they. And we have to... to... to examine ourselves as to are we right or wrong? Are we fooling ourselves?,
38 Friday Sermon by dr Rashad Khalifa Purpose of Messengers the Advent of the Pure Quran 1989 03 17,https://www.youtube.com/watch?v=ykEO0HzdgvM,00:30:33.135,00:30:36.282,"So, your criterion is with your worshiping God alone, upholding the Quran alone.",
38 Friday Sermon by dr Rashad Khalifa Purpose of Messengers the Advent of the Pure Quran 1989 03 17,https://www.youtube.com/watch?v=ykEO0HzdgvM,00:30:36.282,00:30:37.178,AQEM AL-SALAT,
38 Friday Sermon by dr Rashad Khalifa Purpose of Messengers the Advent of the Pure Quran 1989 03 17,https://www.youtube.com/watch?v=ykEO0HzdgvM,00:30:37.475,00:30:39.178,ALLAH-O AKBAR. ALLAH-O AKBAR.,
