asset_path,referenced_from,reference_type
/assets/brand/apple-touch-icon.png,src/app/layout.tsx,source
/assets/brand/favicon-32.png,src/app/layout.tsx,source
/assets/brand/submission-archives-mark-192.png,src/app/layout.tsx,source
/assets/brand/submission-archives-mark.png,src/components/layout/Footer.tsx,source
/assets/brand/submission-archives-mark.png,src/components/layout/Header.tsx,source
/content/audios/messenger-audios/default.jpg,src/app/media/[...id]/Player.tsx,source
/content/audios/messenger-audios/default.jpg,src/app/search/SearchClient.tsx,source
/content/audios/messenger-audios/default.jpg,src/components/home/AudioArchiveSection.tsx,source
/content/audios/messenger-audios/default.jpg,src/components/home/SearchFunctionDemo.tsx,source
/content/audios/messenger-audios/default.jpg,src/components/media/MediaCard.tsx,source
/content/audios/messenger-audios/default.jpg,public/data/generated_indices/MASTER_INDEX.json,catalog
/content/audios/quran-studies/thumbnails/01-quran-study-from-azhar-1-sura-7219-28-and-sura-73-by-kathryn-jinns-05-26-1989.jpg,src/components/home/AudioArchiveSection.tsx,source
/content/audios/quran-studies/thumbnails/01-quran-study-from-azhar-1-sura-7219-28-and-sura-73-by-kathryn-jinns-05-26-1989.jpg,src/data/quran_study_thumbnails.json,source
/content/audios/quran-studies/thumbnails/01-quran-study-from-azhar-1-sura-7219-28-and-sura-73-by-kathryn-jinns-05-26-1989.jpg,public/data/generated_indices/MASTER_INDEX.json,catalog
/content/audios/quran-studies/thumbnails/02-quran-study-from-azhar-2-sura-95-and-sura-96-by-m-sabahi-two-verses-of-sura-9-dropped-out-to-demons.jpg,src/data/quran_study_thumbnails.json,source
/content/audios/quran-studies/thumbnails/02-quran-study-from-azhar-2-sura-95-and-sura-96-by-m-sabahi-two-verses-of-sura-9-dropped-out-to-demons.jpg,public/data/generated_indices/MASTER_INDEX.json,catalog
/content/audios/quran-studies/thumbnails/03-quran-study-from-azhar-3-sura-1079-92-and-sura-23-by-rashads-khutba-01-19-1990-sura-3110-117-by.jpg,src/data/quran_study_thumbnails.json,source
/content/audios/quran-studies/thumbnails/03-quran-study-from-azhar-3-sura-1079-92-and-sura-23-by-rashads-khutba-01-19-1990-sura-3110-117-by.jpg,public/data/generated_indices/MASTER_INDEX.json,catalog
/content/audios/quran-studies/thumbnails/04-quran-study-from-azhar-4-sura-37-by-rashad-shakira-present-astroid-01-21-1990-sura-3118-129-by-s.jpg,src/data/quran_study_thumbnails.json,source
/content/audios/quran-studies/thumbnails/04-quran-study-from-azhar-4-sura-37-by-rashad-shakira-present-astroid-01-21-1990-sura-3118-129-by-s.jpg,public/data/generated_indices/MASTER_INDEX.json,catalog
/content/audios/quran-studies/thumbnails/05-quran-study-from-azhar-5-sura-5675-and-sura-57-by-lisa-02-17-1989.jpg,src/data/quran_study_thumbnails.json,source
/content/audios/quran-studies/thumbnails/05-quran-study-from-azhar-5-sura-5675-and-sura-57-by-lisa-02-17-1989.jpg,public/data/generated_indices/MASTER_INDEX.json,catalog
/content/audios/quran-studies/thumbnails/06-quran-study-from-azhar-6-sura-59-by-donna-pra-invisible-giants-hypocrites-03-10-1989.jpg,src/data/quran_study_thumbnails.json,source
/content/audios/quran-studies/thumbnails/06-quran-study-from-azhar-6-sura-59-by-donna-pra-invisible-giants-hypocrites-03-10-1989.jpg,public/data/generated_indices/MASTER_INDEX.json,catalog
/content/audios/quran-studies/thumbnails/07-quran-study-from-azhar-7-sura-62-and-sura-63-by-kathryn-gods-religion-will-dominate-in-20-to-50-yr.jpg,src/components/home/AudioArchiveSection.tsx,source
/content/audios/quran-studies/thumbnails/07-quran-study-from-azhar-7-sura-62-and-sura-63-by-kathryn-gods-religion-will-dominate-in-20-to-50-yr.jpg,src/data/quran_study_thumbnails.json,source
/content/audios/quran-studies/thumbnails/07-quran-study-from-azhar-7-sura-62-and-sura-63-by-kathryn-gods-religion-will-dominate-in-20-to-50-yr.jpg,public/data/generated_indices/MASTER_INDEX.json,catalog
/content/audios/quran-studies/thumbnails/08-quran-study-from-azhar-8-sura-65-and-sura-66-by-lori-encourage-children-to-do-salat-hamid-argues-04.jpg,src/data/quran_study_thumbnails.json,source
/content/audios/quran-studies/thumbnails/08-quran-study-from-azhar-8-sura-65-and-sura-66-by-lori-encourage-children-to-do-salat-hamid-argues-04.jpg,public/data/generated_indices/MASTER_INDEX.json,catalog
/content/audios/quran-studies/thumbnails/09-quran-study-from-azhar-9-sura-70-by-edip-chastity-worry-edip-wanted-rashad-to-change-rich-believe.jpg,src/data/quran_study_thumbnails.json,source
/content/audios/quran-studies/thumbnails/09-quran-study-from-azhar-9-sura-70-by-edip-chastity-worry-edip-wanted-rashad-to-change-rich-believe.jpg,public/data/generated_indices/MASTER_INDEX.json,catalog
/content/audios/quran-studies/thumbnails/10-quran-study-from-azhar-10-sura-71-and-sura-72-by-afameh-chastity-jinns-05-19-1989.jpg,src/data/quran_study_thumbnails.json,source
/content/audios/quran-studies/thumbnails/10-quran-study-from-azhar-10-sura-71-and-sura-72-by-afameh-chastity-jinns-05-19-1989.jpg,public/data/generated_indices/MASTER_INDEX.json,catalog
/content/audios/quran-studies/thumbnails/11-quran-study-from-behrouz-111-sura-2360-88-and-sura-16-01-18-199001-23-1990-morning-before-01-31-19.jpg,src/data/quran_study_thumbnails.json,source
/content/audios/quran-studies/thumbnails/11-quran-study-from-behrouz-111-sura-2360-88-and-sura-16-01-18-199001-23-1990-morning-before-01-31-19.jpg,public/data/generated_indices/MASTER_INDEX.json,catalog
/content/audios/quran-studies/thumbnails/12-quran-study-from-behrouz-212-behrouzs-khutba-edip-yuksels-exposure-01-25-1990.jpg,src/data/quran_study_thumbnails.json,source
/content/audios/quran-studies/thumbnails/12-quran-study-from-behrouz-212-behrouzs-khutba-edip-yuksels-exposure-01-25-1990.jpg,public/data/generated_indices/MASTER_INDEX.json,catalog
/content/audios/quran-studies/thumbnails/13-quran-study-from-behrouz-313-sura-712-by-rashad-adam-and-eves-body-12-24-1989.jpg,src/data/quran_study_thumbnails.json,source
/content/audios/quran-studies/thumbnails/13-quran-study-from-behrouz-313-sura-712-by-rashad-adam-and-eves-body-12-24-1989.jpg,public/data/generated_indices/MASTER_INDEX.json,catalog
/content/audios/quran-studies/thumbnails/14-quran-study-from-behrouz-414-night-of-destiny-zikr-by-rashad.jpg,src/data/quran_study_thumbnails.json,source
/content/audios/quran-studies/thumbnails/14-quran-study-from-behrouz-414-night-of-destiny-zikr-by-rashad.jpg,public/data/generated_indices/MASTER_INDEX.json,catalog
/content/audios/quran-studies/thumbnails/15-quran-study-from-behrouz-515-sura-5423-by-rashad-sura-55-and-sura-56-and-sura-51-age-40-and-first-gen.jpg,src/data/quran_study_thumbnails.json,source
/content/audios/quran-studies/thumbnails/15-quran-study-from-behrouz-515-sura-5423-by-rashad-sura-55-and-sura-56-and-sura-51-age-40-and-first-gen.jpg,public/data/generated_indices/MASTER_INDEX.json,catalog
/content/audios/quran-studies/thumbnails/16-quran-study-from-behrouz-616-sura-64-by-rashad-nothing-happens-except-sura-70-by-edip-worry-chast.jpg,src/data/quran_study_thumbnails.json,source
/content/audios/quran-studies/thumbnails/16-quran-study-from-behrouz-616-sura-64-by-rashad-nothing-happens-except-sura-70-by-edip-worry-chast.jpg,public/data/generated_indices/MASTER_INDEX.json,catalog
/content/audios/quran-studies/thumbnails/17-quran-study-from-behrouz-717-sura-90-and-sura-91-by-rashad-sura-82-and-sura-83-by-edip-07-21-1989no-7.jpg,src/data/quran_study_thumbnails.json,source
/content/audios/quran-studies/thumbnails/17-quran-study-from-behrouz-717-sura-90-and-sura-91-by-rashad-sura-82-and-sura-83-by-edip-07-21-1989no-7.jpg,public/data/generated_indices/MASTER_INDEX.json,catalog
/content/audios/quran-studies/thumbnails/18-quran-study-from-behrouz-818-sura-61-and-sura-87-and-sura-94-by-rashad-sura-81-by-edip-no-8.jpg,src/data/quran_study_thumbnails.json,source
/content/audios/quran-studies/thumbnails/18-quran-study-from-behrouz-818-sura-61-and-sura-87-and-sura-94-by-rashad-sura-81-by-edip-no-8.jpg,public/data/generated_indices/MASTER_INDEX.json,catalog
/content/audios/quran-studies/thumbnails/19-quran-study-from-behrouz-919-sura-289-119-witchcraft-reverting-intro-to-blue-quran-no-13.jpg,src/data/quran_study_thumbnails.json,source
/content/audios/quran-studies/thumbnails/19-quran-study-from-behrouz-919-sura-289-119-witchcraft-reverting-intro-to-blue-quran-no-13.jpg,public/data/generated_indices/MASTER_INDEX.json,catalog
/content/audios/quran-studies/thumbnails/20-quran-study-from-behrouz-1020-sura-3-by-m-sabahi-insurance-fear-worry.jpg,src/data/quran_study_thumbnails.json,source
/content/audios/quran-studies/thumbnails/20-quran-study-from-behrouz-1020-sura-3-by-m-sabahi-insurance-fear-worry.jpg,public/data/generated_indices/MASTER_INDEX.json,catalog
/content/audios/quran-studies/thumbnails/21-quran-study-from-behrouz-1121-sura-952-by-rashad-the-hypocrites-apology-to-parivash-sura-5675-b.jpg,src/data/quran_study_thumbnails.json,source
/content/audios/quran-studies/thumbnails/21-quran-study-from-behrouz-1121-sura-952-by-rashad-the-hypocrites-apology-to-parivash-sura-5675-b.jpg,public/data/generated_indices/MASTER_INDEX.json,catalog
/content/audios/quran-studies/thumbnails/22-quran-study-from-behrouz-1222-sura-3911-by-rashad-admission-test-i-dont-compromise-with-a-littl.jpg,src/data/quran_study_thumbnails.json,source
/content/audios/quran-studies/thumbnails/22-quran-study-from-behrouz-1222-sura-3911-by-rashad-admission-test-i-dont-compromise-with-a-littl.jpg,public/data/generated_indices/MASTER_INDEX.json,catalog
/content/audios/quran-studies/thumbnails/23-quran-study-from-behrouz-1323-sura-51-by-douglas-new-era-believers-are-protected-from-accidents-and.jpg,src/data/quran_study_thumbnails.json,source
/content/audios/quran-studies/thumbnails/23-quran-study-from-behrouz-1323-sura-51-by-douglas-new-era-believers-are-protected-from-accidents-and.jpg,public/data/generated_indices/MASTER_INDEX.json,catalog
/content/audios/quran-studies/thumbnails/24-quran-study-from-behrouz-1424-sura-55-by-lori-alfatehe-sura-56-by-naghmeh.jpg,src/data/quran_study_thumbnails.json,source
/content/audios/quran-studies/thumbnails/24-quran-study-from-behrouz-1424-sura-55-by-lori-alfatehe-sura-56-by-naghmeh.jpg,public/data/generated_indices/MASTER_INDEX.json,catalog
/content/audios/quran-studies/thumbnails/25-quran-study-from-behrouz-1525-sura-58-by-robert.jpg,src/data/quran_study_thumbnails.json,source
/content/audios/quran-studies/thumbnails/25-quran-study-from-behrouz-1525-sura-58-by-robert.jpg,public/data/generated_indices/MASTER_INDEX.json,catalog
/content/audios/quran-studies/thumbnails/26-quran-study-from-behrouz-1626-sura-67-by-gatut-hamid-argues-with-rashad.jpg,src/data/quran_study_thumbnails.json,source
/content/audios/quran-studies/thumbnails/26-quran-study-from-behrouz-1626-sura-67-by-gatut-hamid-argues-with-rashad.jpg,public/data/generated_indices/MASTER_INDEX.json,catalog
/content/audios/quran-studies/thumbnails/27-quran-study-from-behrouz-1727-sura-1419-chastity-premarital-pregnancy-sura-1747-we-are-allowed.jpg,src/data/quran_study_thumbnails.json,source
/content/audios/quran-studies/thumbnails/27-quran-study-from-behrouz-1727-sura-1419-chastity-premarital-pregnancy-sura-1747-we-are-allowed.jpg,public/data/generated_indices/MASTER_INDEX.json,catalog
/content/audios/quran-studies/thumbnails/28-quran-study-from-parivash-128-sura-4533-parivashs-home-19-math.jpg,src/data/quran_study_thumbnails.json,source
/content/audios/quran-studies/thumbnails/28-quran-study-from-parivash-128-sura-4533-parivashs-home-19-math.jpg,public/data/generated_indices/MASTER_INDEX.json,catalog
/content/audios/quran-studies/thumbnails/29-quran-study-from-parivash-229-mehris-questions-admission-test-and-final-test-tucson-1985.jpg,src/data/quran_study_thumbnails.json,source
/content/audios/quran-studies/thumbnails/29-quran-study-from-parivash-229-mehris-questions-admission-test-and-final-test-tucson-1985.jpg,public/data/generated_indices/MASTER_INDEX.json,catalog
/content/audios/quran-studies/thumbnails/30-quran-study-from-parivash-330-sura-28-and-sura-57-insurance-with-god-sura-4533-rashad-was-told-to.jpg,src/data/quran_study_thumbnails.json,source
/content/audios/quran-studies/thumbnails/30-quran-study-from-parivash-330-sura-28-and-sura-57-insurance-with-god-sura-4533-rashad-was-told-to.jpg,public/data/generated_indices/MASTER_INDEX.json,catalog
/content/audios/quran-studies/thumbnails/31-quran-study-from-parivash-431-sura-1898-and-sura-81-edip-azan-and-salat-by-rashad-11-04-1989.jpg,src/data/quran_study_thumbnails.json,source
/content/audios/quran-studies/thumbnails/31-quran-study-from-parivash-431-sura-1898-and-sura-81-edip-azan-and-salat-by-rashad-11-04-1989.jpg,public/data/generated_indices/MASTER_INDEX.json,catalog
/content/audios/quran-studies/thumbnails/32-quran-study-from-parivash-532-sura-60-and-sura-61-rich-believer-certainty-insurance-114-min-12-28-8.jpg,src/data/quran_study_thumbnails.json,source
/content/audios/quran-studies/thumbnails/32-quran-study-from-parivash-532-sura-60-and-sura-61-rich-believer-certainty-insurance-114-min-12-28-8.jpg,public/data/generated_indices/MASTER_INDEX.json,catalog
/content/audios/quran-studies/thumbnails/33-quran-study-from-parivash-633-sura-74-masud-sabahi-06-02-1989.jpg,src/data/quran_study_thumbnails.json,source
/content/audios/quran-studies/thumbnails/33-quran-study-from-parivash-633-sura-74-masud-sabahi-06-02-1989.jpg,public/data/generated_indices/MASTER_INDEX.json,catalog
/content/audios/quran-studies/thumbnails/34-quran-study-from-parivash-734-sura-33-god-is-physical-innovations-praying-and-prostrating-after-sal.jpg,src/data/quran_study_thumbnails.json,source
/content/audios/quran-studies/thumbnails/34-quran-study-from-parivash-734-sura-33-god-is-physical-innovations-praying-and-prostrating-after-sal.jpg,public/data/generated_indices/MASTER_INDEX.json,catalog
/content/audios/quran-studies/thumbnails/35-quran-study-from-parivash-835-sura-3025-miracle-coming-out-of-biggest-brewery-intercession-alleg.jpg,src/data/quran_study_thumbnails.json,source
/content/audios/quran-studies/thumbnails/35-quran-study-from-parivash-835-sura-3025-miracle-coming-out-of-biggest-brewery-intercession-alleg.jpg,public/data/generated_indices/MASTER_INDEX.json,catalog
/content/audios/quran-studies/thumbnails/36-quran-study-from-parivash-936-after-fajr-prayer-i-make-deliberate-mistakes-to-destroy-idols-origi.jpg,src/data/quran_study_thumbnails.json,source
/content/audios/quran-studies/thumbnails/36-quran-study-from-parivash-936-after-fajr-prayer-i-make-deliberate-mistakes-to-destroy-idols-origi.jpg,public/data/generated_indices/MASTER_INDEX.json,catalog
/content/audios/quran-studies/thumbnails/37-quran-study-from-parivash-1037-shakiras-home-sura-1168-11-04-1989.jpg,src/data/quran_study_thumbnails.json,source
/content/audios/quran-studies/thumbnails/37-quran-study-from-parivash-1037-shakiras-home-sura-1168-11-04-1989.jpg,public/data/generated_indices/MASTER_INDEX.json,catalog
/content/audios/quran-studies/thumbnails/38-quran-study-from-parivash-1138-certainty-11-29-1989.jpg,src/data/quran_study_thumbnails.json,source
/content/audios/quran-studies/thumbnails/38-quran-study-from-parivash-1138-certainty-11-29-1989.jpg,public/data/generated_indices/MASTER_INDEX.json,catalog
/content/audios/quran-studies/thumbnails/39-quran-study-from-parivash-1239-sura-60-and-sura-61-rich-believer-certainty-insurance-114-min-12-28.jpg,src/data/quran_study_thumbnails.json,source
/content/audios/quran-studies/thumbnails/39-quran-study-from-parivash-1239-sura-60-and-sura-61-rich-believer-certainty-insurance-114-min-12-28.jpg,public/data/generated_indices/MASTER_INDEX.json,catalog
/content/audios/quran-studies/thumbnails/40-quran-study-from-parivash-1340-sura-359-12-29-1989.jpg,src/data/quran_study_thumbnails.json,source
/content/audios/quran-studies/thumbnails/40-quran-study-from-parivash-1340-sura-359-12-29-1989.jpg,public/data/generated_indices/MASTER_INDEX.json,catalog
/content/audios/quran-studies/thumbnails/41-quran-study-from-parivash-1441-sura-54-by-rashad-alfateha-for-anything-you-wish-extreme-libertari.jpg,src/data/quran_study_thumbnails.json,source
/content/audios/quran-studies/thumbnails/41-quran-study-from-parivash-1441-sura-54-by-rashad-alfateha-for-anything-you-wish-extreme-libertari.jpg,public/data/generated_indices/MASTER_INDEX.json,catalog
/content/audios/quran-studies/thumbnails/42-quran-study-from-roxana-142-interview-with-rashad-by-ray-caton-insurance-interest.jpg,src/data/quran_study_thumbnails.json,source
/content/audios/quran-studies/thumbnails/42-quran-study-from-roxana-142-interview-with-rashad-by-ray-caton-insurance-interest.jpg,public/data/generated_indices/MASTER_INDEX.json,catalog
/content/audios/quran-studies/thumbnails/43-quran-study-from-roxana-243-third-international-conference-tucson-rashads-speech-sura-1739-insu.jpg,src/data/quran_study_thumbnails.json,source
/content/audios/quran-studies/thumbnails/43-quran-study-from-roxana-243-third-international-conference-tucson-rashads-speech-sura-1739-insu.jpg,public/data/generated_indices/MASTER_INDEX.json,catalog
/content/audios/quran-studies/thumbnails/44-quran-study-from-roxana-344-sura-64-by-rashad-nothing-happens-angels-are-best-surgons-sura-59-by.jpg,src/data/quran_study_thumbnails.json,source
/content/audios/quran-studies/thumbnails/44-quran-study-from-roxana-344-sura-64-by-rashad-nothing-happens-angels-are-best-surgons-sura-59-by.jpg,public/data/generated_indices/MASTER_INDEX.json,catalog
/content/audios/quran-studies/thumbnails/45-quran-study-from-roxana-445-sura-40-by-rashad-firozs-home-deja-vu-believers-usually-95-yrs-old-f.jpg,src/data/quran_study_thumbnails.json,source
/content/audios/quran-studies/thumbnails/45-quran-study-from-roxana-445-sura-40-by-rashad-firozs-home-deja-vu-believers-usually-95-yrs-old-f.jpg,public/data/generated_indices/MASTER_INDEX.json,catalog
/content/audios/quran-studies/thumbnails/46-quran-study-from-roxana-546-sura-37159-to-3825-sura-950-and-sura-3911-admission-test-i-dont-co.jpg,src/data/quran_study_thumbnails.json,source
/content/audios/quran-studies/thumbnails/46-quran-study-from-roxana-546-sura-37159-to-3825-sura-950-and-sura-3911-admission-test-i-dont-co.jpg,public/data/generated_indices/MASTER_INDEX.json,catalog
/content/audios/quran-studies/thumbnails/47-quran-study-from-roxana-647-introduction-to-blue-quran-sura-1-and-beginning-of-sura-2.jpg,src/data/quran_study_thumbnails.json,source
/content/audios/quran-studies/thumbnails/47-quran-study-from-roxana-647-introduction-to-blue-quran-sura-1-and-beginning-of-sura-2.jpg,public/data/generated_indices/MASTER_INDEX.json,catalog
/content/audios/quran-studies/thumbnails/48-quran-study-48-rashads-speech-parivashs-home-salat-zakat-fazeli-a-muhamaden-argues-01-11-1989.jpg,src/data/quran_study_thumbnails.json,source
/content/audios/quran-studies/thumbnails/48-quran-study-48-rashads-speech-parivashs-home-salat-zakat-fazeli-a-muhamaden-argues-01-11-1989.jpg,public/data/generated_indices/MASTER_INDEX.json,catalog
/content/audios/quran-studies/thumbnails/49-quran-study-49-speech-of-rashad-parivashs-home-19-math-11-05-1989.jpg,src/data/quran_study_thumbnails.json,source
/content/audios/quran-studies/thumbnails/49-quran-study-49-speech-of-rashad-parivashs-home-19-math-11-05-1989.jpg,public/data/generated_indices/MASTER_INDEX.json,catalog
/content/audios/quran-studies/thumbnails/50-quran-study-50-sura-92-and-sura-93-and-sura-94-by-kathryn-zakat-not-limited-to-earned-money-07-27-198.jpg,src/data/quran_study_thumbnails.json,source
/content/audios/quran-studies/thumbnails/50-quran-study-50-sura-92-and-sura-93-and-sura-94-by-kathryn-zakat-not-limited-to-earned-money-07-27-198.jpg,public/data/generated_indices/MASTER_INDEX.json,catalog
/content/audios/quran-studies/thumbnails/51-quran-study-51-sura-1759-rashad-1990.jpg,src/data/quran_study_thumbnails.json,source
/content/audios/quran-studies/thumbnails/51-quran-study-51-sura-1759-rashad-1990.jpg,public/data/generated_indices/MASTER_INDEX.json,catalog
/content/audios/quran-studies/thumbnails/52-quran-study-5889-by-linda-sura-1-and-2-partial.png,src/data/quran_study_thumbnails.json,source
/content/audios/quran-studies/thumbnails/52-quran-study-5889-by-linda-sura-1-and-2-partial.png,public/data/generated_indices/MASTER_INDEX.json,catalog
/content/quran/organized_appendices/1981/thumbnails/appendix-1.jpg,public/data/generated_indices/MASTER_INDEX.json,catalog
/content/quran/organized_appendices/1981/thumbnails/appendix-10.jpg,public/data/generated_indices/MASTER_INDEX.json,catalog
/content/quran/organized_appendices/1981/thumbnails/appendix-11.jpg,public/data/generated_indices/MASTER_INDEX.json,catalog
/content/quran/organized_appendices/1981/thumbnails/appendix-12.jpg,public/data/generated_indices/MASTER_INDEX.json,catalog
/content/quran/organized_appendices/1981/thumbnails/appendix-13.jpg,public/data/generated_indices/MASTER_INDEX.json,catalog
/content/quran/organized_appendices/1981/thumbnails/appendix-14.jpg,public/data/generated_indices/MASTER_INDEX.json,catalog
/content/quran/organized_appendices/1981/thumbnails/appendix-15.jpg,public/data/generated_indices/MASTER_INDEX.json,catalog
/content/quran/organized_appendices/1981/thumbnails/appendix-16.jpg,public/data/generated_indices/MASTER_INDEX.json,catalog
/content/quran/organized_appendices/1981/thumbnails/appendix-17.jpg,public/data/generated_indices/MASTER_INDEX.json,catalog
/content/quran/organized_appendices/1981/thumbnails/appendix-18.jpg,public/data/generated_indices/MASTER_INDEX.json,catalog
/content/quran/organized_appendices/1981/thumbnails/appendix-19.jpg,public/data/generated_indices/MASTER_INDEX.json,catalog
/content/quran/organized_appendices/1981/thumbnails/appendix-2.jpg,public/data/generated_indices/MASTER_INDEX.json,catalog
/content/quran/organized_appendices/1981/thumbnails/appendix-3.jpg,public/data/generated_indices/MASTER_INDEX.json,catalog
/content/quran/organized_appendices/1981/thumbnails/appendix-4.jpg,public/data/generated_indices/MASTER_INDEX.json,catalog
/content/quran/organized_appendices/1981/thumbnails/appendix-5.jpg,public/data/generated_indices/MASTER_INDEX.json,catalog
/content/quran/organized_appendices/1981/thumbnails/appendix-6.jpg,public/data/generated_indices/MASTER_INDEX.json,catalog
/content/quran/organized_appendices/1981/thumbnails/appendix-7.jpg,public/data/generated_indices/MASTER_INDEX.json,catalog
/content/quran/organized_appendices/1981/thumbnails/appendix-8.jpg,public/data/generated_indices/MASTER_INDEX.json,catalog
/content/quran/organized_appendices/1981/thumbnails/appendix-9.jpg,public/data/generated_indices/MASTER_INDEX.json,catalog
/content/quran/organized_appendices/1981/thumbnails/introduction.jpg,public/data/generated_indices/MASTER_INDEX.json,catalog
/content/quran/organized_appendices/1989/thumbnails/appendix-1.jpg,public/data/generated_indices/MASTER_INDEX.json,catalog
/content/quran/organized_appendices/1989/thumbnails/appendix-10.jpg,public/data/generated_indices/MASTER_INDEX.json,catalog
/content/quran/organized_appendices/1989/thumbnails/appendix-11.jpg,public/data/generated_indices/MASTER_INDEX.json,catalog
/content/quran/organized_appendices/1989/thumbnails/appendix-12.jpg,public/data/generated_indices/MASTER_INDEX.json,catalog
/content/quran/organized_appendices/1989/thumbnails/appendix-13.jpg,public/data/generated_indices/MASTER_INDEX.json,catalog
/content/quran/organized_appendices/1989/thumbnails/appendix-14.jpg,public/data/generated_indices/MASTER_INDEX.json,catalog
/content/quran/organized_appendices/1989/thumbnails/appendix-15.jpg,public/data/generated_indices/MASTER_INDEX.json,catalog
/content/quran/organized_appendices/1989/thumbnails/appendix-16.jpg,public/data/generated_indices/MASTER_INDEX.json,catalog
/content/quran/organized_appendices/1989/thumbnails/appendix-17.jpg,public/data/generated_indices/MASTER_INDEX.json,catalog
/content/quran/organized_appendices/1989/thumbnails/appendix-18.jpg,public/data/generated_indices/MASTER_INDEX.json,catalog
/content/quran/organized_appendices/1989/thumbnails/appendix-19.jpg,public/data/generated_indices/MASTER_INDEX.json,catalog
/content/quran/organized_appendices/1989/thumbnails/appendix-2.jpg,public/data/generated_indices/MASTER_INDEX.json,catalog
/content/quran/organized_appendices/1989/thumbnails/appendix-20.jpg,public/data/generated_indices/MASTER_INDEX.json,catalog
/content/quran/organized_appendices/1989/thumbnails/appendix-21.jpg,public/data/generated_indices/MASTER_INDEX.json,catalog
/content/quran/organized_appendices/1989/thumbnails/appendix-22.jpg,public/data/generated_indices/MASTER_INDEX.json,catalog
/content/quran/organized_appendices/1989/thumbnails/appendix-23.jpg,public/data/generated_indices/MASTER_INDEX.json,catalog
/content/quran/organized_appendices/1989/thumbnails/appendix-24.jpg,public/data/generated_indices/MASTER_INDEX.json,catalog
/content/quran/organized_appendices/1989/thumbnails/appendix-25.jpg,public/data/generated_indices/MASTER_INDEX.json,catalog
/content/quran/organized_appendices/1989/thumbnails/appendix-26.jpg,public/data/generated_indices/MASTER_INDEX.json,catalog
/content/quran/organized_appendices/1989/thumbnails/appendix-27.jpg,public/data/generated_indices/MASTER_INDEX.json,catalog
/content/quran/organized_appendices/1989/thumbnails/appendix-28.jpg,public/data/generated_indices/MASTER_INDEX.json,catalog
/content/quran/organized_appendices/1989/thumbnails/appendix-29.jpg,public/data/generated_indices/MASTER_INDEX.json,catalog
/content/quran/organized_appendices/1989/thumbnails/appendix-3.jpg,public/data/generated_indices/MASTER_INDEX.json,catalog
/content/quran/organized_appendices/1989/thumbnails/appendix-30.jpg,public/data/generated_indices/MASTER_INDEX.json,catalog
/content/quran/organized_appendices/1989/thumbnails/appendix-31.jpg,public/data/generated_indices/MASTER_INDEX.json,catalog
/content/quran/organized_appendices/1989/thumbnails/appendix-32.jpg,public/data/generated_indices/MASTER_INDEX.json,catalog
/content/quran/organized_appendices/1989/thumbnails/appendix-33.jpg,public/data/generated_indices/MASTER_INDEX.json,catalog
/content/quran/organized_appendices/1989/thumbnails/appendix-34.jpg,public/data/generated_indices/MASTER_INDEX.json,catalog
/content/quran/organized_appendices/1989/thumbnails/appendix-35.jpg,public/data/generated_indices/MASTER_INDEX.json,catalog
/content/quran/organized_appendices/1989/thumbnails/appendix-36.jpg,public/data/generated_indices/MASTER_INDEX.json,catalog
/content/quran/organized_appendices/1989/thumbnails/appendix-37.jpg,public/data/generated_indices/MASTER_INDEX.json,catalog
/content/quran/organized_appendices/1989/thumbnails/appendix-38.jpg,public/data/generated_indices/MASTER_INDEX.json,catalog
/content/quran/organized_appendices/1989/thumbnails/appendix-4.jpg,public/data/generated_indices/MASTER_INDEX.json,catalog
/content/quran/organized_appendices/1989/thumbnails/appendix-5.jpg,public/data/generated_indices/MASTER_INDEX.json,catalog
/content/quran/organized_appendices/1989/thumbnails/appendix-6.jpg,public/data/generated_indices/MASTER_INDEX.json,catalog
/content/quran/organized_appendices/1989/thumbnails/appendix-7.jpg,public/data/generated_indices/MASTER_INDEX.json,catalog
/content/quran/organized_appendices/1989/thumbnails/appendix-8.jpg,public/data/generated_indices/MASTER_INDEX.json,catalog
/content/quran/organized_appendices/1989/thumbnails/appendix-9.jpg,public/data/generated_indices/MASTER_INDEX.json,catalog
/content/quran/organized_appendices/1992/thumbnails/appendix-1.jpg,public/data/generated_indices/MASTER_INDEX.json,catalog
/content/quran/organized_appendices/1992/thumbnails/appendix-10.jpg,public/data/generated_indices/MASTER_INDEX.json,catalog
/content/quran/organized_appendices/1992/thumbnails/appendix-11.jpg,public/data/generated_indices/MASTER_INDEX.json,catalog
/content/quran/organized_appendices/1992/thumbnails/appendix-12.jpg,public/data/generated_indices/MASTER_INDEX.json,catalog
/content/quran/organized_appendices/1992/thumbnails/appendix-13.jpg,public/data/generated_indices/MASTER_INDEX.json,catalog
/content/quran/organized_appendices/1992/thumbnails/appendix-14.jpg,public/data/generated_indices/MASTER_INDEX.json,catalog
/content/quran/organized_appendices/1992/thumbnails/appendix-15.jpg,public/data/generated_indices/MASTER_INDEX.json,catalog
/content/quran/organized_appendices/1992/thumbnails/appendix-16.jpg,public/data/generated_indices/MASTER_INDEX.json,catalog
/content/quran/organized_appendices/1992/thumbnails/appendix-17.jpg,public/data/generated_indices/MASTER_INDEX.json,catalog
/content/quran/organized_appendices/1992/thumbnails/appendix-18.jpg,public/data/generated_indices/MASTER_INDEX.json,catalog
/content/quran/organized_appendices/1992/thumbnails/appendix-19.jpg,public/data/generated_indices/MASTER_INDEX.json,catalog
/content/quran/organized_appendices/1992/thumbnails/appendix-2.jpg,public/data/generated_indices/MASTER_INDEX.json,catalog
/content/quran/organized_appendices/1992/thumbnails/appendix-20.jpg,public/data/generated_indices/MASTER_INDEX.json,catalog
/content/quran/organized_appendices/1992/thumbnails/appendix-21.jpg,public/data/generated_indices/MASTER_INDEX.json,catalog
/content/quran/organized_appendices/1992/thumbnails/appendix-22.jpg,public/data/generated_indices/MASTER_INDEX.json,catalog
/content/quran/organized_appendices/1992/thumbnails/appendix-23.jpg,public/data/generated_indices/MASTER_INDEX.json,catalog
/content/quran/organized_appendices/1992/thumbnails/appendix-24.jpg,public/data/generated_indices/MASTER_INDEX.json,catalog
/content/quran/organized_appendices/1992/thumbnails/appendix-25.jpg,public/data/generated_indices/MASTER_INDEX.json,catalog
/content/quran/organized_appendices/1992/thumbnails/appendix-26.jpg,public/data/generated_indices/MASTER_INDEX.json,catalog
/content/quran/organized_appendices/1992/thumbnails/appendix-27.jpg,public/data/generated_indices/MASTER_INDEX.json,catalog
/content/quran/organized_appendices/1992/thumbnails/appendix-28.jpg,public/data/generated_indices/MASTER_INDEX.json,catalog
/content/quran/organized_appendices/1992/thumbnails/appendix-29.jpg,public/data/generated_indices/MASTER_INDEX.json,catalog
/content/quran/organized_appendices/1992/thumbnails/appendix-3.jpg,public/data/generated_indices/MASTER_INDEX.json,catalog
/content/quran/organized_appendices/1992/thumbnails/appendix-30.jpg,public/data/generated_indices/MASTER_INDEX.json,catalog
/content/quran/organized_appendices/1992/thumbnails/appendix-31.jpg,public/data/generated_indices/MASTER_INDEX.json,catalog
/content/quran/organized_appendices/1992/thumbnails/appendix-32.jpg,public/data/generated_indices/MASTER_INDEX.json,catalog
/content/quran/organized_appendices/1992/thumbnails/appendix-33.jpg,public/data/generated_indices/MASTER_INDEX.json,catalog
/content/quran/organized_appendices/1992/thumbnails/appendix-34.jpg,public/data/generated_indices/MASTER_INDEX.json,catalog
/content/quran/organized_appendices/1992/thumbnails/appendix-35.jpg,public/data/generated_indices/MASTER_INDEX.json,catalog
/content/quran/organized_appendices/1992/thumbnails/appendix-36.jpg,public/data/generated_indices/MASTER_INDEX.json,catalog
/content/quran/organized_appendices/1992/thumbnails/appendix-37.jpg,public/data/generated_indices/MASTER_INDEX.json,catalog
/content/quran/organized_appendices/1992/thumbnails/appendix-38.jpg,public/data/generated_indices/MASTER_INDEX.json,catalog
/content/quran/organized_appendices/1992/thumbnails/appendix-4.jpg,public/data/generated_indices/MASTER_INDEX.json,catalog
/content/quran/organized_appendices/1992/thumbnails/appendix-5.jpg,public/data/generated_indices/MASTER_INDEX.json,catalog
/content/quran/organized_appendices/1992/thumbnails/appendix-6.jpg,public/data/generated_indices/MASTER_INDEX.json,catalog
/content/quran/organized_appendices/1992/thumbnails/appendix-7.jpg,public/data/generated_indices/MASTER_INDEX.json,catalog
/content/quran/organized_appendices/1992/thumbnails/appendix-8.jpg,public/data/generated_indices/MASTER_INDEX.json,catalog
/content/quran/organized_appendices/1992/thumbnails/appendix-9.jpg,public/data/generated_indices/MASTER_INDEX.json,catalog
/content/quran/organized_appendices/1992/thumbnails/introduction.jpg,public/data/generated_indices/MASTER_INDEX.json,catalog
/content/quran/organized_appendices/1992/thumbnails/proclamation.jpg,public/data/generated_indices/MASTER_INDEX.json,catalog
/content/videos/thumbnails/arabic-language-lessons-by-dr-rashad-khalifa.jpg,public/data/generated_indices/MASTER_INDEX.json,catalog
/content/videos/thumbnails/city-council-al-fatiha-recitation-by-dr-rashad-khalifa.jpg,public/data/generated_indices/MASTER_INDEX.json,catalog
/content/videos/thumbnails/debate-dr-rashad-khalifa-ph-d-vs-sunni-scholars-1987.jpg,public/data/generated_indices/MASTER_INDEX.json,catalog
/content/videos/thumbnails/essentials-of-submission-islam.jpg,src/components/home/VideoArchiveSection.tsx,source
/content/videos/thumbnails/essentials-of-submission-islam.jpg,public/data/generated_indices/MASTER_INDEX.json,catalog
/content/videos/thumbnails/evolution-or-creation-the-final-argument-by-dr-rashad-khalifa.jpg,public/data/generated_indices/MASTER_INDEX.json,catalog
/content/videos/thumbnails/excerpts-from-a-radio-debate-with-dr-rashad-khalifa.jpg,public/data/generated_indices/MASTER_INDEX.json,catalog
/content/videos/thumbnails/friday-sermon-classification-of-creatures-loving-god-hell-is-not-enough-12091988.webp,public/data/generated_indices/MASTER_INDEX.json,catalog
/content/videos/thumbnails/friday-sermon-evidence-is-increasing-this-life-is-a-school-for-the-eternal-life-111987.webp,public/data/generated_indices/MASTER_INDEX.json,catalog
/content/videos/thumbnails/friday-sermon-god-is-doing-everything-story-about-ahmed-subhy-mansour-1221988.webp,public/data/generated_indices/MASTER_INDEX.json,catalog
/content/videos/thumbnails/friday-sermon-knowing-god-god-is-doing-everything-06051987.webp,public/data/generated_indices/MASTER_INDEX.json,catalog
/content/videos/thumbnails/friday-sermon-marriage-importance-of-love-muhammads-example-04081988.webp,public/data/generated_indices/MASTER_INDEX.json,catalog
/content/videos/thumbnails/friday-sermon-miracle-of-miracles-al-fatiha-proving-the-five-salat-12081989.webp,public/data/generated_indices/MASTER_INDEX.json,catalog
/content/videos/thumbnails/friday-sermon-more-evidence-memorize-this-supplication-for-divine-protection-111987.webp,public/data/generated_indices/MASTER_INDEX.json,catalog
/content/videos/thumbnails/friday-sermon-natural-instinct-who-is-the-real-you-how-to-find-perfect-happiness-05271988.webp,public/data/generated_indices/MASTER_INDEX.json,catalog
/content/videos/thumbnails/friday-sermon-original-sin-only-god-guides-majority-of-believers-are-going-to-hell-03031989.webp,public/data/generated_indices/MASTER_INDEX.json,catalog
/content/videos/thumbnails/friday-sermon-our-purpose-gods-kingdom-vs-satans-kingdom-abrahams-dream-03041988.webp,public/data/generated_indices/MASTER_INDEX.json,catalog
/content/videos/thumbnails/friday-sermon-proclaiming-messengership-abrahams-religion-04151988.webp,public/data/generated_indices/MASTER_INDEX.json,catalog
/content/videos/thumbnails/friday-sermon-proving-every-verse-word-letter-with-irrefutable-evidence-11091989.webp,public/data/generated_indices/MASTER_INDEX.json,catalog
/content/videos/thumbnails/friday-sermon-proving-salat-al-jummah-the-righteous-go-straight-to-heaven-11261989.webp,public/data/generated_indices/MASTER_INDEX.json,catalog
/content/videos/thumbnails/friday-sermon-purpose-of-messengers-the-advent-of-the-pure-quran-03171989.webp,public/data/generated_indices/MASTER_INDEX.json,catalog
/content/videos/thumbnails/friday-sermon-quran-is-the-only-book-in-the-world-that-is-mathematically-composed-111987.webp,public/data/generated_indices/MASTER_INDEX.json,catalog
/content/videos/thumbnails/friday-sermon-rashad-explains-his-messengership-details-05161988.webp,public/data/generated_indices/MASTER_INDEX.json,catalog
/content/videos/thumbnails/friday-sermon-remember-god-constantly-submitter-vs-objector-01131989.webp,public/data/generated_indices/MASTER_INDEX.json,catalog
/content/videos/thumbnails/friday-sermon-revelation-of-quran-to-revelation-of-miracle-importance-of-dawn-prayer-02031989.webp,public/data/generated_indices/MASTER_INDEX.json,catalog
/content/videos/thumbnails/friday-sermon-seek-gods-kingship-over-you-and-everything-else-follows-03251988.webp,public/data/generated_indices/MASTER_INDEX.json,catalog
/content/videos/thumbnails/friday-sermon-the-heavenly-feud-the-importance-of-killing-the-ego-11291989.webp,public/data/generated_indices/MASTER_INDEX.json,catalog
/content/videos/thumbnails/friday-sermon-the-mathematical-miracle-proves-the-quran-to-be-the-word-of-god-10161987.webp,public/data/generated_indices/MASTER_INDEX.json,catalog
/content/videos/thumbnails/friday-sermon-the-meaning-of-life-discovering-the-miracle-07151988.webp,public/data/generated_indices/MASTER_INDEX.json,catalog
/content/videos/thumbnails/friday-sermon-the-muhammadans-worship-muhammad-discoveries-by-atef-and-lisa-12041987.webp,public/data/generated_indices/MASTER_INDEX.json,catalog
/content/videos/thumbnails/friday-sermon-the-power-of-repentance-the-secret-of-happiness-01011988.webp,public/data/generated_indices/MASTER_INDEX.json,catalog
/content/videos/thumbnails/friday-sermon-united-submitters-international-conference-1989.webp,src/components/home/VideoArchiveSection.tsx,source
/content/videos/thumbnails/friday-sermon-united-submitters-international-conference-1989.webp,public/data/generated_indices/MASTER_INDEX.json,catalog
/content/videos/thumbnails/friday-sermon-universal-unity-through-devotion-to-god-alone.webp,src/components/home/VideoArchiveSection.tsx,source
/content/videos/thumbnails/friday-sermon-universal-unity-through-devotion-to-god-alone.webp,public/data/generated_indices/MASTER_INDEX.json,catalog
/content/videos/thumbnails/friday-sermon-what-about-previous-generations-12301988.webp,public/data/generated_indices/MASTER_INDEX.json,catalog
/content/videos/thumbnails/friday-sermon-who-is-your-god-majority-of-believers-are-going-to-hell-10281988.webp,public/data/generated_indices/MASTER_INDEX.json,catalog
/content/videos/thumbnails/friday-sermon-why-announce-messengership-08111989.webp,public/data/generated_indices/MASTER_INDEX.json,catalog
/content/videos/thumbnails/in-defense-of-the-bible.jpg,public/data/generated_indices/MASTER_INDEX.json,catalog
/content/videos/thumbnails/king-of-chaos.jpg,public/data/generated_indices/MASTER_INDEX.json,catalog
/content/videos/thumbnails/mathematical-miracle-of-quran.jpg,src/components/home/VideoArchiveSection.tsx,source
/content/videos/thumbnails/mathematical-miracle-of-quran.jpg,public/data/generated_indices/MASTER_INDEX.json,catalog
/content/videos/thumbnails/old-message-new-messenger.jpg,public/data/generated_indices/MASTER_INDEX.json,catalog
/content/videos/thumbnails/principles-of-contact-prayers-salat.jpg,src/components/home/VideoArchiveSection.tsx,source
/content/videos/thumbnails/principles-of-contact-prayers-salat.jpg,public/data/generated_indices/MASTER_INDEX.json,catalog
/content/videos/thumbnails/principles-of-friday-prayer.jpg,public/data/generated_indices/MASTER_INDEX.json,catalog
/content/videos/thumbnails/the-creators-signature.jpg,public/data/generated_indices/MASTER_INDEX.json,catalog
/content/videos/thumbnails/the-great-debate-dr-rashad-khalifa-vs-dr-abdel-rahman.jpg,public/data/generated_indices/MASTER_INDEX.json,catalog
/content/videos/thumbnails/united-submitters-international-conference-explaining-the-fulfillment-of-the-covenant-1988.webp,public/data/generated_indices/MASTER_INDEX.json,catalog
/content/videos/thumbnails/united-submitters-international-conference-final-speech-by-dr-rashad-khalifa-1989.webp,src/components/home/VideoArchiveSection.tsx,source
/content/videos/thumbnails/united-submitters-international-conference-final-speech-by-dr-rashad-khalifa-1989.webp,public/data/generated_indices/MASTER_INDEX.json,catalog
/content/videos/thumbnails/what-is-life-all-about.jpg,public/data/generated_indices/MASTER_INDEX.json,catalog
/content/videos/thumbnails/who-is-god.jpg,public/data/generated_indices/MASTER_INDEX.json,catalog
/content/videos/thumbnails/witness-a-miracle-world-news-bulletin.jpg,public/data/generated_indices/MASTER_INDEX.json,catalog
/content/written/books/thumbnails/computer-speaks.jpg,src/components/home/WrittenArchiveVisual.tsx,source
/content/written/books/thumbnails/computer-speaks.jpg,public/data/generated_indices/BOOKS_LIST.json,catalog
/content/written/books/thumbnails/computer-speaks.jpg,public/data/generated_indices/MASTER_INDEX.json,catalog
/content/written/books/thumbnails/english-meanings-of-the-quran.png,public/data/generated_indices/BOOKS_LIST.json,catalog
/content/written/books/thumbnails/english-meanings-of-the-quran.png,public/data/generated_indices/MASTER_INDEX.json,catalog
/content/written/books/thumbnails/eternity-screenplay.png,public/data/generated_indices/BOOKS_LIST.json,catalog
/content/written/books/thumbnails/eternity-screenplay.png,public/data/generated_indices/MASTER_INDEX.json,catalog
/content/written/books/thumbnails/hard-cover-1989.png,src/components/home/WrittenArchiveVisual.tsx,source
/content/written/books/thumbnails/hard-cover-1989.png,public/data/generated_indices/BOOKS_LIST.json,catalog
/content/written/books/thumbnails/hard-cover-1989.png,public/data/generated_indices/MASTER_INDEX.json,catalog
/content/written/books/thumbnails/islam-volume-1-number-1-april-1974.png,public/data/generated_indices/BOOKS_LIST.json,catalog
/content/written/books/thumbnails/islam-volume-1-number-1-april-1974.png,public/data/generated_indices/MASTER_INDEX.json,catalog
/content/written/books/thumbnails/islam-volume-1-number-2-july-1974.png,public/data/generated_indices/BOOKS_LIST.json,catalog
/content/written/books/thumbnails/islam-volume-1-number-2-july-1974.png,public/data/generated_indices/MASTER_INDEX.json,catalog
/content/written/books/thumbnails/islam-volume-1-number-3-4-january-1975.png,public/data/generated_indices/BOOKS_LIST.json,catalog
/content/written/books/thumbnails/islam-volume-1-number-3-4-january-1975.png,public/data/generated_indices/MASTER_INDEX.json,catalog
/content/written/books/thumbnails/miracle-of-quran-alphabets.png,src/components/home/WrittenArchiveVisual.tsx,source
/content/written/books/thumbnails/miracle-of-quran-alphabets.png,public/data/generated_indices/BOOKS_LIST.json,catalog
/content/written/books/thumbnails/miracle-of-quran-alphabets.png,public/data/generated_indices/MASTER_INDEX.json,catalog
/content/written/books/thumbnails/perpetual-miracle.png,public/data/generated_indices/BOOKS_LIST.json,catalog
/content/written/books/thumbnails/perpetual-miracle.png,public/data/generated_indices/MASTER_INDEX.json,catalog
/content/written/books/thumbnails/quran-hadith-islam.png,src/components/home/WrittenArchiveVisual.tsx,source
/content/written/books/thumbnails/quran-hadith-islam.png,public/data/generated_indices/BOOKS_LIST.json,catalog
/content/written/books/thumbnails/quran-hadith-islam.png,public/data/generated_indices/MASTER_INDEX.json,catalog
/content/written/books/thumbnails/quran-visual-presentation.png,public/data/generated_indices/BOOKS_LIST.json,catalog
/content/written/books/thumbnails/quran-visual-presentation.png,public/data/generated_indices/MASTER_INDEX.json,catalog
/content/written/books/thumbnails/quran1981.png,src/components/home/WrittenArchiveVisual.tsx,source
/content/written/books/thumbnails/quran1981.png,public/data/generated_indices/BOOKS_LIST.json,catalog
/content/written/books/thumbnails/quran1981.png,public/data/generated_indices/MASTER_INDEX.json,catalog
/content/written/books/thumbnails/salat-booklet.png,public/data/generated_indices/BOOKS_LIST.json,catalog
/content/written/books/thumbnails/salat-booklet.png,public/data/generated_indices/MASTER_INDEX.json,catalog
/content/written/newsletters/thumbnails/1985_02_February.jpg,public/data/generated_indices/MASTER_INDEX.json,catalog
/content/written/newsletters/thumbnails/1985_03_March.jpg,public/data/generated_indices/MASTER_INDEX.json,catalog
/content/written/newsletters/thumbnails/1985_04_April.jpg,public/data/generated_indices/MASTER_INDEX.json,catalog
/content/written/newsletters/thumbnails/1985_05_May.jpg,public/data/generated_indices/MASTER_INDEX.json,catalog
/content/written/newsletters/thumbnails/1985_06_June.jpg,public/data/generated_indices/MASTER_INDEX.json,catalog
/content/written/newsletters/thumbnails/1985_07_July.jpg,public/data/generated_indices/MASTER_INDEX.json,catalog
/content/written/newsletters/thumbnails/1985_08_August.jpg,public/data/generated_indices/MASTER_INDEX.json,catalog
/content/written/newsletters/thumbnails/1985_09_September.jpg,public/data/generated_indices/MASTER_INDEX.json,catalog
/content/written/newsletters/thumbnails/1985_10_October.jpg,public/data/generated_indices/MASTER_INDEX.json,catalog
/content/written/newsletters/thumbnails/1985_11_November.jpg,public/data/generated_indices/MASTER_INDEX.json,catalog
/content/written/newsletters/thumbnails/1985_12_December.jpg,public/data/generated_indices/MASTER_INDEX.json,catalog
/content/written/newsletters/thumbnails/1986_01_January.jpg,public/data/generated_indices/MASTER_INDEX.json,catalog
/content/written/newsletters/thumbnails/1986_02_February.jpg,public/data/generated_indices/MASTER_INDEX.json,catalog
/content/written/newsletters/thumbnails/1986_03_March.jpg,public/data/generated_indices/MASTER_INDEX.json,catalog
/content/written/newsletters/thumbnails/1986_04_April.jpg,public/data/generated_indices/MASTER_INDEX.json,catalog
/content/written/newsletters/thumbnails/1986_05_May.jpg,public/data/generated_indices/MASTER_INDEX.json,catalog
/content/written/newsletters/thumbnails/1986_06_June.jpg,public/data/generated_indices/MASTER_INDEX.json,catalog
/content/written/newsletters/thumbnails/1986_07_July.jpg,public/data/generated_indices/MASTER_INDEX.json,catalog
/content/written/newsletters/thumbnails/1986_08_August.jpg,public/data/generated_indices/MASTER_INDEX.json,catalog
/content/written/newsletters/thumbnails/1986_09_September.jpg,public/data/generated_indices/MASTER_INDEX.json,catalog
/content/written/newsletters/thumbnails/1986_10_October.jpg,public/data/generated_indices/MASTER_INDEX.json,catalog
/content/written/newsletters/thumbnails/1986_11_November.jpg,public/data/generated_indices/MASTER_INDEX.json,catalog
/content/written/newsletters/thumbnails/1986_12_December.jpg,public/data/generated_indices/MASTER_INDEX.json,catalog
/content/written/newsletters/thumbnails/1987_01_January.jpg,public/data/generated_indices/MASTER_INDEX.json,catalog
/content/written/newsletters/thumbnails/1987_02_February.jpg,public/data/generated_indices/MASTER_INDEX.json,catalog
/content/written/newsletters/thumbnails/1987_03_March.jpg,public/data/generated_indices/MASTER_INDEX.json,catalog
/content/written/newsletters/thumbnails/1987_04_April.jpg,public/data/generated_indices/MASTER_INDEX.json,catalog
/content/written/newsletters/thumbnails/1987_05_May.jpg,public/data/generated_indices/MASTER_INDEX.json,catalog
/content/written/newsletters/thumbnails/1987_06_June.jpg,public/data/generated_indices/MASTER_INDEX.json,catalog
/content/written/newsletters/thumbnails/1987_07_July.jpg,public/data/generated_indices/MASTER_INDEX.json,catalog
/content/written/newsletters/thumbnails/1987_08_August.jpg,public/data/generated_indices/MASTER_INDEX.json,catalog
/content/written/newsletters/thumbnails/1987_09_September.jpg,public/data/generated_indices/MASTER_INDEX.json,catalog
/content/written/newsletters/thumbnails/1987_10_October.jpg,public/data/generated_indices/MASTER_INDEX.json,catalog
/content/written/newsletters/thumbnails/1987_11_November.jpg,public/data/generated_indices/MASTER_INDEX.json,catalog
/content/written/newsletters/thumbnails/1987_12_December.jpg,public/data/generated_indices/MASTER_INDEX.json,catalog
/content/written/newsletters/thumbnails/1988_01_January.jpg,public/data/generated_indices/MASTER_INDEX.json,catalog
/content/written/newsletters/thumbnails/1988_02_February.jpg,public/data/generated_indices/MASTER_INDEX.json,catalog
/content/written/newsletters/thumbnails/1988_03_March.jpg,public/data/generated_indices/MASTER_INDEX.json,catalog
/content/written/newsletters/thumbnails/1988_04_April.jpg,public/data/generated_indices/MASTER_INDEX.json,catalog
/content/written/newsletters/thumbnails/1988_05_May.jpg,public/data/generated_indices/MASTER_INDEX.json,catalog
/content/written/newsletters/thumbnails/1988_05_May_Bulletin.jpg,public/data/generated_indices/MASTER_INDEX.json,catalog
/content/written/newsletters/thumbnails/1988_06_June.jpg,public/data/generated_indices/MASTER_INDEX.json,catalog
/content/written/newsletters/thumbnails/1988_07_July.jpg,public/data/generated_indices/MASTER_INDEX.json,catalog
/content/written/newsletters/thumbnails/1988_08_August.jpg,public/data/generated_indices/MASTER_INDEX.json,catalog
/content/written/newsletters/thumbnails/1988_09_September.jpg,public/data/generated_indices/MASTER_INDEX.json,catalog
/content/written/newsletters/thumbnails/1988_10_October.jpg,public/data/generated_indices/MASTER_INDEX.json,catalog
/content/written/newsletters/thumbnails/1988_11_November.jpg,public/data/generated_indices/MASTER_INDEX.json,catalog
/content/written/newsletters/thumbnails/1988_12_December.jpg,public/data/generated_indices/MASTER_INDEX.json,catalog
/content/written/newsletters/thumbnails/1989_01_January.jpg,public/data/generated_indices/MASTER_INDEX.json,catalog
/content/written/newsletters/thumbnails/1989_02_February.jpg,public/data/generated_indices/MASTER_INDEX.json,catalog
/content/written/newsletters/thumbnails/1989_03_March.jpg,public/data/generated_indices/MASTER_INDEX.json,catalog
/content/written/newsletters/thumbnails/1989_04_April.jpg,public/data/generated_indices/MASTER_INDEX.json,catalog
/content/written/newsletters/thumbnails/1989_05_May.jpg,public/data/generated_indices/MASTER_INDEX.json,catalog
/content/written/newsletters/thumbnails/1989_06_June.jpg,public/data/generated_indices/MASTER_INDEX.json,catalog
/content/written/newsletters/thumbnails/1989_07_July.jpg,public/data/generated_indices/MASTER_INDEX.json,catalog
/content/written/newsletters/thumbnails/1989_08_August.jpg,public/data/generated_indices/MASTER_INDEX.json,catalog
/content/written/newsletters/thumbnails/1989_09_September.jpg,src/components/home/WrittenArchiveVisual.tsx,source
/content/written/newsletters/thumbnails/1989_09_September.jpg,public/data/generated_indices/MASTER_INDEX.json,catalog
/content/written/newsletters/thumbnails/1989_10_October.jpg,src/components/home/WrittenArchiveVisual.tsx,source
/content/written/newsletters/thumbnails/1989_10_October.jpg,public/data/generated_indices/MASTER_INDEX.json,catalog
/content/written/newsletters/thumbnails/1989_11_November.jpg,src/components/home/WrittenArchiveVisual.tsx,source
/content/written/newsletters/thumbnails/1989_11_November.jpg,public/data/generated_indices/MASTER_INDEX.json,catalog
/content/written/newsletters/thumbnails/1989_12_December.jpg,public/data/generated_indices/MASTER_INDEX.json,catalog
/content/written/newsletters/thumbnails/1990_01_January.jpg,public/data/generated_indices/MASTER_INDEX.json,catalog
/content/written/newsletters/thumbnails/1990_01_January_Bonus_Issue.jpg,public/data/generated_indices/MASTER_INDEX.json,catalog
/content/written/newsletters/thumbnails/1990_02_February.jpg,public/data/generated_indices/MASTER_INDEX.json,catalog
/content/written/newsletters/thumbnails/1990_03_March.jpg,public/data/generated_indices/MASTER_INDEX.json,catalog
/digi.png,src/app/layout.tsx,source
/digi.png,src/app/media/[...id]/page.tsx,source
/images/archive-photos/M1.png,src/components/home/HeroSection.tsx,source
/images/archive-photos/M2.png,src/components/home/HeroSection.tsx,source
/images/archive-photos/M3.png,src/components/home/HeroSection.tsx,source
/images/archive-photos/M4.jpeg,src/components/home/HeroSection.tsx,source
/images/bible/deu.jpg,src/app/quran/bible/[book]/BibleBookClient.tsx,source
/images/bible/exo.jpg,src/app/quran/bible/[book]/BibleBookClient.tsx,source
/images/bible/gen.jpg,src/app/quran/bible/[book]/BibleBookClient.tsx,source
/images/bible/lev.jpg,src/app/quran/bible/[book]/BibleBookClient.tsx,source
/images/bible/num.jpg,src/app/quran/bible/[book]/BibleBookClient.tsx,source
/images/placeholders/appendix.png,src/app/search/SearchClient.tsx,source
/images/placeholders/newsletter.png,src/app/search/SearchClient.tsx,source
/images/placeholders/quran.jpg,src/app/search/SearchClient.tsx,source
/images/placeholders/quran.jpg,src/components/home/SearchFunctionDemo.tsx,source
/images/placeholders/quran.jpg,src/components/media/MediaCard.tsx,source
/images/placeholders/rashad-khalifa.png,src/app/media/[...id]/Player.tsx,source
/images/placeholders/rashad-khalifa.png,src/app/search/SearchClient.tsx,source
/images/placeholders/rashad-khalifa.png,src/components/home/SearchFunctionDemo.tsx,source
/images/placeholders/rashad-khalifa.png,src/components/media/MediaCard.tsx,source
/images/placeholders/rashad-khalifa.png,public/data/generated_indices/MASTER_INDEX.json,catalog
