path,size_bytes,sha256,width,height,format,referenced_by,reference_count,catalog_record_id,source_or_generated,duplicate_group,optimization_status
public/content/appendix/thumbnails/1982/appendix-1.jpg,177693,af6b7a1e5d84cdcfbe43a560e49dbd5fc068fcfd99b7c21e2e287c2f827678ad,600,961,jpg,,0,,generated,,ok
public/content/appendix/thumbnails/1982/appendix-10.jpg,181245,c534195e6e147d047beff35adcd1d0396f64e1dfa954ada86c3d4a75e2d46b8c,600,961,jpg,,0,,generated,,ok
public/content/appendix/thumbnails/1982/appendix-11.jpg,175310,1520cc98a76d576b2652a712c8befed25c3c12b2aabe6f27b3467502c2921af8,600,962,jpg,,0,,generated,,ok
public/content/appendix/thumbnails/1982/appendix-12.jpg,88884,bfbc74e2c1b85b4bf8d8e5b6738a700a4bb23cd31fb1c09e58d9e4f3eaca1a4d,600,961,jpg,,0,,generated,,ok
public/content/appendix/thumbnails/1982/appendix-13.jpg,95167,2c0ce3eef873441af82d29c224ae1ea31fb5b01b594d4dbc43ddaabc6cc0d696,600,966,jpg,,0,,generated,,ok
public/content/appendix/thumbnails/1982/appendix-14.jpg,66066,d80bb5c3d2edfdca7207d68a70bb3394a8df24ed8571ef4544068037523c49f0,600,961,jpg,,0,,generated,,ok
public/content/appendix/thumbnails/1982/appendix-15.jpg,88180,3d0040ecd2725ca37926de3f2a9cb7256636a163631aad6c4939e1ad1f186d0d,600,968,jpg,,0,,generated,,ok
public/content/appendix/thumbnails/1982/appendix-16.jpg,154916,3915a50f586c67ad5a56a0613b8b900cbf337b5c6229a0c46b12907d475f256a,600,961,jpg,,0,,generated,,ok
public/content/appendix/thumbnails/1982/appendix-17.jpg,149456,9a34f89e87ae88dcadece81eada4e4dc3f4820e178903ba0b9d39d44fa3f65a6,600,962,jpg,,0,,generated,,ok
public/content/appendix/thumbnails/1982/appendix-18.jpg,177439,4e5635fa5c369448e2ed969df3d3df009416866d66912252d9d93a7d5464d792,600,965,jpg,,0,,generated,,ok
public/content/appendix/thumbnails/1982/appendix-19.jpg,137679,a81ccb23776dc132f7de0ea7680013cdfc252a6fee9e23c9a3e453efb1d81ef1,600,966,jpg,,0,,generated,,ok
public/content/appendix/thumbnails/1982/appendix-2.jpg,172548,b32607cce4730704ec71def570208e9f3158f63adc398cc98065bc17d3dcfb4f,600,965,jpg,,0,,generated,,ok
public/content/appendix/thumbnails/1982/appendix-3.jpg,177552,695af0233948e030bb3ff53293219fe68da787716249a5c9c9aaee1492f72295,600,961,jpg,,0,,generated,,ok
public/content/appendix/thumbnails/1982/appendix-4.jpg,54155,ba270cea93079a5116fc91b106f94ad53e59b665178e7a4ebc8f9e205e060df2,600,962,jpg,,0,,generated,,ok
public/content/appendix/thumbnails/1982/appendix-5.jpg,123729,fdfc5c5e16f73f19b7a839cc511e3a2bc3105db989e1e7427a9455258308f90d,600,961,jpg,,0,,generated,,ok
public/content/appendix/thumbnails/1982/appendix-6.jpg,168907,3c009f4fe30c482d49fc87175e07644ad90ac76b1802433b962f17dc12ad0517,600,961,jpg,,0,,generated,,ok
public/content/appendix/thumbnails/1982/appendix-7.jpg,125075,5a80e41d47a08c1bf4432fc2287d0acdbd8af426b842df98c01b74ddbd882b1a,600,962,jpg,,0,,generated,,ok
public/content/appendix/thumbnails/1982/appendix-8.jpg,133150,795bdb6ecec6bf5389b57ce82f4ff45ec90ee66178acb718a8503cdadede026e,600,962,jpg,,0,,generated,,ok
public/content/appendix/thumbnails/1982/appendix-9.jpg,75431,387a41e19caac4fc55b47573f294edb5e6a019296f3f5b6f640530a95be43ba7,600,961,jpg,,0,,generated,,ok
public/content/appendix/thumbnails/1982/introduction.jpg,26161,4f25b628aea2ed3eb5bf4ed0e0388eb60f1f912caa1322fede2fc72476600558,600,962,jpg,,0,,generated,,ok
public/content/appendix/thumbnails/appendix_1.jpg,142921,3cd9fdb10c2dad7c0aa187ef02430e4be40b601439f8b9488090f8f3fa2d10d7,640,960,jpg,public/data/generated_indices/MASTER_INDEX.json,1,appendix-1,generated,,ok
public/content/appendix/thumbnails/appendix_10.jpg,166477,60dccf6bee5d7fe79fa788f72458ba6619a48822a6cd133cc88ed769db653a19,640,960,jpg,public/data/generated_indices/MASTER_INDEX.json,1,appendix-10,generated,,ok
public/content/appendix/thumbnails/appendix_11.jpg,143938,52db6c18ff410385ec237599b09922bec27a3101c3998308e4978ce27aba3c2a,640,960,jpg,public/data/generated_indices/MASTER_INDEX.json,1,appendix-11,generated,,ok
public/content/appendix/thumbnails/appendix_12.jpg,129583,1a2159fdd99b63376a3ce1f3e1f637dc200f32f8113e548285acc3dab7b4e84d,640,960,jpg,public/data/generated_indices/MASTER_INDEX.json,1,appendix-12,generated,,ok
public/content/appendix/thumbnails/appendix_13.jpg,146003,290e80051c98fb9d03a0c144c5be60c3e1dd291d28047cba68adea3f9407d8a9,640,960,jpg,public/data/generated_indices/MASTER_INDEX.json,1,appendix-13,generated,,ok
public/content/appendix/thumbnails/appendix_14.jpg,153006,e42a51d8954fcbeafa681d9acd0468965d796a350920cce550c8b2b55a097056,640,960,jpg,public/data/generated_indices/MASTER_INDEX.json,1,appendix-14,generated,,ok
public/content/appendix/thumbnails/appendix_15.jpg,145875,3261983e021e13a15334da6682e9c1ff0e25b81516f2446dbf2f7219050e6107,640,960,jpg,public/data/generated_indices/MASTER_INDEX.json,1,appendix-15,generated,,ok
public/content/appendix/thumbnails/appendix_16.jpg,134141,ad6bb637fc6c0a63bd51a3ec7b089138cfd0452e84ebe53ac3019b8f14706f71,640,960,jpg,public/data/generated_indices/MASTER_INDEX.json,1,appendix-16,generated,group-19,ok
public/content/appendix/thumbnails/appendix_17.jpg,134141,ad6bb637fc6c0a63bd51a3ec7b089138cfd0452e84ebe53ac3019b8f14706f71,640,960,jpg,public/data/generated_indices/MASTER_INDEX.json,1,appendix-17,generated,group-19,ok
public/content/appendix/thumbnails/appendix_18.jpg,136607,f50bddf260fdf811b1f5cb82fff1a9a3c7c0a883c5a44f964417e1a1a8649375,640,960,jpg,public/data/generated_indices/MASTER_INDEX.json,1,appendix-18,generated,group-24,ok
public/content/appendix/thumbnails/appendix_19.jpg,136607,f50bddf260fdf811b1f5cb82fff1a9a3c7c0a883c5a44f964417e1a1a8649375,640,960,jpg,public/data/generated_indices/MASTER_INDEX.json,1,appendix-19,generated,group-24,ok
public/content/appendix/thumbnails/appendix_2.jpg,110598,d3e1344f50f39d2d7e1be3170d1fa7d427d76eadaf47518e2fc1d46fb46f2c43,640,960,jpg,public/data/generated_indices/MASTER_INDEX.json,1,appendix-2,generated,,ok
public/content/appendix/thumbnails/appendix_20.jpg,161043,7867db980bcd0ce374b1502a9c82e5f30be6100a3ea8c2705a4b1252a1af3ee5,640,960,jpg,public/data/generated_indices/MASTER_INDEX.json,1,appendix-20,generated,,ok
public/content/appendix/thumbnails/appendix_21.jpg,121820,a06a892830e3078711c70c6cdec0998c24b7fd356ef73f43ba1b3f3e7a28dd70,640,960,jpg,public/data/generated_indices/MASTER_INDEX.json,1,appendix-21,generated,group-17,ok
public/content/appendix/thumbnails/appendix_22.jpg,121820,a06a892830e3078711c70c6cdec0998c24b7fd356ef73f43ba1b3f3e7a28dd70,640,960,jpg,public/data/generated_indices/MASTER_INDEX.json,1,appendix-22,generated,group-17,ok
public/content/appendix/thumbnails/appendix_23.jpg,115337,925c1d61ea8c4a0cdb27d42a220ea03c43c75b2f45d5068952b93a6a11c580e8,640,960,jpg,public/data/generated_indices/MASTER_INDEX.json,1,appendix-23,generated,,ok
public/content/appendix/thumbnails/appendix_24.jpg,138411,6cd2aa7006506e7a01635bb7f0c609d827ccf6b019f7b82dd1e38ea9fbe10e94,640,960,jpg,public/data/generated_indices/MASTER_INDEX.json,1,appendix-24,generated,,ok
public/content/appendix/thumbnails/appendix_25.jpg,140461,ef5bd640d84aaffc1d27384343ec7318c876eba6c693a9be1a91aff7a9f010db,640,960,jpg,public/data/generated_indices/MASTER_INDEX.json,1,appendix-25,generated,,ok
public/content/appendix/thumbnails/appendix_26.jpg,143940,11ae98d7166ae8fd51b0eca45d9f0502334dc480ffa5dc9e292b7a1062a9e7bb,640,960,jpg,public/data/generated_indices/MASTER_INDEX.json,1,appendix-26,generated,,ok
public/content/appendix/thumbnails/appendix_27.jpg,133522,1501e29cb55a7e2bc3e12b77d61b211b118437951d9ea8623841993c2dba01f5,640,960,jpg,public/data/generated_indices/MASTER_INDEX.json,1,appendix-27,generated,,ok
public/content/appendix/thumbnails/appendix_28.jpg,143334,5c502827a4d55b5d2e1868f0dc96087981d4de50c09258fb2f09b0ebdced6b29,640,960,jpg,public/data/generated_indices/MASTER_INDEX.json,1,appendix-28,generated,,ok
public/content/appendix/thumbnails/appendix_29.jpg,165998,42cafe27d0070011e16270b32effcb6cc80660bdcb04cf05dfb9c71814a12dfe,640,960,jpg,public/data/generated_indices/MASTER_INDEX.json,1,appendix-29,generated,,ok
public/content/appendix/thumbnails/appendix_3.jpg,168898,0331bc40b021694083f1130e0ba06d9ba4604b47c3bd4091ddf2f61601eca33c,640,960,jpg,public/data/generated_indices/MASTER_INDEX.json,1,appendix-3,generated,,ok
public/content/appendix/thumbnails/appendix_30.jpg,146942,98b2f8ca017936fa12bfdb9a506465089fdf3ff8ea2b71eafde570692c889846,640,960,jpg,public/data/generated_indices/MASTER_INDEX.json,1,appendix-30,generated,,ok
public/content/appendix/thumbnails/appendix_31.jpg,148091,7695893dba471dc08eadec6ce4de013c795dc5b3c8da4345ab67976c49036c8f,640,960,jpg,public/data/generated_indices/MASTER_INDEX.json,1,appendix-31,generated,,ok
public/content/appendix/thumbnails/appendix_32.jpg,157269,e759fe81cb1e083df92b5d79fcf6d5c16bfaa3ea0d90c4041f9811256f87013b,640,960,jpg,public/data/generated_indices/MASTER_INDEX.json,1,appendix-32,generated,,ok
public/content/appendix/thumbnails/appendix_33.jpg,146919,5b7fb88ad2f01191f63c31a36a708a4a464253aace27f6038c57c7c22f4bea81,640,960,jpg,public/data/generated_indices/MASTER_INDEX.json,1,appendix-33,generated,,ok
public/content/appendix/thumbnails/appendix_34.jpg,144898,8ff09513977808d437773a213c019f904d90cc9c9c1a7608bbed23960a8d26be,640,960,jpg,public/data/generated_indices/MASTER_INDEX.json,1,appendix-34,generated,group-13,ok
public/content/appendix/thumbnails/appendix_35.jpg,144898,8ff09513977808d437773a213c019f904d90cc9c9c1a7608bbed23960a8d26be,640,960,jpg,public/data/generated_indices/MASTER_INDEX.json,1,appendix-35,generated,group-13,ok
public/content/appendix/thumbnails/appendix_36.jpg,148052,44f77c4c6d8240dea26141fc02b86e927f5a517f6780682e3c476a317ed9a201,640,960,jpg,public/data/generated_indices/MASTER_INDEX.json,1,appendix-36,generated,,ok
public/content/appendix/thumbnails/appendix_37.jpg,159143,f70cacfc1c708990b27a6f053549504bafecfe978c2081dae9ceab864679a4d2,640,960,jpg,public/data/generated_indices/MASTER_INDEX.json,1,appendix-37,generated,,ok
public/content/appendix/thumbnails/appendix_38.jpg,117362,6c53da8b1f485022fd02584c07a4d39950209fcd9107b8d63b80a32a3bf8e0ff,640,960,jpg,public/data/generated_indices/MASTER_INDEX.json,1,appendix-38,generated,,ok
public/content/appendix/thumbnails/appendix_4.jpg,171622,d5b66cbd98a53aff85bb2bd4693688eb57a0881b1fe4674d0c2ba99e23bbd9fe,640,960,jpg,public/data/generated_indices/MASTER_INDEX.json,1,appendix-4,generated,,ok
public/content/appendix/thumbnails/appendix_5.jpg,145279,b73f140c759692204711b0d3cdfca75f54f371987c72af951e0916575113ad6a,640,960,jpg,public/data/generated_indices/MASTER_INDEX.json,1,appendix-5,generated,,ok
public/content/appendix/thumbnails/appendix_6.jpg,142653,13b7e1cecbfb438708bb6068acde246155a6d6ec0748b5f6e062f8493b40abb7,640,960,jpg,public/data/generated_indices/MASTER_INDEX.json,1,appendix-6,generated,,ok
public/content/appendix/thumbnails/appendix_7.jpg,149512,3429b4c50db0be91ca8f721068a376b33b250fc246efc2fc42636a030f7da822,640,960,jpg,public/data/generated_indices/MASTER_INDEX.json,1,appendix-7,generated,,ok
public/content/appendix/thumbnails/appendix_8.jpg,153987,0ceb41a25c1c4a6a34bae9997e031f28d518e2ca5ff0879e73e4d736f4b84464,640,960,jpg,public/data/generated_indices/MASTER_INDEX.json,1,appendix-8,generated,,ok
public/content/appendix/thumbnails/appendix_9.jpg,165722,b60b06bffe1f514cf50e07d547ed14cf04cea264c7f50b5544af15ded917ca91,640,960,jpg,public/data/generated_indices/MASTER_INDEX.json,1,appendix-9,generated,,ok
public/content/appendix/thumbnails/introduction.jpg,138096,bd308bd5bafbcaaff522cad941cec031591917bb13a5fb47222dac357a5f4b41,640,960,jpg,public/data/generated_indices/MASTER_INDEX.json,1,introduction,generated,,ok
public/content/appendix/thumbnails/proclamation.jpg,106645,99e805b794d263558dbd9c41f0b213af618c394e10ad8010e04ca689a3d656c6,640,960,jpg,public/data/generated_indices/MASTER_INDEX.json,1,proclamation,generated,,ok
public/content/audio/messenger-audios/default.jpg,18739,7827b88b0c9afd4ec2584ff6a5105cd163a13fb0bedd975fff83ade8c73d3c33,1280,720,jpg,src/app/search/SearchClient.tsx;public/data/generated_indices/AUDIOS_LIST.json;public/data/generated_indices/MASTER_INDEX.json,3,messenger-audio/53 Quran Study 22 Oct 1982 By Dr Rashad Khalifa - Original,source,group-10,ok
public/content/audio/quran-studies/thumbnails/01-quran-study-from-azhar-1-sura-7219-28-and-sura-73-by-kathryn-jinns-05-26-1989.jpg,13551,7951f4099160fa73532f51ff5049e65a3d7f1e06a9fa4071fca0e700981b5f50,385,216,jpg,public/data/generated_indices/AUDIOS_LIST.json;public/data/generated_indices/MASTER_INDEX.json,2,quran-study/01 Quran Study From Azhar 1 Sura 72;19 28 & Sura 73 By Kathryn Jinns 05 26 1989,source,,ok
public/content/audio/quran-studies/thumbnails/02-quran-study-from-azhar-2-sura-95-and-sura-96-by-m-sabahi-two-verses-of-sura-9-dropped-out-to-demons.jpg,16548,c03d831122d9c00588a93f1ae1451c13c39d2362b12f5623d2c3403c0df4c773,386,216,jpg,public/data/generated_indices/AUDIOS_LIST.json;public/data/generated_indices/MASTER_INDEX.json,2,quran-study/02 Quran Study From Azhar 2 Sura 95 & Sura 96 By M Sabahi Two Verses Of Sura 9 Dropped Out To Demons,source,,ok
public/content/audio/quran-studies/thumbnails/03-quran-study-from-azhar-3-sura-1079-92-and-sura-23-by-rashads-khutba-01-19-1990-sura-3110-117-by.jpg,18992,88f9e36c29bb6f1194d467aa89c8c337bea62bcbca151454d063d840e333d121,343,193,jpg,public/data/generated_indices/AUDIOS_LIST.json;public/data/generated_indices/MASTER_INDEX.json,2,quran-study/03 Quran Study From Azhar 3 Sura 10;79 92 & Sura 23 By Rashad's Khutba 01 19 1990 Sura 3;110 117 By,source,,ok
public/content/audio/quran-studies/thumbnails/04-quran-study-from-azhar-4-sura-37-by-rashad-shakira-present-astroid-01-21-1990-sura-3118-129-by-s.jpg,17228,ef25bc33c0c35081d8967c09f33de7b48557fe146f9bc7cc3fb4f0d78efc322c,343,192,jpg,public/data/generated_indices/AUDIOS_LIST.json;public/data/generated_indices/MASTER_INDEX.json,2,quran-study/04 Quran Study From Azhar 4 Sura 37 By Rashad Shakira Present Astroid 01 21 1990 Sura 3;118 129 By S,source,,ok
public/content/audio/quran-studies/thumbnails/05-quran-study-from-azhar-5-sura-5675-and-sura-57-by-lisa-02-17-1989.jpg,11249,2a963651693c749d3f3f6f947627c6193cc1209034b5171985dabd364bbe89c1,342,192,jpg,public/data/generated_indices/AUDIOS_LIST.json;public/data/generated_indices/MASTER_INDEX.json,2,quran-study/05 Quran Study From Azhar 5 Sura 56;75 & Sura 57 By Lisa 02 17 1989,source,,ok
public/content/audio/quran-studies/thumbnails/06-quran-study-from-azhar-6-sura-59-by-donna-pra-invisible-giants-hypocrites-03-10-1989.jpg,20564,dc25693da4cb70e07fc089d81bdbff65148dcf966f6118c0901fd2f342eb2cc3,344,193,jpg,public/data/generated_indices/AUDIOS_LIST.json;public/data/generated_indices/MASTER_INDEX.json,2,quran-study/06 Quran Study From Azhar 6 Sura 59 By Donna PRA Invisible Giants Hypocrites 03 10 1989,source,,ok
public/content/audio/quran-studies/thumbnails/07-quran-study-from-azhar-7-sura-62-and-sura-63-by-kathryn-gods-religion-will-dominate-in-20-to-50-yr.jpg,17935,c4f560cf950ac03a6394edb5460bda580f1419ebee824bd83bf8ec8ab6a27e1b,343,193,jpg,public/data/generated_indices/AUDIOS_LIST.json;public/data/generated_indices/MASTER_INDEX.json,2,quran-study/07 Quran Study From Azhar 7 Sura 62 & Sura 63 By Kathryn God's Religion Will Dominate In 20 To 50 Yr,source,,ok
public/content/audio/quran-studies/thumbnails/08-quran-study-from-azhar-8-sura-65-and-sura-66-by-lori-encourage-children-to-do-salat-hamid-argues-04.jpg,17660,c0443435e78476a1b04eb4d76cf2be4e241536f5a184734d46980813ae026191,343,192,jpg,public/data/generated_indices/AUDIOS_LIST.json;public/data/generated_indices/MASTER_INDEX.json,2,quran-study/08 Quran Study From Azhar 8 Sura 65 & Sura 66 By Lori Encourage Children To Do Salat Hamid Argues 04,source,,ok
public/content/audio/quran-studies/thumbnails/09-quran-study-from-azhar-9-sura-70-by-edip-chastity-worry-edip-wanted-rashad-to-change-rich-believe.jpg,21533,adf44df0c4225afea86a1bbca7bde78c3f7a1710be7e035992cd9c14a795c011,343,192,jpg,public/data/generated_indices/AUDIOS_LIST.json;public/data/generated_indices/MASTER_INDEX.json,2,quran-study/09 Quran Study From Azhar 9 Sura 70 By Edip Chastity Worry Edip Wanted Rashad To Change Rich Believe,source,,ok
public/content/audio/quran-studies/thumbnails/10-quran-study-from-azhar-10-sura-71-and-sura-72-by-afameh-chastity-jinns-05-19-1989.jpg,12504,44c2b99875919b0bd163ae83bf3afd7dcfbb7adb26b4c68d070a828fbebfed4f,343,193,jpg,public/data/generated_indices/AUDIOS_LIST.json;public/data/generated_indices/MASTER_INDEX.json,2,quran-study/10 Quran Study From Azhar 10 Sura 71 & Sura 72 By Afameh Chastity Jinns 05 19 1989,source,,ok
public/content/audio/quran-studies/thumbnails/11-quran-study-from-behrouz-111-sura-2360-88-and-sura-16-01-18-199001-23-1990-morning-before-01-31-19.jpg,20688,f2dc41e2c0e7ee16d6bd9b318ff4d05fe3b38e2965ff15d2e928f81121b317db,343,193,jpg,public/data/generated_indices/AUDIOS_LIST.json;public/data/generated_indices/MASTER_INDEX.json,2,quran-study/11 Quran Study From Behrouz 111 Sura 23;60 88 & Sura 16 01 18 199001 23 1990 Morning Before 01 31 19,source,,ok
public/content/audio/quran-studies/thumbnails/12-quran-study-from-behrouz-212-behrouzs-khutba-edip-yuksels-exposure-01-25-1990.jpg,13899,2e9f95f63740ca5e904141c7500f3db65c8c1a5379b24e2551a8414d91e9a330,343,193,jpg,public/data/generated_indices/AUDIOS_LIST.json;public/data/generated_indices/MASTER_INDEX.json,2,quran-study/12 Quran Study From Behrouz 212 Behrouz's Khutba Edip Yuksel's Exposure 01 25 1990,source,,ok
public/content/audio/quran-studies/thumbnails/13-quran-study-from-behrouz-313-sura-712-by-rashad-adam-and-eves-body-12-24-1989.jpg,14859,a3968af4cee36fe007ad6333f8277b9312c3f2a9ae4f94988fc1fbead974c728,343,193,jpg,public/data/generated_indices/AUDIOS_LIST.json;public/data/generated_indices/MASTER_INDEX.json,2,quran-study/13 Quran Study From Behrouz 313 Sura 7;12 By Rashad Adam & Eve's Body 12 24 1989,source,,ok
public/content/audio/quran-studies/thumbnails/14-quran-study-from-behrouz-414-night-of-destiny-zikr-by-rashad.jpg,10473,d2797056008ef73b8ca4bc9d0fa4eba71a17f39e159c59af99430d2029d98baf,343,193,jpg,public/data/generated_indices/AUDIOS_LIST.json;public/data/generated_indices/MASTER_INDEX.json,2,quran-study/14 Quran Study From Behrouz 414 Night Of Destiny Zikr By Rashad,source,,ok
public/content/audio/quran-studies/thumbnails/15-quran-study-from-behrouz-515-sura-5423-by-rashad-sura-55-and-sura-56-and-sura-51-age-40-and-first-gen.jpg,16496,2f5c95d98de45b8db130fb799e0014b241a94008bb97287ae672525511a0f01f,343,193,jpg,public/data/generated_indices/AUDIOS_LIST.json;public/data/generated_indices/MASTER_INDEX.json,2,quran-study/15 Quran Study From Behrouz 515 Sura 54;23 By Rashad Sura 55 & Sura 56 & Sura 51 Age 40 & First Gen,source,,ok
public/content/audio/quran-studies/thumbnails/16-quran-study-from-behrouz-616-sura-64-by-rashad-nothing-happens-except-sura-70-by-edip-worry-chast.jpg,21264,a277d6916b1b5bb54fe043a81cde18352a5d024e933cb21084836e78c827278b,342,191,jpg,public/data/generated_indices/AUDIOS_LIST.json;public/data/generated_indices/MASTER_INDEX.json,2,quran-study/16 Quran Study From Behrouz 616 Sura 64 By Rashad Nothing Happens Except Sura 70 By Edip Worry Chast,source,,ok
public/content/audio/quran-studies/thumbnails/17-quran-study-from-behrouz-717-sura-90-and-sura-91-by-rashad-sura-82-and-sura-83-by-edip-07-21-1989no-7.jpg,15633,5f64e42c08085d92642f773cf2372c145246c0e41a45fe1797f32d7190329aac,342,193,jpg,public/data/generated_indices/AUDIOS_LIST.json;public/data/generated_indices/MASTER_INDEX.json,2,quran-study/17 Quran Study From Behrouz 717 Sura 90 & Sura 91 By Rashad Sura 82 & Sura 83 By Edip 07 21 1989No 7,source,,ok
public/content/audio/quran-studies/thumbnails/18-quran-study-from-behrouz-818-sura-61-and-sura-87-and-sura-94-by-rashad-sura-81-by-edip-no-8.jpg,10534,d572877672047948ef2a39b54b95a6bb942ad80f45ab83cb9373dda986e82161,343,193,jpg,public/data/generated_indices/AUDIOS_LIST.json;public/data/generated_indices/MASTER_INDEX.json,2,quran-study/18 Quran Study From Behrouz 818 Sura 61 & Sura 87 & Sura 94 By Rashad Sura 81 By Edip No 8,source,,ok
public/content/audio/quran-studies/thumbnails/19-quran-study-from-behrouz-919-sura-289-119-witchcraft-reverting-intro-to-blue-quran-no-13.jpg,14486,99905f057468a9525d261289539051dc2ae475771a09127694eb40439184018f,343,193,jpg,public/data/generated_indices/AUDIOS_LIST.json;public/data/generated_indices/MASTER_INDEX.json,2,quran-study/19 Quran Study From Behrouz 919 Sura 2;89 119 Witchcraft Reverting Intro To Blue Quran No 13,source,,ok
public/content/audio/quran-studies/thumbnails/20-quran-study-from-behrouz-1020-sura-3-by-m-sabahi-insurance-fear-worry.jpg,8975,5dffb5a43006107fe978e1debcc25d7b340bfc2f86dda41c1af54c294b44c4dd,343,192,jpg,public/data/generated_indices/AUDIOS_LIST.json;public/data/generated_indices/MASTER_INDEX.json,2,quran-study/20 Quran Study From Behrouz 1020 Sura 3 By M Sabahi Insurance Fear Worry,source,,ok
public/content/audio/quran-studies/thumbnails/21-quran-study-from-behrouz-1121-sura-952-by-rashad-the-hypocrites-apology-to-parivash-sura-5675-b.jpg,12793,cf077e7b572d1ed13afb791f061f85de78eec3074884adc79cbaec956828b27c,343,193,jpg,public/data/generated_indices/AUDIOS_LIST.json;public/data/generated_indices/MASTER_INDEX.json,2,quran-study/21 Quran Study From Behrouz 1121 Sura 9;52 By Rashad The Hypocrites Apology To Parivash Sura 56;75 B,source,,ok
public/content/audio/quran-studies/thumbnails/22-quran-study-from-behrouz-1222-sura-3911-by-rashad-admission-test-i-dont-compromise-with-a-littl.jpg,23223,166877838c7ba4dd4905d983787bc07c16cb7dfa63be321ac0b9b45f745dd9bb,343,193,jpg,public/data/generated_indices/AUDIOS_LIST.json;public/data/generated_indices/MASTER_INDEX.json,2,quran-study/22 Quran Study From Behrouz 1222 Sura 39;11 By Rashad Admission Test I Don't Compromise With A Littl,source,,ok
public/content/audio/quran-studies/thumbnails/23-quran-study-from-behrouz-1323-sura-51-by-douglas-new-era-believers-are-protected-from-accidents-and.jpg,16244,67a894b80bf1497432be42e2be781c4d9b7e817a5375a42de63daca920a0645c,343,192,jpg,public/data/generated_indices/AUDIOS_LIST.json;public/data/generated_indices/MASTER_INDEX.json,2,quran-study/23 Quran Study From Behrouz 1323 Sura 51 By Douglas New Era Believers Are Protected From Accidents &,source,,ok
public/content/audio/quran-studies/thumbnails/24-quran-study-from-behrouz-1424-sura-55-by-lori-alfatehe-sura-56-by-naghmeh.jpg,7595,db3298a9d71a8f299ce7acca4cd2f8ba7b8a2e965e08fc9d1cf4773dbf37d944,343,193,jpg,public/data/generated_indices/AUDIOS_LIST.json;public/data/generated_indices/MASTER_INDEX.json,2,quran-study/24 Quran Study From Behrouz 1424 Sura 55 By Lori Alfatehe Sura 56 By Naghmeh,source,,ok
public/content/audio/quran-studies/thumbnails/25-quran-study-from-behrouz-1525-sura-58-by-robert.jpg,7306,f60b418233087bc9833de305fcc360ef0e1b61b71835f356279f923f592c3770,343,193,jpg,public/data/generated_indices/AUDIOS_LIST.json;public/data/generated_indices/MASTER_INDEX.json,2,quran-study/25 Quran Study From Behrouz 1525 Sura 58 By Robert,source,,ok
public/content/audio/quran-studies/thumbnails/26-quran-study-from-behrouz-1626-sura-67-by-gatut-hamid-argues-with-rashad.jpg,12589,d52a37d4b14063134b2cfad77703ee643e585eb3000254a98c8c92735b3962b2,343,193,jpg,public/data/generated_indices/AUDIOS_LIST.json;public/data/generated_indices/MASTER_INDEX.json,2,quran-study/26 Quran Study From Behrouz 1626 Sura 67 By Gatut Hamid Argues With Rashad,source,,ok
public/content/audio/quran-studies/thumbnails/27-quran-study-from-behrouz-1727-sura-1419-chastity-premarital-pregnancy-sura-1747-we-are-allowed.jpg,36443,5047baae264270a2ebc6dfee0d2b44dce49c77cec068904363167add1760cd6f,343,193,jpg,public/data/generated_indices/AUDIOS_LIST.json;public/data/generated_indices/MASTER_INDEX.json,2,quran-study/27 Quran Study From Behrouz 1727 Sura 14;19 Chastity Premarital Pregnancy Sura 17;47 We Are Allowed,source,,ok
public/content/audio/quran-studies/thumbnails/28-quran-study-from-parivash-128-sura-4533-parivashs-home-19-math.jpg,8548,d98b012d0b74a485cf1a6960930060cfabf4a3f93068df901962494704ff86f9,342,193,jpg,public/data/generated_indices/AUDIOS_LIST.json;public/data/generated_indices/MASTER_INDEX.json,2,quran-study/28 Quran Study From Parivash 128 Sura 45;33 Parivash's Home 19 Math,source,,ok
public/content/audio/quran-studies/thumbnails/29-quran-study-from-parivash-229-mehris-questions-admission-test-and-final-test-tucson-1985.jpg,5286,cbc30e0aa00ba21c8d52f6b037eb6b4763b98a99044db70560a7a5c2499a5ba1,343,192,jpg,public/data/generated_indices/AUDIOS_LIST.json;public/data/generated_indices/MASTER_INDEX.json,2,quran-study/29 Quran Study From Parivash 229 Mehri's Questions Admission Test & Final Test Tucson 1985,source,,ok
public/content/audio/quran-studies/thumbnails/30-quran-study-from-parivash-330-sura-28-and-sura-57-insurance-with-god-sura-4533-rashad-was-told-to.jpg,27110,d83fcd977ccc8992fb9cff9df4c99380f640397498cc0236b3541eb01e1c19c5,386,216,jpg,public/data/generated_indices/AUDIOS_LIST.json;public/data/generated_indices/MASTER_INDEX.json,2,quran-study/30 Quran Study From Parivash 330 Sura 28 & Sura 57 Insurance With GOD Sura 45;33 Rashad Was Told To,source,,ok
public/content/audio/quran-studies/thumbnails/31-quran-study-from-parivash-431-sura-1898-and-sura-81-edip-azan-and-salat-by-rashad-11-04-1989.jpg,6074,2f2c2c55ece6b3464ddf383686df4b46b5d077ca2d640b0e28e182bb03f6d539,343,193,jpg,public/data/generated_indices/AUDIOS_LIST.json;public/data/generated_indices/MASTER_INDEX.json,2,quran-study/31 Quran Study From Parivash 431 Sura 18;98 & Sura 81 Edip Azan & Salat By Rashad 11 04 1989,source,,ok
public/content/audio/quran-studies/thumbnails/32-quran-study-from-parivash-532-sura-60-and-sura-61-rich-believer-certainty-insurance-114-min-12-28-8.jpg,12593,0c01755ddcfcc9dbfd4e61ee077011ca5033bf5d8c38fac3a5f713ca2d167ee3,386,216,jpg,public/data/generated_indices/AUDIOS_LIST.json;public/data/generated_indices/MASTER_INDEX.json,2,quran-study/32 Quran Study From Parivash 532 Sura 60 & Sura 61 Rich Believer Certainty Insurance 114 Min 12 28 8,source,,ok
public/content/audio/quran-studies/thumbnails/33-quran-study-from-parivash-633-sura-74-masud-sabahi-06-02-1989.jpg,8676,96010bd0cdb34707f7a6075aae38d5df4dc6a5e889f734f036788441617a0efb,387,217,jpg,public/data/generated_indices/AUDIOS_LIST.json;public/data/generated_indices/MASTER_INDEX.json,2,quran-study/33 Quran Study From Parivash 633 Sura 74 Masud Sabahi 06 02 1989,source,,ok
public/content/audio/quran-studies/thumbnails/34-quran-study-from-parivash-734-sura-33-god-is-physical-innovations-praying-and-prostrating-after-sal.jpg,22611,5df66b8f77937e7492b43f00fb0c56abd9deeae724402985839d7a6f83686d18,386,216,jpg,public/data/generated_indices/AUDIOS_LIST.json;public/data/generated_indices/MASTER_INDEX.json,2,quran-study/34 Quran Study From Parivash 734 Sura 33 GOD Is Physical Innovations Praying & Prostrating After Sal,source,,ok
public/content/audio/quran-studies/thumbnails/35-quran-study-from-parivash-835-sura-3025-miracle-coming-out-of-biggest-brewery-intercession-alleg.jpg,22493,a995a4d9e9e5a3faf4a9a6b086de3bef47af4c768e9ee6ad203d8f2f2abee0c4,386,215,jpg,public/data/generated_indices/AUDIOS_LIST.json;public/data/generated_indices/MASTER_INDEX.json,2,quran-study/35 Quran Study From Parivash 835 Sura 30;25 Miracle Coming Out Of Biggest Brewery Intercession Alleg,source,,ok
public/content/audio/quran-studies/thumbnails/36-quran-study-from-parivash-936-after-fajr-prayer-i-make-deliberate-mistakes-to-destroy-idols-origi.jpg,23780,a8483bf76e101124ffeab90c4c484c7c765fddd0d1760b11c8eb6bde44ae7b9e,386,216,jpg,public/data/generated_indices/AUDIOS_LIST.json;public/data/generated_indices/MASTER_INDEX.json,2,quran-study/36 Quran Study From Parivash 936 After Fajr Prayer I Make Deliberate Mistakes To Destroy Idols Origi,source,,ok
public/content/audio/quran-studies/thumbnails/37-quran-study-from-parivash-1037-shakiras-home-sura-1168-11-04-1989.jpg,12491,30c750a498a111cea132697d1df5eb6d22aaab808b065d8b68f5c6c7d784f95a,386,217,jpg,public/data/generated_indices/AUDIOS_LIST.json;public/data/generated_indices/MASTER_INDEX.json,2,quran-study/37 Quran Study From Parivash 1037 Shakira's Home Sura 11;68 11 04 1989,source,,ok
public/content/audio/quran-studies/thumbnails/38-quran-study-from-parivash-1138-certainty-11-29-1989.jpg,10290,7ccbdf71da5cd28953b2a3ae731190b445f737f3709220273978df7f25976dea,387,217,jpg,public/data/generated_indices/AUDIOS_LIST.json;public/data/generated_indices/MASTER_INDEX.json,2,quran-study/38 Quran Study From Parivash 1138 Certainty 11 29 1989,source,,ok
public/content/audio/quran-studies/thumbnails/39-quran-study-from-parivash-1239-sura-60-and-sura-61-rich-believer-certainty-insurance-114-min-12-28.jpg,23159,5043465b29e897b9ae51edf41aa2e62398f716d45755a47e521f7e0024cf8dd7,386,218,jpg,public/data/generated_indices/AUDIOS_LIST.json;public/data/generated_indices/MASTER_INDEX.json,2,quran-study/39 Quran Study From Parivash 1239 Sura 60 & Sura 61 Rich Believer Certainty Insurance 114 Min 12 28,source,,ok
public/content/audio/quran-studies/thumbnails/40-quran-study-from-parivash-1340-sura-359-12-29-1989.jpg,10934,49486dfd26f4010d9b4f4961ae390d0ca28b3ba2d7feba93d8986a789c3af765,386,217,jpg,public/data/generated_indices/AUDIOS_LIST.json;public/data/generated_indices/MASTER_INDEX.json,2,quran-study/40 Quran Study From Parivash 1340 Sura 3;59 12 29 1989,source,,ok
public/content/audio/quran-studies/thumbnails/41-quran-study-from-parivash-1441-sura-54-by-rashad-alfateha-for-anything-you-wish-extreme-libertari.jpg,18366,d390b456950d9eb872758ed1ae32ec7782658030a52afe3b6242619f8abfc2e7,387,217,jpg,public/data/generated_indices/AUDIOS_LIST.json;public/data/generated_indices/MASTER_INDEX.json,2,quran-study/41 Quran Study From Parivash 1441 Sura 54 By Rashad Alfateha For Anything You Wish Extreme Libertari,source,,ok
public/content/audio/quran-studies/thumbnails/42-quran-study-from-roxana-142-interview-with-rashad-by-ray-caton-insurance-interest.jpg,17357,22e0c1f7a7940ac9e7e69534081e8107253b5c53bbc33a50aa27175a759ec302,386,217,jpg,public/data/generated_indices/AUDIOS_LIST.json;public/data/generated_indices/MASTER_INDEX.json,2,quran-study/42 Quran Study From Roxana 142 Interview With Rashad By Ray Caton Insurance Interest,source,,ok
public/content/audio/quran-studies/thumbnails/43-quran-study-from-roxana-243-third-international-conference-tucson-rashads-speech-sura-1739-insu.jpg,28239,15af225a4199d6bf8debb7f2129a7c2448ffd9f74d151538d08322af26f2d186,387,218,jpg,public/data/generated_indices/AUDIOS_LIST.json;public/data/generated_indices/MASTER_INDEX.json,2,quran-study/43 Quran Study From Roxana 243 Third International Conference Tucson Rashad's Speech Sura 17;39 Insu,source,,ok
public/content/audio/quran-studies/thumbnails/44-quran-study-from-roxana-344-sura-64-by-rashad-nothing-happens-angels-are-best-surgons-sura-59-by.jpg,19082,93698af4fc634019816da92c14f06aa1d04b7d683b459be6e348883cb418bab0,343,193,jpg,public/data/generated_indices/AUDIOS_LIST.json;public/data/generated_indices/MASTER_INDEX.json,2,quran-study/44 Quran Study From Roxana 344 Sura 64 By Rashad Nothing Happens Angels Are Best Surgons Sura 59 By,source,,ok
public/content/audio/quran-studies/thumbnails/45-quran-study-from-roxana-445-sura-40-by-rashad-firozs-home-deja-vu-believers-usually-95-yrs-old-f.jpg,24276,c000be01a9a84f9218914858a3d4e67d8426cd6b0d38154769a585cc2065eedd,386,216,jpg,public/data/generated_indices/AUDIOS_LIST.json;public/data/generated_indices/MASTER_INDEX.json,2,quran-study/45 Quran Study From Roxana 445 Sura 40 By Rashad Firoz's Home Deja Vu Believers Usually 95 Yrs Old F,source,,ok
public/content/audio/quran-studies/thumbnails/46-quran-study-from-roxana-546-sura-37159-to-3825-sura-950-and-sura-3911-admission-test-i-dont-co.jpg,32080,fc27db550dc101fb27c98da039c8a1fbb324b8bdf99633311ad3febef7bd3f74,386,217,jpg,public/data/generated_indices/AUDIOS_LIST.json;public/data/generated_indices/MASTER_INDEX.json,2,quran-study/46 Quran Study From Roxana 546 Sura 37;159 To 38;25 Sura 9;50 & Sura 39;11 Admission Test I Don't Co,source,,ok
public/content/audio/quran-studies/thumbnails/47-quran-study-from-roxana-647-introduction-to-blue-quran-sura-1-and-beginning-of-sura-2.jpg,18483,1195a0af8b3683af8e54d6aca8690b4829ceaaa040b233ca90443c5eb45ea13a,386,216,jpg,public/data/generated_indices/AUDIOS_LIST.json;public/data/generated_indices/MASTER_INDEX.json,2,quran-study/47 Quran Study From Roxana 647 Introduction To Blue Quran Sura 1 & Beginning Of Sura 2,source,,ok
public/content/audio/quran-studies/thumbnails/48-quran-study-48-rashads-speech-parivashs-home-salat-zakat-fazeli-a-muhamaden-argues-01-11-1989.jpg,17377,d2fb216bca9d479581cafac55535f09cb81c9d4252810f1100f2addc225f0deb,386,216,jpg,public/data/generated_indices/AUDIOS_LIST.json;public/data/generated_indices/MASTER_INDEX.json,2,quran-study/48 Quran Study 48 Rashad's Speech Parivash's Home Salat Zakat Fazeli A Muhamaden Argues 01 11 1989,source,,ok
public/content/audio/quran-studies/thumbnails/49-quran-study-49-speech-of-rashad-parivashs-home-19-math-11-05-1989.jpg,14581,1b2b692cb43ec77b7d1cef331db1982b53ade2e93253ec28216456cdee1598b7,386,216,jpg,public/data/generated_indices/AUDIOS_LIST.json;public/data/generated_indices/MASTER_INDEX.json,2,quran-study/49 Quran Study 49 Speech Of Rashad Parivash's Home 19 Math 11 05 1989,source,,ok
public/content/audio/quran-studies/thumbnails/50-quran-study-50-sura-92-and-sura-93-and-sura-94-by-kathryn-zakat-not-limited-to-earned-money-07-27-198.jpg,18759,2bff972059901b1b9bb892507f54077b6642c5f63e4335e99fab3514d05c0527,386,217,jpg,public/data/generated_indices/AUDIOS_LIST.json;public/data/generated_indices/MASTER_INDEX.json,2,quran-study/50 Quran Study 50 Sura 92 & Sura 93 & Sura 94 By Kathryn Zakat Not Limited To Earned Money 07 27 198,source,,ok
public/content/audio/quran-studies/thumbnails/51-quran-study-51-sura-1759-rashad-1990.jpg,8081,2635b57a9b9013aa732a35a20cdb6f20d1d2941c4ea9c2d5e83bb1f41a3df73e,387,217,jpg,public/data/generated_indices/AUDIOS_LIST.json;public/data/generated_indices/MASTER_INDEX.json,2,quran-study/51 Quran Study 51 Sura 17;59 Rashad 1990,source,,ok
public/content/audio/quran-studies/thumbnails/52-quran-study-5889-by-linda-sura-1-and-2-partial.png,142495,3b7b952edcf34ae337857e4b47adffb8eb1fe7c848658a17391de9f47be441de,1024,576,png,public/data/generated_indices/AUDIOS_LIST.json;public/data/generated_indices/MASTER_INDEX.json,2,quran-study/52 Quran Study 5889 by Linda Sura 1 & 2 partial,source,,ok
public/content/books/thumbnails/ETERNITY - Screenplay.png,25231,49d2274384f3a2a9e1472a2c1c4493518ec1cd35e9ab2e80264efceae1b9321e,596,842,png,public/data/generated_indices/BOOKS_LIST.json;public/data/generated_indices/MASTER_INDEX.json,2,eternity-screenplay,generated,,ok
public/content/books/thumbnails/English Meanings of the Quran.png,148965,1945895b1e906120b1007603c177ec624701293213b2b7e84c3f3a50a9805433,596,842,png,public/data/generated_indices/BOOKS_LIST.json;public/data/generated_indices/MASTER_INDEX.json,2,english-meanings-of-the-quran,generated,,ok
public/content/books/thumbnails/Hard Cover 1989.png,2896409,80e65603e4634c3baaaca3dc5d0a850536e9e9fe314d0b35375272b638d32418,984,1448,png,public/data/generated_indices/BOOKS_LIST.json;public/data/generated_indices/MASTER_INDEX.json,2,hard-cover-1989,generated,,unoptimized
"public/content/books/thumbnails/ISLAM (Vol. 1, 2, 3, 4).png",2213530,8a7d132205bda69f0b00f1de5f5a987307317f53a16cf153ede6e12ce0b25b38,1024,1535,png,public/data/generated_indices/BOOKS_LIST.json;public/data/generated_indices/MASTER_INDEX.json,2,islam-vol-1-2-3-4,generated,,unoptimized
public/content/books/thumbnails/Islam - Volume 1.png,672550,4ccf13c333545636d296f5d2535a000c0ae2ec08aa481c8c4b04bdffea44f06e,500,792,png,,0,,generated,,unoptimized
public/content/books/thumbnails/MQ.png,2940843,bcae5b39bd1fef85f706d01d38fcea8bd5f9fc31c0841d09648d6ebda66029ec,1046,1504,png,,0,,generated,group-20,unoptimized
public/content/books/thumbnails/Miracle of Quran - Significance of the Mysterious Alphabets.png,2940843,bcae5b39bd1fef85f706d01d38fcea8bd5f9fc31c0841d09648d6ebda66029ec,1046,1504,png,public/data/generated_indices/BOOKS_LIST.json;public/data/generated_indices/MASTER_INDEX.json,2,miracle-of-quran-alphabets,generated,group-20,unoptimized
public/content/books/thumbnails/Quran - Visual Presentation of the Miracle.png,38019,353a3d817bf72587039ac1aac441e00725145f2ffb9c74d58257e2fabd86099f,435,652,png,public/data/generated_indices/BOOKS_LIST.json;public/data/generated_indices/MASTER_INDEX.json,2,quran-visual-presentation,generated,,ok
"public/content/books/thumbnails/Quran, Hadith, and Islam.png",41399,68f418518051cad4059f71e055a56afdc5a79d4ff01533eaa19f7a7d4200e5fc,424,640,png,public/data/generated_indices/BOOKS_LIST.json;public/data/generated_indices/MASTER_INDEX.json,2,quran-hadith-islam,generated,,ok
public/content/books/thumbnails/Quran1981.png,3159131,de579e3298788c6cc2222a4dbf6e1dbb6c23d0aa0389c9a58b7e55fd3d858225,905,1397,png,public/data/generated_indices/BOOKS_LIST.json;public/data/generated_indices/MASTER_INDEX.json,2,quran1981,generated,,unoptimized
public/content/books/thumbnails/The Computer Speaks God's Message to the World.png,21664,cd729291dabcf4ac48580f5c9d2664de020ab223de3b28a5bc77f97a2a0bcdfa,297,428,png,public/data/generated_indices/BOOKS_LIST.json;public/data/generated_indices/MASTER_INDEX.json,2,computer-speaks,generated,,ok
public/content/books/thumbnails/The Contact Prayers.png,73530,d46c8f86164c8fdf8c83934283d45ac2e0ef2384b499ede8f44e0248f244ea5e,596,842,png,public/data/generated_indices/BOOKS_LIST.json;public/data/generated_indices/MASTER_INDEX.json,2,salat-booklet,generated,,ok
public/content/books/thumbnails/The Perpetual Miracle of Muhammad.png,9017,7a3b0f4c2b4d923409b5b020d8d472582c4f0edd77052d336adb8876ef9662bb,397,596,png,public/data/generated_indices/BOOKS_LIST.json;public/data/generated_indices/MASTER_INDEX.json,2,perpetual-miracle,generated,,ok
public/content/books/thumbnails/perpetual_miracle.jpg,30460,dcb132dd65414c874efd2fcb050a89f9c5ec00a6206eec8878796d482432e9c0,900,1350,jpg,,0,,generated,,ok
public/content/books/thumbnails/salat_booklet.jpg,100510,5a963f9b41b0f826200ddb0e7a4d149651db0fec795e4b668e815bf11f5adbf0,900,1273,jpg,,0,,generated,,ok
public/content/newsletter/thumbnails/1985_02_February.jpg,106631,81a7ee74f9c2351f361af90edfc5c5770e834f66143c0289563be32a42515716,720,510,jpg,public/data/generated_indices/MASTER_INDEX.json,1,SP1985feb,generated,,ok
public/content/newsletter/thumbnails/1985_03_March.jpg,97334,21575b0ff84bdf1985fdfc006ec5cc320eb142842affe1435f07ec28eff222de,720,511,jpg,public/data/generated_indices/MASTER_INDEX.json,1,SP1985mar,generated,,ok
public/content/newsletter/thumbnails/1985_04_April.jpg,114062,4b1dfd8448b5fc3196a8b07e7d15b538bf108b1ab7b7730b83891b2e364d234f,720,513,jpg,public/data/generated_indices/MASTER_INDEX.json,1,SP1985apr,generated,,ok
public/content/newsletter/thumbnails/1985_05_May.jpg,110460,d8a6322fa4076de1b933028bd254075f6236a3106f1c09e901a1081eb2fe108f,720,510,jpg,public/data/generated_indices/MASTER_INDEX.json,1,SP1985may,generated,,ok
public/content/newsletter/thumbnails/1985_06_June.jpg,96739,cfba647ccbe89a41917856f4acd10c2c6950b2f495b01f9b3765bf8a1d7fcbd6,720,511,jpg,public/data/generated_indices/MASTER_INDEX.json,1,SP1985jun,generated,,ok
public/content/newsletter/thumbnails/1985_07_July.jpg,115041,0fc3268b3f1810a6bcd84d4d06903d4c94302abf2f6d9160f28f2abfa6f5025b,720,510,jpg,public/data/generated_indices/MASTER_INDEX.json,1,SP1985jul,generated,,ok
public/content/newsletter/thumbnails/1985_08_August.jpg,118545,23075e5fcb8c7b93e6c1c0376dd2aa3627cda18c96689233ceadddbdfda61ab7,720,510,jpg,public/data/generated_indices/MASTER_INDEX.json,1,SP1985aug,generated,,ok
public/content/newsletter/thumbnails/1985_09_September.jpg,109860,5bd1752aa69e5ad15f31f836e0ed7bd50041c026d91e19e9fd045c02e2a74430,720,512,jpg,public/data/generated_indices/MASTER_INDEX.json,1,SP1985sep,generated,,ok
public/content/newsletter/thumbnails/1985_10_October.jpg,99782,59f12696f407ff5cbcb96504bf31a97e0fcecd03dba55d0a4ac2715a842349e0,720,510,jpg,public/data/generated_indices/MASTER_INDEX.json,1,SP1985oct,generated,,ok
public/content/newsletter/thumbnails/1985_11_November.jpg,117522,8e8a9c5aa261f578b5cbe979a99211105bf8451420928ce35fc2a77abd343d7f,720,511,jpg,public/data/generated_indices/MASTER_INDEX.json,1,SP1985nov,generated,,ok
public/content/newsletter/thumbnails/1985_12_December.jpg,117218,a0a16011d420421f15c4db3c73e90f5dae67944132f12282fed50abd2c6e4b06,720,511,jpg,public/data/generated_indices/MASTER_INDEX.json,1,SP1985dec,generated,,ok
public/content/newsletter/thumbnails/1986_01_January.jpg,111423,f1807431847a703bb316ee1a679ccdc975eeef07a97b63a119b2fd98f6e50755,720,511,jpg,public/data/generated_indices/MASTER_INDEX.json,1,SP1986jan,generated,,ok
public/content/newsletter/thumbnails/1986_02_February.jpg,111080,dc1e9f25f9b2a0fb63285131188d29b04ef2b1e13b0f476ee467463ef4ed0d61,720,511,jpg,public/data/generated_indices/MASTER_INDEX.json,1,SP1986feb,generated,,ok
public/content/newsletter/thumbnails/1986_03_March.jpg,115846,d021187cd741a8b32b97835ff70f9e9e4cf0d5cff0d446f40f2269efd9b0bfe6,720,513,jpg,public/data/generated_indices/MASTER_INDEX.json,1,SP1986mar,generated,,ok
public/content/newsletter/thumbnails/1986_04_April.jpg,111524,9d5b7dc4846e831f5f2994df226fce37c862ef7a213f2d3b24ef42a044e4bbec,720,513,jpg,public/data/generated_indices/MASTER_INDEX.json,1,SP1986apr,generated,,ok
public/content/newsletter/thumbnails/1986_05_May.jpg,119457,f3b87bb1c299d9b14bb8310c578a65834884aa7fd324067aa09a85a93dd2148e,720,510,jpg,public/data/generated_indices/MASTER_INDEX.json,1,SP1986may,generated,,ok
public/content/newsletter/thumbnails/1986_06_June.jpg,102489,c3b47d4423a894327235decada6a62e724d30136d127588704c2f628c8d4b7f2,720,510,jpg,public/data/generated_indices/MASTER_INDEX.json,1,SP1986jun,generated,,ok
public/content/newsletter/thumbnails/1986_07_July.jpg,93762,788baaf84c4bb51e9b5719cc279faa3542b57961f306c08e23fb80c7c6389527,720,511,jpg,public/data/generated_indices/MASTER_INDEX.json,1,SP1986jul,generated,,ok
public/content/newsletter/thumbnails/1986_08_August.jpg,115212,ec92e3bbc8691eb1a1eef79c36d6ba18904e54e2656775ad7aec70051c10439b,720,510,jpg,public/data/generated_indices/MASTER_INDEX.json,1,SP1986aug,generated,,ok
public/content/newsletter/thumbnails/1986_09_September.jpg,114210,c90a69218c654b3e9a2fbfb6087af650b6aa0227ce6603b0d51ec21059bc6074,720,511,jpg,public/data/generated_indices/MASTER_INDEX.json,1,SP1986sep,generated,,ok
public/content/newsletter/thumbnails/1986_10_October.jpg,109854,505bc6857e10deb95710b6eb012f70c08f438ff43a2f84ac3892093683808a10,720,511,jpg,public/data/generated_indices/MASTER_INDEX.json,1,SP1986oct,generated,,ok
public/content/newsletter/thumbnails/1986_11_November.jpg,109874,a3308a5a1108b74506899f396b2d9027cda3017614a9433f4430830094d8fe7c,720,510,jpg,public/data/generated_indices/MASTER_INDEX.json,1,SP1986nov,generated,,ok
public/content/newsletter/thumbnails/1986_12_December.jpg,115811,fe034407d5530ea907ba5c9e16904a20c3730d2ec30f33bf3f842c6871943543,720,514,jpg,public/data/generated_indices/MASTER_INDEX.json,1,SP1986dec,generated,,ok
public/content/newsletter/thumbnails/1987_01_January.jpg,116237,ede69003bad4b0aaf0b22fb36b08fad7548829e2ac5d6403322e1ef3113acb65,720,510,jpg,public/data/generated_indices/MASTER_INDEX.json,1,SP1987jan,generated,,ok
public/content/newsletter/thumbnails/1987_02_February.jpg,112089,545cda6ac5108cd89f53613666d892ef28ccee111cdc8ae76aac424155a906bb,720,510,jpg,public/data/generated_indices/MASTER_INDEX.json,1,SP1987feb,generated,,ok
public/content/newsletter/thumbnails/1987_03_March.jpg,121538,bed3e69b4634e635e0426812c55f4f81b68e921cf8b9b3984f7d9b13085b0e7f,720,510,jpg,public/data/generated_indices/MASTER_INDEX.json,1,SP1987mar,generated,,ok
public/content/newsletter/thumbnails/1987_04_April.jpg,91314,92bbb7d8f7209575b32a3929e102f2d0ecbe8d7346ccf13068223a09724ec28e,720,510,jpg,public/data/generated_indices/MASTER_INDEX.json,1,SP1987apr,generated,,ok
public/content/newsletter/thumbnails/1987_05_May.jpg,114262,48e421893c0e8a259f55b87a56ab924645faa7119004186099bc1acd03b351f1,720,510,jpg,public/data/generated_indices/MASTER_INDEX.json,1,SP1987may,generated,,ok
public/content/newsletter/thumbnails/1987_06_June.jpg,111443,265ce4675d4c9be0566478bf51247abfd39c0e3acf26a1dd818b76a9170672ff,720,512,jpg,public/data/generated_indices/MASTER_INDEX.json,1,SP1987jun,generated,,ok
public/content/newsletter/thumbnails/1987_07_July.jpg,113060,4c384d03c1d3147e2b57c6d72398ec437ecab0fec50adfa1a014ea186e32be9a,720,511,jpg,public/data/generated_indices/MASTER_INDEX.json,1,SP1987jul,generated,,ok
public/content/newsletter/thumbnails/1987_08_August.jpg,115440,c01409ae773c19b21c599d08d56084b1e63d920ecf1e5bb61259a2c77b0626ea,720,512,jpg,public/data/generated_indices/MASTER_INDEX.json,1,SP1987aug,generated,,ok
public/content/newsletter/thumbnails/1987_09_September.jpg,118993,265841e61e22344a474719a70b253e6ded83f5551a9bb068702294ca181ce6ca,720,512,jpg,public/data/generated_indices/MASTER_INDEX.json,1,SP1987sep,generated,,ok
public/content/newsletter/thumbnails/1987_10_October.jpg,119253,973b5758f8521bbac1e0dd7860c54de91d80ca9f9acfab7b8389a4856c8e6a90,720,511,jpg,public/data/generated_indices/MASTER_INDEX.json,1,SP1987oct,generated,,ok
public/content/newsletter/thumbnails/1987_11_November.jpg,114528,1a651123eac15b98b1e4a86c733313536bede585de630d4537acbb87c9faef27,720,512,jpg,public/data/generated_indices/MASTER_INDEX.json,1,SP1987nov,generated,,ok
public/content/newsletter/thumbnails/1987_12_December.jpg,105269,1a7b3804d0405a852a0da1b03d287464b5bf7f1eb8a175e4cffd475130915847,720,511,jpg,public/data/generated_indices/MASTER_INDEX.json,1,SP1987dec,generated,,ok
public/content/newsletter/thumbnails/1988_01_January.jpg,121485,832a5b8acae1831656c23c44243b2799d25de3894296eeeac139bc8927bc19a5,720,511,jpg,public/data/generated_indices/MASTER_INDEX.json,1,SP1988jan,generated,,ok
public/content/newsletter/thumbnails/1988_02_February.jpg,108447,a5434bce769562f04a4e1261d3cd60c2dee1b9b1d4640778b074e67614760458,720,511,jpg,public/data/generated_indices/MASTER_INDEX.json,1,SP1988feb,generated,,ok
public/content/newsletter/thumbnails/1988_03_March.jpg,124241,4c2dbcc7d34201b4eccc42d6d8be16772c52da8d9c8dae7ad9427f6dc11b0b43,720,514,jpg,public/data/generated_indices/MASTER_INDEX.json,1,SP1988mar,generated,,ok
public/content/newsletter/thumbnails/1988_04_April.jpg,127263,8ac7fbb68b2a89fc658c517f5beaf2d80ed64bc4eac8f33bb392d69e2bb83f3d,720,511,jpg,public/data/generated_indices/MASTER_INDEX.json,1,SP1988apr,generated,,ok
public/content/newsletter/thumbnails/1988_05_May.jpg,112644,23ee2cb3a11093acabbcfa08ec772d5645d5d81d0b9da8daad9ad6f12a0c39d8,720,512,jpg,public/data/generated_indices/MASTER_INDEX.json,1,SP1988may,generated,,ok
public/content/newsletter/thumbnails/1988_05_May_Bulletin.jpg,120059,9e6278003591c06fdc4854305a609570d0e46e856edd278efb6f1e58434c08df,720,511,jpg,,0,,generated,,ok
public/content/newsletter/thumbnails/1988_06_June.jpg,115279,3adce6590f67571434f0f14fb9b62dadc8ed5dd1028fa8e2a47fed2b3e7eee80,720,512,jpg,public/data/generated_indices/MASTER_INDEX.json,1,SP1988jun,generated,,ok
public/content/newsletter/thumbnails/1988_07_July.jpg,113701,e2632ab7f5955155eb54edcdc29451ea5c0a7495722f01db137e379843c884bd,720,511,jpg,public/data/generated_indices/MASTER_INDEX.json,1,SP1988jul,generated,,ok
public/content/newsletter/thumbnails/1988_08_August.jpg,109130,051ff29591e3d185cab2fdf15c3cf2efac07546cd72314f6165e7c0e357a3c91,720,511,jpg,public/data/generated_indices/MASTER_INDEX.json,1,SP1988aug,generated,,ok
public/content/newsletter/thumbnails/1988_09_September.jpg,108153,7f1d75e2d89f3d52f5bd97ce5f6e5c731bd5f0456f9aef50484665ae005c6efd,720,511,jpg,public/data/generated_indices/MASTER_INDEX.json,1,SP1988sep,generated,,ok
public/content/newsletter/thumbnails/1988_10_October.jpg,120874,2e5531799dd0f148762a7c3ded5687b9fe1e5c1443fab394e984c3dea31642cc,720,511,jpg,public/data/generated_indices/MASTER_INDEX.json,1,SP1988oct,generated,,ok
public/content/newsletter/thumbnails/1988_11_November.jpg,99902,758f69019982d742cd0ed60b228360be641919a9fc24c68d02cd22e268aa3e7b,720,510,jpg,public/data/generated_indices/MASTER_INDEX.json,1,SP1988nov,generated,,ok
public/content/newsletter/thumbnails/1988_12_December.jpg,116493,16ca2274afccbf8f00e64da253bea90271503ce8eb5150369ddb123f7da8b79d,720,512,jpg,public/data/generated_indices/MASTER_INDEX.json,1,SP1988dec,generated,,ok
public/content/newsletter/thumbnails/1989_01_January.jpg,92366,20decbe6ccaddc9971db17153ccc8faf4279a70c534984ff28c97ce5cba95481,720,512,jpg,public/data/generated_indices/MASTER_INDEX.json,1,SP1989jan,generated,,ok
public/content/newsletter/thumbnails/1989_02_February.jpg,90038,5da830926fe54c4ed81ab32493c720702e57c55b6e345d79cd7e27121fc61735,720,511,jpg,public/data/generated_indices/MASTER_INDEX.json,1,SP1989feb,generated,,ok
public/content/newsletter/thumbnails/1989_03_March.jpg,98704,e03d454159c57ea7722415e05e72ffa4ed4defc64a7be9cc98bcfe1ef51b611e,720,511,jpg,public/data/generated_indices/MASTER_INDEX.json,1,SP1989mar,generated,,ok
public/content/newsletter/thumbnails/1989_04_April.jpg,101953,f20576fab31df85485ccdd6a3cde0c62ef11d3cf647c08774e21a0ccc354a3ce,720,511,jpg,public/data/generated_indices/MASTER_INDEX.json,1,SP1989apr,generated,,ok
public/content/newsletter/thumbnails/1989_05_May.jpg,114541,86d66835f733fd65548b9d8abf52c4a4f4d39a4ff38743cc12a3301b0a5f0f90,720,510,jpg,public/data/generated_indices/MASTER_INDEX.json,1,SP1989may,generated,,ok
public/content/newsletter/thumbnails/1989_06_June.jpg,111439,408b8a97c405f7a493d701c29f218c4e7602520e5400e0bdca8ae3a5e19b1888,720,511,jpg,public/data/generated_indices/MASTER_INDEX.json,1,SP1989jun,generated,,ok
public/content/newsletter/thumbnails/1989_07_July.jpg,111585,6b7d59742fd86ff18e710930c2136c6e11d733ccb554e6f8488d350a39c56395,720,512,jpg,public/data/generated_indices/MASTER_INDEX.json,1,SP1989jul,generated,,ok
public/content/newsletter/thumbnails/1989_08_August.jpg,118274,78840b6dc9aa8d824cbf1e88731203989ad27692f7f1f068ece75855982fde5f,720,513,jpg,public/data/generated_indices/MASTER_INDEX.json,1,SP1989aug,generated,,ok
public/content/newsletter/thumbnails/1989_10_October.jpg,2685,2c36699ec32bd3aef52ca6490bf396ca83a8a9964723349f9f341c946a807fcf,720,510,jpg,public/data/generated_indices/MASTER_INDEX.json,1,SP1989oct,generated,,ok
public/content/newsletter/thumbnails/1989_11_November.jpg,120330,336aa48529bcc1c08146d9343525212f02c951b7fa8ae8ea585de2ae1c763519,720,510,jpg,public/data/generated_indices/MASTER_INDEX.json,1,SP1989nov,generated,,ok
public/content/newsletter/thumbnails/1989_12_December.jpg,117155,9d064d26eab70338f49f3c789d0cc9fd06d8e7091a7be2e18f236476698f2abc,720,510,jpg,public/data/generated_indices/MASTER_INDEX.json,1,SP1989dec,generated,,ok
public/content/newsletter/thumbnails/1990_01_January.jpg,121533,f09d27ebb3ba7c0c398b1278ef73d19d4b90aa57795f9ab9ad64d49faa640efa,720,511,jpg,public/data/generated_indices/MASTER_INDEX.json,1,SP1990jan,generated,,ok
public/content/newsletter/thumbnails/1990_01_January_bonus_issue.jpg,203517,feeb24bbbd48f054bd87feade5e06c9d8c4e35d7506f71ced417db8f21dd39e7,720,957,jpg,,0,,generated,,ok
public/content/newsletter/thumbnails/1990_02_February.jpg,121880,3e55e50af0e38039968b72b8f610fc861db9efae5f84a7297f8f83f076cf3232,720,510,jpg,public/data/generated_indices/MASTER_INDEX.json,1,SP1990feb,generated,,ok
public/content/newsletter/thumbnails/1990_03_March.jpg,122470,db3814510205074765bba982ff7ea986bd5218486307b03db69e6ea4c3920b0f,720,512,jpg,public/data/generated_indices/MASTER_INDEX.json,1,SP1990mar,generated,,ok
public/content/video/thumbnails/arabic-language-lessons-by-dr-rashad-khalifa.jpg,7506,4a0834676d041da9c294b2ea4c4c18ca21a5f757de313e4df6f41e3851faec3d,480,360,jpg,public/data/generated_indices/MASTER_INDEX.json;public/data/generated_indices/VIDEO_PROGRAMS_LIST.json,2,video-program/arabic-language-lessons-by-dr-rashad-khalifa,generated,group-7,ok
public/content/video/thumbnails/city-council-al-fatiha-recitation-by-dr-rashad-khalifa.jpg,7431,3254751235a3897fd9a295f55bf400103a00045b317e2a87bf92702d70f38392,480,360,jpg,public/data/generated_indices/MASTER_INDEX.json;public/data/generated_indices/VIDEO_PROGRAMS_LIST.json,2,video-program/city-council-al-fatiha-recitation-by-dr-rashad-khalifa,generated,group-4,ok
public/content/video/thumbnails/essentials-of-submission-islam.jpg,7948,c5fd04c866cf2838b45e59f405c159d5f34ba3a8383fef93a8570ddfabb92914,480,360,jpg,public/data/generated_indices/MASTER_INDEX.json;public/data/generated_indices/VIDEO_PROGRAMS_LIST.json,2,video-program/essentials-of-submission-islam,generated,group-22,ok
public/content/video/thumbnails/evolution-or-creation-the-final-argument-by-dr-rashad-khalifa.jpg,6924,72aed1ef40a121833c2f2791573c554376868c1a11dc383bb3436813af039e98,480,360,jpg,public/data/generated_indices/MASTER_INDEX.json;public/data/generated_indices/VIDEO_PROGRAMS_LIST.json,2,video-program/evolution-or-creation-the-final-argument-by-dr-rashad-khalifa,generated,group-9,ok
public/content/video/thumbnails/excerpts-from-a-radio-debate-with-dr-rashad-khalifa.jpg,11806,80daf18e061bea526a3793feeb0d1c1a243d8c89f011154b270b70b71a719c51,480,360,jpg,public/data/generated_indices/MASTER_INDEX.json;public/data/generated_indices/VIDEO_PROGRAMS_LIST.json,2,video-program/excerpts-from-a-radio-debate-with-dr-rashad-khalifa,generated,group-12,ok
public/content/video/thumbnails/friday-sermon-classification-of-creatures-loving-god-hell-is-not-enough-12091988.webp,5956,19a152edf523e225278473f396f3c02176b4af8b03d7ae13998c326dccb9afed,480,360,webp,public/data/generated_indices/MASTER_INDEX.json;public/data/generated_indices/VIDEO_PROGRAMS_LIST.json,2,video-program/friday-sermon-classification-of-creatures-loving-god-hell-is-not-enough-12091988,generated,,ok
public/content/video/thumbnails/friday-sermon-evidence-is-increasing-this-life-is-a-school-for-the-eternal-life-111987.webp,5222,f63ce5829207ca6fd1508899a7fdec0eabd9e3b510951475cbedf2c9ac475f80,480,360,webp,public/data/generated_indices/MASTER_INDEX.json;public/data/generated_indices/VIDEO_PROGRAMS_LIST.json,2,video-program/friday-sermon-evidence-is-increasing-this-life-is-a-school-for-the-eternal-life-111987,generated,,ok
public/content/video/thumbnails/friday-sermon-god-is-doing-everything-story-about-ahmed-subhy-mansour-1221988.webp,6090,d02ed7957d2e11721bb2c5e663f0c31ecd848699de8109c60336063f792ea48d,480,360,webp,public/data/generated_indices/MASTER_INDEX.json;public/data/generated_indices/VIDEO_PROGRAMS_LIST.json,2,video-program/friday-sermon-god-is-doing-everything-story-about-ahmed-subhy-mansour-1221988,generated,,ok
public/content/video/thumbnails/friday-sermon-knowing-god-god-is-doing-everything-06051987.webp,6332,673955d2ed9aab192ba964008f8348d548be12ef4dd37b96d9cc7f5310e8cb48,480,360,webp,public/data/generated_indices/MASTER_INDEX.json;public/data/generated_indices/VIDEO_PROGRAMS_LIST.json,2,video-program/friday-sermon-knowing-god-god-is-doing-everything-06051987,generated,,ok
public/content/video/thumbnails/friday-sermon-marriage-importance-of-love-muhammads-example-04081988.webp,6620,84e6dc6b6e36fec0509b5630cac5e5c19bc9a9c7fcb103e1fb9e2fde1a4fee65,480,360,webp,public/data/generated_indices/MASTER_INDEX.json;public/data/generated_indices/VIDEO_PROGRAMS_LIST.json,2,video-program/friday-sermon-marriage-importance-of-love-muhammads-example-04081988,generated,,ok
public/content/video/thumbnails/friday-sermon-miracle-of-miracles-al-fatiha-proving-the-five-salat-12081989.webp,6046,f63081536be0bb98dbd92bd67b953d7d99b2d091a996c6bbe5d1c2676aa5715b,480,360,webp,public/data/generated_indices/MASTER_INDEX.json;public/data/generated_indices/VIDEO_PROGRAMS_LIST.json,2,video-program/friday-sermon-miracle-of-miracles-al-fatiha-proving-the-five-salat-12081989,generated,,ok
public/content/video/thumbnails/friday-sermon-more-evidence-memorize-this-supplication-for-divine-protection-111987.webp,4708,54bf7d4d9ee80eb4a6078fbe57dbcdda94f73565b5f026684f97a7f8d46c3b85,480,360,webp,public/data/generated_indices/MASTER_INDEX.json;public/data/generated_indices/VIDEO_PROGRAMS_LIST.json,2,video-program/friday-sermon-more-evidence-memorize-this-supplication-for-divine-protection-111987,generated,,ok
public/content/video/thumbnails/friday-sermon-natural-instinct-who-is-the-real-you-how-to-find-perfect-happiness-05271988.webp,5914,fbd4e3e1b6710e0e857dc09c2adf550065349765c26d43f3f50a8a96d4a04c35,480,360,webp,public/data/generated_indices/MASTER_INDEX.json;public/data/generated_indices/VIDEO_PROGRAMS_LIST.json,2,video-program/friday-sermon-natural-instinct-who-is-the-real-you-how-to-find-perfect-happiness-05271988,generated,,ok
public/content/video/thumbnails/friday-sermon-original-sin-only-god-guides-majority-of-believers-are-going-to-hell-03031989.webp,4498,2e63235129525c2d6cf9e472717c07ce1d0a0c751bdec41c6a0a408970d0b147,480,360,webp,public/data/generated_indices/MASTER_INDEX.json;public/data/generated_indices/VIDEO_PROGRAMS_LIST.json,2,video-program/friday-sermon-original-sin-only-god-guides-majority-of-believers-are-going-to-hell-03031989,generated,,ok
public/content/video/thumbnails/friday-sermon-our-purpose-gods-kingdom-vs-satans-kingdom-abrahams-dream-03041988.webp,7736,700c9da5d878512b1e8b665a250d72997a06a772fb528d89cdd2ec4210aace54,480,360,webp,public/data/generated_indices/MASTER_INDEX.json;public/data/generated_indices/VIDEO_PROGRAMS_LIST.json,2,video-program/friday-sermon-our-purpose-gods-kingdom-vs-satans-kingdom-abrahams-dream-03041988,generated,,ok
public/content/video/thumbnails/friday-sermon-proclaiming-messengership-abrahams-religion-04151988.webp,9738,07b6d5b2e187b20fa038fe294e107144686340e6314350d2f93b1713f6e89332,640,480,webp,public/data/generated_indices/MASTER_INDEX.json;public/data/generated_indices/VIDEO_PROGRAMS_LIST.json,2,video-program/friday-sermon-proclaiming-messengership-abrahams-religion-04151988,generated,,ok
public/content/video/thumbnails/friday-sermon-proving-every-verse-word-letter-with-irrefutable-evidence-11091989.webp,5372,ee4c7a02725b22644ac5748f5568c25ad3835cf3a6af113893ea90034b611545,480,360,webp,public/data/generated_indices/MASTER_INDEX.json;public/data/generated_indices/VIDEO_PROGRAMS_LIST.json,2,video-program/friday-sermon-proving-every-verse-word-letter-with-irrefutable-evidence-11091989,generated,,ok
public/content/video/thumbnails/friday-sermon-proving-salat-al-jummah-the-righteous-go-straight-to-heaven-11261989.webp,4692,af6cb9e4686d6e04321c7277f21cdef8eb1043cdfd99976dfd07676dfd2e0c1a,480,360,webp,public/data/generated_indices/MASTER_INDEX.json;public/data/generated_indices/VIDEO_PROGRAMS_LIST.json,2,video-program/friday-sermon-proving-salat-al-jummah-the-righteous-go-straight-to-heaven-11261989,generated,,ok
public/content/video/thumbnails/friday-sermon-purpose-of-messengers-the-advent-of-the-pure-quran-03171989.webp,6416,3b3dff8edd3dae73fc5310bd919d7fb332356fd2dac9f22e818335e4b9be7c26,480,360,webp,public/data/generated_indices/MASTER_INDEX.json;public/data/generated_indices/VIDEO_PROGRAMS_LIST.json,2,video-program/friday-sermon-purpose-of-messengers-the-advent-of-the-pure-quran-03171989,generated,,ok
public/content/video/thumbnails/friday-sermon-quran-is-the-only-book-in-the-world-that-is-mathematically-composed-111987.webp,8728,d217f502f9ab49bcde99cfa312e18033430259f5554d632ebd6ba12fe43f0c83,480,360,webp,public/data/generated_indices/MASTER_INDEX.json;public/data/generated_indices/VIDEO_PROGRAMS_LIST.json,2,video-program/friday-sermon-quran-is-the-only-book-in-the-world-that-is-mathematically-composed-111987,generated,,ok
public/content/video/thumbnails/friday-sermon-rashad-explains-his-messengership-details-05161988.webp,4572,67cad384b58774bd9bc6098c3cf8d8446413e1cb4e70350c7cb852b40b5c45f6,480,360,webp,public/data/generated_indices/MASTER_INDEX.json;public/data/generated_indices/VIDEO_PROGRAMS_LIST.json,2,video-program/friday-sermon-rashad-explains-his-messengership-details-05161988,generated,,ok
public/content/video/thumbnails/friday-sermon-remember-god-constantly-submitter-vs-objector-01131989.webp,4782,d8d2f2e289f5c87c97cfc88f64eda1785a1c2e0047ed0a13c7560a1706f99a8f,480,360,webp,public/data/generated_indices/MASTER_INDEX.json;public/data/generated_indices/VIDEO_PROGRAMS_LIST.json,2,video-program/friday-sermon-remember-god-constantly-submitter-vs-objector-01131989,generated,,ok
public/content/video/thumbnails/friday-sermon-revelation-of-quran-to-revelation-of-miracle-importance-of-dawn-prayer-02031989.webp,5442,d3bd2ec48e2ca8255e9ef1acbabf978cf015e191f7e39379886d8916f64e9bf7,480,360,webp,public/data/generated_indices/MASTER_INDEX.json;public/data/generated_indices/VIDEO_PROGRAMS_LIST.json,2,video-program/friday-sermon-revelation-of-quran-to-revelation-of-miracle-importance-of-dawn-prayer-02031989,generated,,ok
public/content/video/thumbnails/friday-sermon-seek-gods-kingship-over-you-and-everything-else-follows-03251988.webp,5326,b857b8c17e2aa53a3b99c16ca71c07caa09ffad4f2c67ff2b6002de46f9d4e85,480,360,webp,public/data/generated_indices/MASTER_INDEX.json;public/data/generated_indices/VIDEO_PROGRAMS_LIST.json,2,video-program/friday-sermon-seek-gods-kingship-over-you-and-everything-else-follows-03251988,generated,,ok
public/content/video/thumbnails/friday-sermon-the-heavenly-feud-the-importance-of-killing-the-ego-11291989.webp,6066,d0220b1ed845fc4ca16493c850cb61ff5efd5715bf4c881eef1a6a0874fad540,480,360,webp,public/data/generated_indices/MASTER_INDEX.json;public/data/generated_indices/VIDEO_PROGRAMS_LIST.json,2,video-program/friday-sermon-the-heavenly-feud-the-importance-of-killing-the-ego-11291989,generated,,ok
public/content/video/thumbnails/friday-sermon-the-mathematical-miracle-proves-the-quran-to-be-the-word-of-god-10161987.webp,6378,2a4aeb580e4427c39d51c4fff065f86c02bf80ef5071ca1cfe25b62c69afb970,480,360,webp,public/data/generated_indices/MASTER_INDEX.json;public/data/generated_indices/VIDEO_PROGRAMS_LIST.json,2,video-program/friday-sermon-the-mathematical-miracle-proves-the-quran-to-be-the-word-of-god-10161987,generated,,ok
public/content/video/thumbnails/friday-sermon-the-meaning-of-life-discovering-the-miracle-07151988.webp,5268,5a0dfc328e2119d27470d12f41ff7318d3ed42a30baa6986c476da8c3129ae90,480,360,webp,public/data/generated_indices/MASTER_INDEX.json;public/data/generated_indices/VIDEO_PROGRAMS_LIST.json,2,video-program/friday-sermon-the-meaning-of-life-discovering-the-miracle-07151988,generated,,ok
public/content/video/thumbnails/friday-sermon-the-muhammadans-worship-muhammad-discoveries-by-atef-and-lisa-12041987.webp,5444,3d2c272df1e06804ac131322a415c6030739d1efe1f361bf66fec6148af557c3,480,360,webp,public/data/generated_indices/MASTER_INDEX.json;public/data/generated_indices/VIDEO_PROGRAMS_LIST.json,2,video-program/friday-sermon-the-muhammadans-worship-muhammad-discoveries-by-atef-and-lisa-12041987,generated,,ok
public/content/video/thumbnails/friday-sermon-the-power-of-repentance-the-secret-of-happiness-01011988.webp,5730,1bfae4b0604955b4f40c0ffdb0af4918d6cf1333d71027f10671254e88e04b7a,480,360,webp,public/data/generated_indices/MASTER_INDEX.json;public/data/generated_indices/VIDEO_PROGRAMS_LIST.json,2,video-program/friday-sermon-the-power-of-repentance-the-secret-of-happiness-01011988,generated,,ok
public/content/video/thumbnails/friday-sermon-united-submitters-international-conference-1989.webp,5824,7ec5f4b942ba96593aaf855f5d87380c0b5e3365adb8577947a447e1484c1f22,480,360,webp,public/data/generated_indices/MASTER_INDEX.json;public/data/generated_indices/VIDEO_PROGRAMS_LIST.json,2,video-program/friday-sermon-united-submitters-international-conference-1989,generated,,ok
public/content/video/thumbnails/friday-sermon-universal-unity-through-devotion-to-god-alone.webp,8628,e7278e4b5eae56bc084f7486c6f94db363057cb55f95c309582712764f706471,480,360,webp,public/data/generated_indices/MASTER_INDEX.json;public/data/generated_indices/VIDEO_PROGRAMS_LIST.json,2,video-program/friday-sermon-universal-unity-through-devotion-to-god-alone,generated,,ok
public/content/video/thumbnails/friday-sermon-what-about-previous-generations-12301988.webp,5246,67157d783f5b643d8a86c3304e3527d35d45bfa0b2085a4861f6d67d746c9306,480,360,webp,public/data/generated_indices/MASTER_INDEX.json;public/data/generated_indices/VIDEO_PROGRAMS_LIST.json,2,video-program/friday-sermon-what-about-previous-generations-12301988,generated,,ok
public/content/video/thumbnails/friday-sermon-who-is-your-god-majority-of-believers-are-going-to-hell-10281988.webp,5478,4d7b8a641ca2695d2df1315e771a1aaa74dcc20153b98e638de5c677384e2ae5,480,360,webp,public/data/generated_indices/MASTER_INDEX.json;public/data/generated_indices/VIDEO_PROGRAMS_LIST.json,2,video-program/friday-sermon-who-is-your-god-majority-of-believers-are-going-to-hell-10281988,generated,,ok
public/content/video/thumbnails/friday-sermon-why-announce-messengership-08111989.webp,5478,cc9bc62fc97304cd20b786594cb08ea742c925ccb066279438dd5245b04ef930,480,360,webp,public/data/generated_indices/MASTER_INDEX.json;public/data/generated_indices/VIDEO_PROGRAMS_LIST.json,2,video-program/friday-sermon-why-announce-messengership-08111989,generated,,ok
public/content/video/thumbnails/in-defense-of-the-bible.jpg,7496,c6543c29aa5da9bf4c8de3fd75dc7bd6bf911bac52cd46f1b2178ed4c434b214,480,360,jpg,public/data/generated_indices/MASTER_INDEX.json;public/data/generated_indices/VIDEO_PROGRAMS_LIST.json,2,video-program/in-defense-of-the-bible,generated,group-23,ok
public/content/video/thumbnails/king-of-chaos.jpg,7373,6b64c28103b1ca1334ed2bfd4e1e6000fd2811448233b66eb45c08406f7802d3,480,360,jpg,public/data/generated_indices/MASTER_INDEX.json;public/data/generated_indices/VIDEO_PROGRAMS_LIST.json,2,video-program/king-of-chaos,generated,group-8,ok
public/content/video/thumbnails/mathematical-miracle-of-quran.jpg,7244,11fa4cd82f66d60085b3dd41bfcb050a09d1a9281a36728e61f94e18c1d9096c,480,360,jpg,public/data/generated_indices/MASTER_INDEX.json;public/data/generated_indices/VIDEO_PROGRAMS_LIST.json,2,video-program/mathematical-miracle-of-quran,generated,group-2,ok
public/content/video/thumbnails/old-message-new-messenger.jpg,7825,c3ab3f48de7a4f00a9ec0eb9457fb8e118f879f66c043810548feca434c94d43,480,360,jpg,public/data/generated_indices/MASTER_INDEX.json;public/data/generated_indices/VIDEO_PROGRAMS_LIST.json,2,video-program/old-message-new-messenger,generated,group-21,ok
public/content/video/thumbnails/principles-of-contact-prayers-salat.jpg,5587,90011eb28a9324e3331aa99550d808841213306c7f92b6d499791c41a59dbaca,480,360,jpg,public/data/generated_indices/MASTER_INDEX.json;public/data/generated_indices/VIDEO_PROGRAMS_LIST.json,2,video-program/principles-of-contact-prayers-salat,generated,group-14,ok
public/content/video/thumbnails/principles-of-friday-prayer.jpg,7845,2d727c8ddc021cc86984fe93d6211b5ff90a9f07d91e4c42d3bb513ee6458454,480,360,jpg,public/data/generated_indices/MASTER_INDEX.json;public/data/generated_indices/VIDEO_PROGRAMS_LIST.json,2,video-program/principles-of-friday-prayer,generated,group-3,ok
public/content/video/thumbnails/the-creators-signature.jpg,11824,7b14960f57d6083d78629d2ef136ffafafb6e11d90c5a15c5e4d3eedfb86a7c0,480,360,jpg,public/data/generated_indices/MASTER_INDEX.json;public/data/generated_indices/VIDEO_PROGRAMS_LIST.json,2,video-program/the-creators-signature,generated,group-11,ok
public/content/video/thumbnails/the-great-debate-dr-rashad-khalifa-vs-dr-abdel-rahman.jpg,6996,99e9b9ab81e3ada572d3ea60a6825a81c9dacdd32796e771063a309e8f0a68a2,480,360,jpg,public/data/generated_indices/MASTER_INDEX.json;public/data/generated_indices/VIDEO_PROGRAMS_LIST.json,2,video-program/the-great-debate-dr-rashad-khalifa-vs-dr-abdel-rahman,generated,group-16,ok
public/content/video/thumbnails/united-submitters-international-conference-explaining-the-fulfillment-of-the-covenant-1988.webp,12860,b3978feda7812a9fda0f054843f8ad652a9984ddca19b10148359b2668aabf71,480,360,webp,public/data/generated_indices/MASTER_INDEX.json;public/data/generated_indices/VIDEO_PROGRAMS_LIST.json,2,video-program/united-submitters-international-conference-explaining-the-fulfillment-of-the-covenant-1988,generated,,ok
public/content/video/thumbnails/united-submitters-international-conference-final-speech-by-dr-rashad-khalifa-1989.webp,6886,add1af05a3f10d23d1dacff23a4738b992ec328447641e891e4422b282bfb721,480,360,webp,public/data/generated_indices/MASTER_INDEX.json;public/data/generated_indices/VIDEO_PROGRAMS_LIST.json,2,video-program/united-submitters-international-conference-final-speech-by-dr-rashad-khalifa-1989,generated,,ok
public/content/video/thumbnails/what-is-life-all-about.jpg,7323,016e60548d09e4752ce638a2aed30a60a07ab7a951f61a5a4cde3c4d9c44fdd5,480,360,jpg,public/data/generated_indices/MASTER_INDEX.json;public/data/generated_indices/VIDEO_PROGRAMS_LIST.json,2,video-program/what-is-life-all-about,generated,group-1,ok
public/content/video/thumbnails/who-is-god.jpg,735844,43e9635d6428c061b7733f447db1c5cd393df7360edd142c9cfab78080d448a1,1445,1079,jpg,public/data/generated_indices/MASTER_INDEX.json;public/data/generated_indices/VIDEO_PROGRAMS_LIST.json,2,video-program/who-is-god,generated,group-6,unoptimized
public/content/video/thumbnails/witness-a-miracle-world-news-bulletin.jpg,9556,ab90a74f477503e79a9563e5042bad1cd2cbcae7939ad806c26746c91cae9050,480,360,jpg,public/data/generated_indices/MASTER_INDEX.json;public/data/generated_indices/VIDEO_PROGRAMS_LIST.json,2,video-program/witness-a-miracle-world-news-bulletin,generated,group-18,ok
public/images/Screenshot 2026-05-14 215433.png,28619,f8da5527486b9e1b79ce90482228628610efd28abe9746a2d375ec1052c056f9,866,411,png,,0,,source,,ok
public/images/messenger-audios/default.jpg,18739,7827b88b0c9afd4ec2584ff6a5105cd163a13fb0bedd975fff83ade8c73d3c33,1280,720,jpg,src/app/components/home/MediaCard.tsx;src/app/home/SearchFunctionDemo.tsx;src/app/media/[...id]/Player.tsx,3,,source,group-10,ok
public/images/placeholders/appendix.png,672815,eee6b79d87aaef64b321952db6c3fb78c07aff015f34f18beee4c4749f43866a,1024,1024,png,src/app/search/SearchClient.tsx,1,,source,,unoptimized
public/images/placeholders/newsletter.png,707426,bbeb708229b4a8f643f9322b9283f0f7a9519591b8e770e39d50fd34c15c6d8a,1024,1024,png,src/app/search/SearchClient.tsx,1,,source,,unoptimized
public/images/placeholders/rashad-khalifa.png,728404,647ecb531abdd69060bb0df670878fdf82c6e0bd41fe842c2070d8ada65da5d0,1024,1024,png,src/app/components/home/MediaCard.tsx;src/app/media/[...id]/Player.tsx;src/app/search/SearchClient.tsx;public/data/generated_indices/MASTER_INDEX.json,4,quran/1,source,,unoptimized
public/images/rashadandothers/M1.png,2288455,1528159f13935417a15cbe41f75f5d0698d3529febe0ff506f55ef49ec26b31a,1543,1133,png,src/app/home/HeroSection.tsx,1,,source,,unoptimized
public/images/rashadandothers/M2.png,1274796,96eebcbede591db2273483bfc7f29359b0de7a82ea989e11f6bd7874af4a44e1,1108,855,png,src/app/home/HeroSection.tsx,1,,source,,unoptimized
public/images/rashadandothers/M3.png,1092269,1a7ac51105ff4b6fb534a29acb0c053a40f783cc022fe8ddd78e990e3c07960c,1142,835,png,src/app/home/HeroSection.tsx,1,,source,,unoptimized
public/images/rashadandothers/M4.jpeg,119919,f2e987669f871ac21c6b4d743dce3b3d84f4463d7e536f9d9b6e4bcf1e0f603c,645,432,jpeg,src/app/home/HeroSection.tsx,1,,source,,ok
public/images/sermons/Dr._Rashad_Khalifa_1987_Khutbha_Friday_Sermon_1KLZxgpGMqs.jpg,11566,7354e453362889848e297aff410f2e32336ee0e9c9f91ea93e90c4525f186b7c,480,360,jpg,src/app/home/VideoArchiveSection.tsx,1,,source,,ok
public/images/sermons/Dr._Rashad_Khalifas_Friday_Sermons_1989_1_UouRqqmb7vU.jpg,10445,c274619ea95f584014ee91a1351eea0037d2c6671779ba6c4604d784d0bbc6b3,480,360,jpg,src/app/home/VideoArchiveSection.tsx,1,,source,,ok
public/images/sermons/Dr._Rashad_Khalifas_Friday_Sermons_1989_2_z4m9qBB9qaU.jpg,7201,3a4efa820571c5ade78b5eaf4aa02a73c703a4b6373c1b6a44c331c0ffdb1273,480,360,jpg,,0,,source,,ok
public/images/sermons/Dr._Rashad_Khalifas_Friday_Sermons_1989_3_Qw0yy-tQgas.jpg,7356,cbc33362463e7691313bc718c2f5a2909b7053170ffdfb685c100e7cbb4b6c20,480,360,jpg,,0,,source,,ok
public/images/sermons/Dr._Rashad_Khalifas_Friday_Sermons_End_of_the_World_10161987_7151988_SOSm9-QAm40.jpg,8244,6a259cd29942dd285b0d4274514872a837a7c286b4d7c922ada47e52dc0c6c61,480,360,jpg,,0,,source,,ok
public/images/sermons/Dr._Rashad_Khalifas_Friday_Sermons_dated_111988_1221988_341988_a3U2yi6d7aU.jpg,10468,6fdafb9251a0257976f7ce1a0ce1a7313856f0409f8b09b653b3f4ebfb6408ad,480,360,jpg,,0,,source,,ok
public/images/sermons/Dr._Rashad_Khalifas_Friday_Sermons_dated_5271988_10281988_12301988_UetFQPwuaGA.jpg,8770,0a1d3ad4a6ef0d69324afcff49db86f7307b06f1700f0513af47dd1cf4e0a653,480,360,jpg,,0,,source,,ok
public/images/sermons/Dr._Rashad_Khalifas_Friday_Sermons_of_Nov._1987_1241987_j6WwnOk44MU.jpg,8594,add7b2c417fd4a456e227e8509dba091ff0862f4c9dd3e3b6f94c57826fb94a0,480,360,jpg,,0,,source,,ok
public/images/sermons/Friday_Sermon_August_1987_No.3_Universal_Unity_by_Dr._Rashad_Khalifa_dQRAAWAjHzU.jpg,12298,ccba809916038b31cfd38b2d4ad261fca2c11dcd078f1ec4f34313dbc1a5b87c,480,360,jpg,,0,,source,,ok
public/images/sermons/Friday_Sermon_God_is_doing_everything_Part_II_by_Dr._Rashad_Khalifa_iYEmqt9zjMo.jpg,12304,d1a2bcb1113767f614f96bd4c56c7f2cbd182ff1d40038e995c029edbd7b6e2c,480,360,jpg,,0,,source,,ok
public/images/sermons/Friday_Sermon_God_is_doing_everything_Part_I_by_Dr._Rashad_Khalifa_o_WfE1OshIk.jpg,9120,082e3a9d17ee8ae9457af88311ba25e3d4b448b1a6b99a531159d3fcac2a1d0a,480,360,jpg,,0,,source,,ok
public/images/sermons/Friday_Sermons_by_Dr._Rashad_Khalifa_Dated_December_9th_1988_QowQ62645PQ.jpg,9225,529b037f3221092fb6dcf36e1391233eae99f53799eb703ed8afeb6743fa34e3,480,360,jpg,,0,,source,,ok
public/images/sermons/Friday_Sermons_by_Dr._Rashad_Khalifa_Dated_January_1st_1988_4lroqXG1X1c.jpg,8616,a4c5ada280c62939be502d06cd611225d58a12b241c1a2183d2c888a821ee799,480,360,jpg,,0,,source,,ok
public/images/sermons/Friday_Sermons_by_Dr._Rashad_Khalifa_Dated_January_22nd_1988_vNAAqvF6LP8.jpg,9427,8d67d01cde3399d7949d70bc9c37c3d31dbe654f779e8be5dd162adeb88d9113,480,360,jpg,,0,,source,,ok
public/images/sermons/Friday_Sermons_by_Dr._Rashad_Khalifa_Dated_July_15th_1988_Z0kY8mt6-eg.jpg,8283,c83dac1ebe4c086442a419668d31f7ca736555735a5e3f46ca469840bb7ad153,480,360,jpg,,0,,source,,ok
public/images/sermons/Friday_Sermons_by_Dr._Rashad_Khalifa_Dated_July_1987_No.2_Tj6_bSDW2rM.jpg,9848,4a9d1759133a45218fad9945f66abec1d7877e64c3eedd5102cc2ceb4d7878f0,480,360,jpg,,0,,source,,ok
public/images/sermons/Friday_Sermons_by_Dr._Rashad_Khalifa_Dated_June_1987_svsc99GcUWw.jpg,9285,c87d65df8426f7af28a734fb0adf1b1cb602ef4c8c1ad28db34ce381cd3844dd,480,360,jpg,,0,,source,,ok
public/images/sermons/Friday_Sermons_by_Dr._Rashad_Khalifa_Dated_March_4th_1988_x4Q1ysVx8_0.jpg,8885,096128df11565d0f0effd1dca055db75485073f047405284c9ec8d98153d5350,480,360,jpg,,0,,source,,ok
public/images/sermons/Friday_Sermons_by_Dr._Rashad_Khalifa_Dated_May_27th_1988_aqkUBLa1JUE.jpg,9995,fa5f44189009e14032caad8bcc4cc523934c6170580ca253e1af20339620b469,480,360,jpg,,0,,source,,ok
public/images/sermons/Friday_Sermons_by_Dr._Rashad_Khalifa_Dated_Oct_28th_1988_ftvZkLUfLao.jpg,7857,1c810796e7111172ebdcd001dc2b57aa4e70a3a84171b43c87830f3955d37f19,480,360,jpg,,0,,source,,ok
public/images/sermons/Friday_Sermons_by_Dr._Rashad_Khalifa_Dated_October_16th_1987_B3B-mGvApn4.jpg,8813,0836f6c56b87a627c5e22c915699d05efaa5a4107d06a825228642d6898dd251,480,360,jpg,,0,,source,,ok
public/images/sermons/Friday_Sermons_by_Dr._Rashad_Khalifa_in_1989_Conference_ydG7mVETth0.jpg,10159,4f6aca08a673c611fb6e96c5940f490e8a3c190c2678969016a2617b06cda938,480,360,jpg,,0,,source,,ok
public/images/sermons/Principles_of_Friday_Prayer_ohFKsHXM568.jpg,8849,e2905f0da15bba77f57a785818570fb1137475b6b49e82a255cd9a3a4c51f06c,480,360,jpg,,0,,source,,ok
public/images/sermons/Rashads_Sermon__his_Martyrdom_on_News_-_Rashad_Khalifa_v07209ad9vM.jpg,16221,8c11620d7968f339b99ec0151d88a317c4440e1a392a8c9d226f23fdc28564da,480,360,jpg,,0,,source,,ok
public/images/submission-archives-logo.png,71182,a7edecf673986ef756bdd1763d42e2e0a77794a97dafcaa61b3ccb0126c8a5b5,1024,512,png,,0,,source,,ok
public/images/video-programs/Arabic_Language_Lessons.jpg,7506,4a0834676d041da9c294b2ea4c4c18ca21a5f757de313e4df6f41e3851faec3d,480,360,jpg,,0,,source,group-7,ok
public/images/video-programs/City_Council_Al-Fateha_Recitation.jpg,7431,3254751235a3897fd9a295f55bf400103a00045b317e2a87bf92702d70f38392,480,360,jpg,,0,,source,group-4,ok
public/images/video-programs/Essentials_of_Submission_Islam.jpg,7948,c5fd04c866cf2838b45e59f405c159d5f34ba3a8383fef93a8570ddfabb92914,480,360,jpg,src/app/home/VideoArchiveSection.tsx,1,,source,group-22,ok
public/images/video-programs/Evolution_or_Creation_The_Final_Argument_by_Dr_Rashad_Khalifa.jpg,6924,72aed1ef40a121833c2f2791573c554376868c1a11dc383bb3436813af039e98,480,360,jpg,,0,,source,group-9,ok
public/images/video-programs/Excerpts_From_a_Radio_Debate_With_dr_Rashad_Khalifa.jpg,11806,80daf18e061bea526a3793feeb0d1c1a243d8c89f011154b270b70b71a719c51,480,360,jpg,,0,,source,group-12,ok
public/images/video-programs/Explaining_the_Fulfillment_of_the_Covenant.jpg,12733,30cd0c14651762fa06f3f5e6490e41d3bdd408d0973d03da86688e06da67d329,480,360,jpg,,0,,source,,ok
public/images/video-programs/Final_Speech_by_Dr._Rashad_Khalifa_1989_Conference.jpg,7675,50315cb815f28289b428dd831eeffb859f8f24b17519aea29d08dfc0600d2781,480,360,jpg,src/app/home/VideoArchiveSection.tsx,1,,source,,ok
public/images/video-programs/In_Defence_of_the_Bible.jpg,7496,c6543c29aa5da9bf4c8de3fd75dc7bd6bf911bac52cd46f1b2178ed4c434b214,480,360,jpg,,0,,source,group-23,ok
public/images/video-programs/King_of_Chaos.jpg,7373,6b64c28103b1ca1334ed2bfd4e1e6000fd2811448233b66eb45c08406f7802d3,480,360,jpg,,0,,source,group-8,ok
public/images/video-programs/Mathematical_Miracle_of_Quran.jpg,7244,11fa4cd82f66d60085b3dd41bfcb050a09d1a9281a36728e61f94e18c1d9096c,480,360,jpg,src/app/home/VideoArchiveSection.tsx,1,,source,group-2,ok
public/images/video-programs/Principles_of_Contact_Prayers_Salat.jpg,5587,90011eb28a9324e3331aa99550d808841213306c7f92b6d499791c41a59dbaca,480,360,jpg,src/app/home/VideoArchiveSection.tsx,1,,source,group-14,ok
public/images/video-programs/Principles_of_Friday_Prayer.jpg,7845,2d727c8ddc021cc86984fe93d6211b5ff90a9f07d91e4c42d3bb513ee6458454,480,360,jpg,,0,,source,group-3,ok
public/images/video-programs/The_Creators_Signature.jpg,11824,7b14960f57d6083d78629d2ef136ffafafb6e11d90c5a15c5e4d3eedfb86a7c0,480,360,jpg,,0,,source,group-11,ok
public/images/video-programs/The_Great_Debate_Dr._Rashad_Khalifa_vs_Dr._Abdel_Rahman.jpg,6996,99e9b9ab81e3ada572d3ea60a6825a81c9dacdd32796e771063a309e8f0a68a2,480,360,jpg,,0,,source,group-16,ok
public/images/video-programs/What_Life_is_All_About.jpg,7323,016e60548d09e4752ce638a2aed30a60a07ab7a951f61a5a4cde3c4d9c44fdd5,480,360,jpg,,0,,source,group-1,ok
public/images/video-programs/What_Life_is_All_About__Who_is_GOD.jpg,7323,016e60548d09e4752ce638a2aed30a60a07ab7a951f61a5a4cde3c4d9c44fdd5,480,360,jpg,,0,,source,group-1,ok
public/images/video-programs/Who_Is_GOD.png,735844,43e9635d6428c061b7733f447db1c5cd393df7360edd142c9cfab78080d448a1,1445,1079,png,,0,,source,group-6,unoptimized
public/images/video-programs/Witness_a_Miracle__World_News_Bulletin.jpg,9556,ab90a74f477503e79a9563e5042bad1cd2cbcae7939ad806c26746c91cae9050,480,360,jpg,,0,,source,group-18,ok
public/images/video-programs/World_News_Bulletin.jpg,12692,e7ea606d59ec47b5992a178b06f42d937131f61d30f898a5ff295bb3d20bb4d3,480,360,jpg,,0,,source,,ok
public/images/video-programs/_Old_Message_New_Messenger.jpg,7825,c3ab3f48de7a4f00a9ec0eb9457fb8e118f879f66c043810548feca434c94d43,480,360,jpg,src/app/home/SearchFunctionDemo.tsx,1,,source,group-21,ok
public/og-card.png,58791,0f2835ecd3bee946646cce65778e63d1ae81b5d96eaa2136172bb86409133629,1200,630,png,src/app/layout.tsx;src/app/media/[...id]/page.tsx,2,,source,,ok
public/submission-logo.png,228957,ad0c4e7a254f9989b7e893b4fdcf795738d67aeaf21b4cc7fed23ff17176ccfd,500,500,png,src/app/layout.tsx;src/components/layout/Footer.tsx;src/components/layout/Header.tsx,3,,source,,ok
