path,size_bytes
public/content/README.md,816
public/content/audios/messenger-audios/MA70.en-US.vtt,82899
public/content/audios/messenger-audios/MA71.en-US.vtt,64979
public/content/audios/messenger-audios/MA72.en-US.vtt,83327
public/data/generated_indices/ASSET_MANIFEST.csv,157470
public/data/generated_indices/BIBLE_NT_BOOKS.json,4462
public/data/generated_indices/BIBLE_OT_BOOKS.json,9126
public/data/generated_indices/CATALOG_VALIDATION.json,783
public/data/generated_indices/MASTER_INDEX.json,28352981
public/data/generated_indices/QURAN_CHAPTERS.json,7742342
public/data/generated_indices/bible/1ch.json,181544
public/data/generated_indices/bible/1co.json,83205
public/data/generated_indices/bible/1es.json,98054
public/data/generated_indices/bible/1jo.json,20976
public/data/generated_indices/bible/1ki.json,187644
public/data/generated_indices/bible/1ma.json,195259
public/data/generated_indices/bible/1pe.json,21724
public/data/generated_indices/bible/1sa.json,190733
public/data/generated_indices/bible/1th.json,16912
public/data/generated_indices/bible/1ti.json,21871
public/data/generated_indices/bible/2ch.json,202920
public/data/generated_indices/bible/2co.json,52545
public/data/generated_indices/bible/2jo.json,2816
public/data/generated_indices/bible/2ki.json,175550
public/data/generated_indices/bible/2ma.json,139569
public/data/generated_indices/bible/2pe.json,13507
public/data/generated_indices/bible/2sa.json,158062
public/data/generated_indices/bible/2th.json,9419
public/data/generated_indices/bible/2ti.json,15625
public/data/generated_indices/bible/3jo.json,2870
public/data/generated_indices/bible/3ma.json,56570
public/data/generated_indices/bible/4es.json,191619
public/data/generated_indices/bible/4ma.json,97349
public/data/generated_indices/bible/act.json,203280
public/data/generated_indices/bible/amo.json,34037
public/data/generated_indices/bible/bar.json,43272
public/data/generated_indices/bible/col.json,18371
public/data/generated_indices/bible/dan.json,89338
public/data/generated_indices/bible/deu.json,217568
public/data/generated_indices/bible/dng.json,123208
public/data/generated_indices/bible/ecc.json,45829
public/data/generated_indices/bible/eph.json,28677
public/data/generated_indices/bible/esg.json,57029
public/data/generated_indices/bible/est.json,43549
public/data/generated_indices/bible/exo.json,262405
public/data/generated_indices/bible/eze.json,302019
public/data/generated_indices/bible/ezr.json,62318
public/data/generated_indices/bible/gal.json,28284
public/data/generated_indices/bible/gen.json,312677
public/data/generated_indices/bible/hab.json,12586
public/data/generated_indices/bible/hag.json,9293
public/data/generated_indices/bible/heb.json,61382
public/data/generated_indices/bible/hos.json,43848
public/data/generated_indices/bible/isa.json,295421
public/data/generated_indices/bible/jam.json,20673
public/data/generated_indices/bible/jdg.json,144831
public/data/generated_indices/bible/jdt.json,87133
public/data/generated_indices/bible/jer.json,327751
public/data/generated_indices/bible/job.json,176389
public/data/generated_indices/bible/joe.json,16696
public/data/generated_indices/bible/joh.json,170780
public/data/generated_indices/bible/jon.json,11017
public/data/generated_indices/bible/jos.json,148386
public/data/generated_indices/bible/jud.json,5645
public/data/generated_indices/bible/lam.json,30396
public/data/generated_indices/bible/lev.json,191412
public/data/generated_indices/bible/luk.json,223587
public/data/generated_indices/bible/mal.json,14356
public/data/generated_indices/bible/mar.json,131764
public/data/generated_indices/bible/mat.json,219150
public/data/generated_indices/bible/mic.json,25003
public/data/generated_indices/bible/nah.json,10918
public/data/generated_indices/bible/neh.json,88067
public/data/generated_indices/bible/num.json,270204
public/data/generated_indices/bible/oba.json,5553
public/data/generated_indices/bible/phi.json,19887
public/data/generated_indices/bible/phm.json,4432
public/data/generated_indices/bible/prm.json,3755
public/data/generated_indices/bible/pro.json,149212
public/data/generated_indices/bible/psa.json,427005
public/data/generated_indices/bible/psx.json,1657
public/data/generated_indices/bible/rev.json,91646
public/data/generated_indices/bible/rom.json,84368
public/data/generated_indices/bible/rut.json,20317
public/data/generated_indices/bible/sir.json,252831
public/data/generated_indices/bible/sol.json,23306
public/data/generated_indices/bible/tit.json,9055
public/data/generated_indices/bible/tob.json,56791
public/data/generated_indices/bible/wis.json,94034
public/data/generated_indices/bible/zec.json,50234
public/data/generated_indices/bible/zep.json,13205
public/data/scriptures/ot/1-chronicles.json,396463
public/data/scriptures/ot/1-kings.json,444123
public/data/scriptures/ot/1-samuel.json,457207
public/data/scriptures/ot/2-chronicles.json,461897
public/data/scriptures/ot/2-kings.json,414273
public/data/scriptures/ot/2-samuel.json,383823
public/data/scriptures/ot/amos.json,76991
public/data/scriptures/ot/catalog.json,5941
public/data/scriptures/ot/daniel.json,205851
public/data/scriptures/ot/deuteronomy.json,496812
public/data/scriptures/ot/ecclesiastes.json,110727
public/data/scriptures/ot/esther.json,103850
public/data/scriptures/ot/exodus.json,581802
public/data/scriptures/ot/ezekiel.json,684486
public/data/scriptures/ot/ezra.json,137968
public/data/scriptures/ot/genesis.json,713909
public/data/scriptures/ot/habakkuk.json,28147
public/data/scriptures/ot/haggai.json,20295
public/data/scriptures/ot/hosea.json,101169
public/data/scriptures/ot/isaiah.json,654370
public/data/scriptures/ot/jeremiah.json,747491
public/data/scriptures/ot/job.json,347217
public/data/scriptures/ot/joel.json,36007
public/data/scriptures/ot/jonah.json,23921
public/data/scriptures/ot/joshua.json,345634
public/data/scriptures/ot/judges.json,341081
public/data/scriptures/ot/lamentations.json,62764
public/data/scriptures/ot/leviticus.json,417622
public/data/scriptures/ot/malachi.json,31793
public/data/scriptures/ot/micah.json,55472
public/data/scriptures/ot/nahum.json,23614
public/data/scriptures/ot/nehemiah.json,196086
public/data/scriptures/ot/numbers.json,588599
public/data/scriptures/ot/obadiah.json,11248
public/data/scriptures/ot/proverbs.json,294180
public/data/scriptures/ot/psalms.json,855316
public/data/scriptures/ot/ruth.json,45965
public/data/scriptures/ot/song-of-songs.json,51031
public/data/scriptures/ot/zechariah.json,118259
public/data/scriptures/ot/zephaniah.json,29157
public/fonts/GlacialIndifference-Regular.ttf,53116
public/fonts/LTSuperiorSerif-Bold.otf,140076
public/fonts/LTSuperiorSerif-Medium.otf,141856
public/fonts/LTSuperiorSerif-Regular.otf,138364
public/images/submission-archives-logo.png,71182
public/og-card.png,110606
public/og-card.webp,28008
public/submission-logo.png,228957
