path,size_bytes,extension
.codex-dev.err.log,455,.log
.codex-dev.out.log,610,.log
.codex-start.err.log,0,.log
.codex-start.out.log,564,.log
.dockerignore,556,
.env.example,194,.example
.gitignore,2215,
.yt-playlist.txt,35729,.txt
1981_Quran_Complete.md,939434,.md
Appendices_1-19.md,128342,.md
Dockerfile,1164,
Footnotes_and_Subject_Index_Updated.md,48454,.md
PRODUCT.md,3397,.md
README.md,4946,.md
data/sources/README.md,1267,.md
data/sources/books/README.md,1478,.md
data/sources/books/all_arabic_segments.csv,77572,.csv
data/sources/books/all_low_confidence_pages.csv,19800,.csv
data/sources/books/all_pages_manifest.csv,1285998,.csv
data/sources/books/corpus_manifest.csv,1237,.csv
data/sources/books/corpus_manifest.json,3274,.json
data/sources/books/english_meanings_of_the_quran/english_meanings_of_the_quran_QA_report.md,1081,.md
data/sources/books/english_meanings_of_the_quran/english_meanings_of_the_quran_arabic_segments.csv,17370,.csv
data/sources/books/english_meanings_of_the_quran/english_meanings_of_the_quran_complete.json,2210580,.json
data/sources/books/english_meanings_of_the_quran/english_meanings_of_the_quran_layout_transcription.txt,34147,.txt
data/sources/books/english_meanings_of_the_quran/english_meanings_of_the_quran_low_confidence_pages.csv,247,.csv
data/sources/books/english_meanings_of_the_quran/english_meanings_of_the_quran_page_by_page_transcription.md,35130,.md
data/sources/books/english_meanings_of_the_quran/english_meanings_of_the_quran_pages.csv,34415,.csv
data/sources/books/english_meanings_of_the_quran/english_meanings_of_the_quran_pages.jsonl,1108157,.jsonl
data/sources/books/eternity_screenplay/eternity_screenplay_QA_report.md,1065,.md
data/sources/books/eternity_screenplay/eternity_screenplay_arabic_segments.csv,124,.csv
data/sources/books/eternity_screenplay/eternity_screenplay_complete.json,10898249,.json
data/sources/books/eternity_screenplay/eternity_screenplay_layout_transcription.txt,127265,.txt
data/sources/books/eternity_screenplay/eternity_screenplay_low_confidence_pages.csv,64,.csv
data/sources/books/eternity_screenplay/eternity_screenplay_page_by_page_transcription.md,129650,.md
data/sources/books/eternity_screenplay/eternity_screenplay_pages.csv,127524,.csv
data/sources/books/eternity_screenplay/eternity_screenplay_pages.jsonl,5433718,.jsonl
data/sources/books/islam_volume_1/islam_volume_1_QA_report.md,1052,.md
data/sources/books/islam_volume_1/islam_volume_1_arabic_segments.csv,2954,.csv
data/sources/books/islam_volume_1/islam_volume_1_complete.json,12436823,.json
data/sources/books/islam_volume_1/islam_volume_1_layout_transcription.txt,139555,.txt
data/sources/books/islam_volume_1/islam_volume_1_low_confidence_pages.csv,500,.csv
data/sources/books/islam_volume_1/islam_volume_1_page_by_page_transcription.md,142718,.md
data/sources/books/islam_volume_1/islam_volume_1_pages.csv,140021,.csv
data/sources/books/islam_volume_1/islam_volume_1_pages.jsonl,6366351,.jsonl
data/sources/books/miracle_of_quran_mysterious_alphabets/miracle_of_quran_mysterious_alphabets_QA_report.md,1147,.md
data/sources/books/miracle_of_quran_mysterious_alphabets/miracle_of_quran_mysterious_alphabets_arabic_segments.csv,8703,.csv
data/sources/books/miracle_of_quran_mysterious_alphabets/miracle_of_quran_mysterious_alphabets_complete.json,27833327,.json
data/sources/books/miracle_of_quran_mysterious_alphabets/miracle_of_quran_mysterious_alphabets_layout_transcription.txt,326970,.txt
data/sources/books/miracle_of_quran_mysterious_alphabets/miracle_of_quran_mysterious_alphabets_low_confidence_pages.csv,2516,.csv
data/sources/books/miracle_of_quran_mysterious_alphabets/miracle_of_quran_mysterious_alphabets_page_by_page_transcription.md,336534,.md
data/sources/books/miracle_of_quran_mysterious_alphabets/miracle_of_quran_mysterious_alphabets_pages.csv,325352,.csv
data/sources/books/miracle_of_quran_mysterious_alphabets/miracle_of_quran_mysterious_alphabets_pages.jsonl,14090980,.jsonl
data/sources/books/quran_hadith_and_islam/quran_hadith_and_islam_QA_report.md,1073,.md
data/sources/books/quran_hadith_and_islam/quran_hadith_and_islam_arabic_segments.csv,7455,.csv
data/sources/books/quran_hadith_and_islam/quran_hadith_and_islam_complete.json,6560722,.json
data/sources/books/quran_hadith_and_islam/quran_hadith_and_islam_layout_transcription.txt,84383,.txt
data/sources/books/quran_hadith_and_islam/quran_hadith_and_islam_low_confidence_pages.csv,64,.csv
data/sources/books/quran_hadith_and_islam/quran_hadith_and_islam_page_by_page_transcription.md,87953,.md
data/sources/books/quran_hadith_and_islam/quran_hadith_and_islam_pages.csv,84978,.csv
data/sources/books/quran_hadith_and_islam/quran_hadith_and_islam_pages.jsonl,3736953,.jsonl
data/sources/books/quran_visual_presentation_of_the_miracle/quran_visual_presentation_of_the_miracle_QA_report.md,1108,.md
data/sources/books/quran_visual_presentation_of_the_miracle/quran_visual_presentation_of_the_miracle_arabic_segments.csv,16145,.csv
data/sources/books/quran_visual_presentation_of_the_miracle/quran_visual_presentation_of_the_miracle_complete.json,16899927,.json
data/sources/books/quran_visual_presentation_of_the_miracle/quran_visual_presentation_of_the_miracle_layout_transcription.txt,145690,.txt
data/sources/books/quran_visual_presentation_of_the_miracle/quran_visual_presentation_of_the_miracle_low_confidence_pages.csv,64,.csv
data/sources/books/quran_visual_presentation_of_the_miracle/quran_visual_presentation_of_the_miracle_page_by_page_transcription.md,160229,.md
data/sources/books/quran_visual_presentation_of_the_miracle/quran_visual_presentation_of_the_miracle_pages.csv,143647,.csv
data/sources/books/quran_visual_presentation_of_the_miracle/quran_visual_presentation_of_the_miracle_pages.jsonl,9094080,.jsonl
data/sources/books/the_computer_speaks/the_computer_speaks_QA_report.md,1119,.md
data/sources/books/the_computer_speaks/the_computer_speaks_arabic_segments.csv,11410,.csv
data/sources/books/the_computer_speaks/the_computer_speaks_complete.json,31400353,.json
data/sources/books/the_computer_speaks/the_computer_speaks_layout_transcription.txt,312803,.txt
data/sources/books/the_computer_speaks/the_computer_speaks_low_confidence_pages.csv,4884,.csv
data/sources/books/the_computer_speaks/the_computer_speaks_page_by_page_transcription.md,325645,.md
data/sources/books/the_computer_speaks/the_computer_speaks_pages.csv,311985,.csv
data/sources/books/the_computer_speaks/the_computer_speaks_pages.jsonl,15433717,.jsonl
data/sources/books/the_contact_prayers/the_contact_prayers_QA_report.md,1056,.md
data/sources/books/the_contact_prayers/the_contact_prayers_arabic_segments.csv,124,.csv
data/sources/books/the_contact_prayers/the_contact_prayers_complete.json,1180486,.json
data/sources/books/the_contact_prayers/the_contact_prayers_layout_transcription.txt,13430,.txt
data/sources/books/the_contact_prayers/the_contact_prayers_low_confidence_pages.csv,64,.csv
data/sources/books/the_contact_prayers/the_contact_prayers_page_by_page_transcription.md,14001,.md
data/sources/books/the_contact_prayers/the_contact_prayers_pages.csv,13666,.csv
data/sources/books/the_contact_prayers/the_contact_prayers_pages.jsonl,597767,.jsonl
data/sources/books/the_perpetual_miracle_of_muhammad/the_perpetual_miracle_of_muhammad_QA_report.md,1086,.md
data/sources/books/the_perpetual_miracle_of_muhammad/the_perpetual_miracle_of_muhammad_arabic_segments.csv,686,.csv
data/sources/books/the_perpetual_miracle_of_muhammad/the_perpetual_miracle_of_muhammad_complete.json,2679129,.json
data/sources/books/the_perpetual_miracle_of_muhammad/the_perpetual_miracle_of_muhammad_layout_transcription.txt,29500,.txt
data/sources/books/the_perpetual_miracle_of_muhammad/the_perpetual_miracle_of_muhammad_low_confidence_pages.csv,64,.csv
data/sources/books/the_perpetual_miracle_of_muhammad/the_perpetual_miracle_of_muhammad_page_by_page_transcription.md,30355,.md
data/sources/books/the_perpetual_miracle_of_muhammad/the_perpetual_miracle_of_muhammad_pages.csv,29625,.csv
data/sources/books/the_perpetual_miracle_of_muhammad/the_perpetual_miracle_of_muhammad_pages.jsonl,1376839,.jsonl
data/sources/quran/1981/Quran1981_QA_report.md,1754,.md
data/sources/quran/1981/Quran1981_appendices.csv,955,.csv
data/sources/quran/1981/Quran1981_chapters.csv,7644,.csv
data/sources/quran/1981/Quran1981_complete.json,17301158,.json
data/sources/quran/1981/Quran1981_footnotes.csv,115779,.csv
data/sources/quran/1981/Quran1981_full_transcription.md,1213724,.md
data/sources/quran/1981/Quran1981_manifest.json,1133,.json
data/sources/quran/1981/Quran1981_pages.csv,2310112,.csv
data/sources/quran/1981/Quran1981_pages_layout.jsonl,10714926,.jsonl
data/sources/quran/1981/Quran1981_subheadings.csv,15799,.csv
data/sources/quran/1981/Quran1981_subject_index_lines.csv,113463,.csv
data/sources/quran/1981/Quran1981_sura_index.csv,4326,.csv
data/sources/quran/1981/Quran1981_verse_index.csv,795213,.csv
data/sources/quran/1981/README.md,1475,.md
data/sources/quran/1981/build_quran1981_transcription.py,37965,.py
data/sources/quran/1989/Quran1989_QA_report.md,2210,.md
data/sources/quran/1989/Quran1989_appendices.csv,1520,.csv
data/sources/quran/1989/Quran1989_appendix_contents.csv,1359,.csv
data/sources/quran/1989/Quran1989_chapters.csv,11197,.csv
data/sources/quran/1989/Quran1989_complete.json,40294608,.json
data/sources/quran/1989/Quran1989_contents_suras.csv,4356,.csv
data/sources/quran/1989/Quran1989_footnotes.csv,265638,.csv
data/sources/quran/1989/Quran1989_full_transcription.md,3000458,.md
data/sources/quran/1989/Quran1989_glossary_lines.csv,35645,.csv
data/sources/quran/1989/Quran1989_manifest.json,1515,.json
data/sources/quran/1989/Quran1989_pages.csv,4438719,.csv
data/sources/quran/1989/Quran1989_pages_layout.jsonl,23884118,.jsonl
data/sources/quran/1989/Quran1989_subheadings.csv,119417,.csv
data/sources/quran/1989/Quran1989_subject_index_lines.csv,571257,.csv
data/sources/quran/1989/Quran1989_verse_index.csv,3673332,.csv
data/sources/quran/1989/README.md,1519,.md
data/sources/quran/1989/build_quran1989_transcription.py,53984,.py
data/sources/quran/1992/ws_quran_chapters_rows.csv,22201,.csv
data/sources/quran/1992/ws_quran_footnotes_rows.csv,1798142,.csv
data/sources/quran/1992/ws_quran_index_rows.csv,192815,.csv
data/sources/quran/1992/ws_quran_subtitles_rows.csv,551315,.csv
data/sources/quran/1992/ws_quran_text_rows.csv,19744757,.csv
data/sources/quran/1992/ws_quran_word_by_word_rows.csv,18710652,.csv
docs/AUDIT_2026-07-06.md,17457,.md
docs/COLOR_SYSTEM_EXPLAINED.md,5538,.md
docs/SETUP_QURAN_COMPARE.md,3205,.md
docs/newsletter_urls.md,19021,.md
docs/superpowers/specs/2026-05-13-cleanup-reorganization-design.md,2412,.md
eslint.config.mjs,847,.mjs
next-env.d.ts,253,.ts
next.config.ts,2096,.ts
package-lock.json,300892,.json
package.json,2425,.json
playwright.config.ts,933,.ts
postcss.config.mjs,101,.mjs
public/content/appendix/csv/quran_appendices_rows.csv,456029,.csv
public/content/appendix/pdfs/appendix_1.pdf,400050,.pdf
public/content/appendix/pdfs/appendix_10.pdf,107124,.pdf
public/content/appendix/pdfs/appendix_11.pdf,114165,.pdf
public/content/appendix/pdfs/appendix_12.pdf,129979,.pdf
public/content/appendix/pdfs/appendix_13.pdf,136884,.pdf
public/content/appendix/pdfs/appendix_14.pdf,121790,.pdf
public/content/appendix/pdfs/appendix_15.pdf,169386,.pdf
public/content/appendix/pdfs/appendix_16.pdf,94884,.pdf
public/content/appendix/pdfs/appendix_17.pdf,165579,.pdf
public/content/appendix/pdfs/appendix_18.pdf,98380,.pdf
public/content/appendix/pdfs/appendix_19.pdf,123367,.pdf
public/content/appendix/pdfs/appendix_2.pdf,226296,.pdf
public/content/appendix/pdfs/appendix_20.pdf,97846,.pdf
public/content/appendix/pdfs/appendix_21.pdf,96977,.pdf
public/content/appendix/pdfs/appendix_22.pdf,138789,.pdf
public/content/appendix/pdfs/appendix_23.pdf,95331,.pdf
public/content/appendix/pdfs/appendix_24.pdf,370923,.pdf
public/content/appendix/pdfs/appendix_25.pdf,141994,.pdf
public/content/appendix/pdfs/appendix_26.pdf,152013,.pdf
public/content/appendix/pdfs/appendix_27.pdf,115846,.pdf
public/content/appendix/pdfs/appendix_28.pdf,112177,.pdf
public/content/appendix/pdfs/appendix_29.pdf,142868,.pdf
public/content/appendix/pdfs/appendix_3.pdf,114011,.pdf
public/content/appendix/pdfs/appendix_30.pdf,110615,.pdf
public/content/appendix/pdfs/appendix_31.pdf,111243,.pdf
public/content/appendix/pdfs/appendix_32.pdf,116836,.pdf
public/content/appendix/pdfs/appendix_33.pdf,135433,.pdf
public/content/appendix/pdfs/appendix_34.pdf,91363,.pdf
public/content/appendix/pdfs/appendix_35.pdf,91363,.pdf
public/content/appendix/pdfs/appendix_36.pdf,115286,.pdf
public/content/appendix/pdfs/appendix_37.pdf,110794,.pdf
public/content/appendix/pdfs/appendix_38.pdf,94087,.pdf
public/content/appendix/pdfs/appendix_4.pdf,111166,.pdf
public/content/appendix/pdfs/appendix_5.pdf,180117,.pdf
public/content/appendix/pdfs/appendix_6.pdf,112278,.pdf
public/content/appendix/pdfs/appendix_7.pdf,114398,.pdf
public/content/appendix/pdfs/appendix_8.pdf,102550,.pdf
public/content/appendix/pdfs/appendix_9.pdf,108413,.pdf
public/content/appendix/pdfs/introduction.pdf,210679,.pdf
public/content/appendix/pdfs/proclamation.pdf,107260,.pdf
public/content/appendix/thumbnails/1982/appendix-1.jpg,177693,.jpg
public/content/appendix/thumbnails/1982/appendix-10.jpg,181245,.jpg
public/content/appendix/thumbnails/1982/appendix-11.jpg,175310,.jpg
public/content/appendix/thumbnails/1982/appendix-12.jpg,88884,.jpg
public/content/appendix/thumbnails/1982/appendix-13.jpg,95167,.jpg
public/content/appendix/thumbnails/1982/appendix-14.jpg,66066,.jpg
public/content/appendix/thumbnails/1982/appendix-15.jpg,88180,.jpg
public/content/appendix/thumbnails/1982/appendix-16.jpg,154916,.jpg
public/content/appendix/thumbnails/1982/appendix-17.jpg,149456,.jpg
public/content/appendix/thumbnails/1982/appendix-18.jpg,177439,.jpg
public/content/appendix/thumbnails/1982/appendix-19.jpg,137679,.jpg
public/content/appendix/thumbnails/1982/appendix-2.jpg,172548,.jpg
public/content/appendix/thumbnails/1982/appendix-3.jpg,177552,.jpg
public/content/appendix/thumbnails/1982/appendix-4.jpg,54155,.jpg
public/content/appendix/thumbnails/1982/appendix-5.jpg,123729,.jpg
public/content/appendix/thumbnails/1982/appendix-6.jpg,168907,.jpg
public/content/appendix/thumbnails/1982/appendix-7.jpg,125075,.jpg
public/content/appendix/thumbnails/1982/appendix-8.jpg,133150,.jpg
public/content/appendix/thumbnails/1982/appendix-9.jpg,75431,.jpg
public/content/appendix/thumbnails/1982/introduction.jpg,26161,.jpg
public/content/appendix/thumbnails/appendix_1.jpg,142921,.jpg
public/content/appendix/thumbnails/appendix_10.jpg,166477,.jpg
public/content/appendix/thumbnails/appendix_11.jpg,143938,.jpg
public/content/appendix/thumbnails/appendix_12.jpg,129583,.jpg
public/content/appendix/thumbnails/appendix_13.jpg,146003,.jpg
public/content/appendix/thumbnails/appendix_14.jpg,153006,.jpg
public/content/appendix/thumbnails/appendix_15.jpg,145875,.jpg
public/content/appendix/thumbnails/appendix_16.jpg,134141,.jpg
public/content/appendix/thumbnails/appendix_17.jpg,134141,.jpg
public/content/appendix/thumbnails/appendix_18.jpg,136607,.jpg
public/content/appendix/thumbnails/appendix_19.jpg,136607,.jpg
public/content/appendix/thumbnails/appendix_2.jpg,110598,.jpg
public/content/appendix/thumbnails/appendix_20.jpg,161043,.jpg
public/content/appendix/thumbnails/appendix_21.jpg,121820,.jpg
public/content/appendix/thumbnails/appendix_22.jpg,121820,.jpg
public/content/appendix/thumbnails/appendix_23.jpg,115337,.jpg
public/content/appendix/thumbnails/appendix_24.jpg,138411,.jpg
public/content/appendix/thumbnails/appendix_25.jpg,140461,.jpg
public/content/appendix/thumbnails/appendix_26.jpg,143940,.jpg
public/content/appendix/thumbnails/appendix_27.jpg,133522,.jpg
public/content/appendix/thumbnails/appendix_28.jpg,143334,.jpg
public/content/appendix/thumbnails/appendix_29.jpg,165998,.jpg
public/content/appendix/thumbnails/appendix_3.jpg,168898,.jpg
public/content/appendix/thumbnails/appendix_30.jpg,146942,.jpg
public/content/appendix/thumbnails/appendix_31.jpg,148091,.jpg
public/content/appendix/thumbnails/appendix_32.jpg,157269,.jpg
public/content/appendix/thumbnails/appendix_33.jpg,146919,.jpg
public/content/appendix/thumbnails/appendix_34.jpg,144898,.jpg
public/content/appendix/thumbnails/appendix_35.jpg,144898,.jpg
public/content/appendix/thumbnails/appendix_36.jpg,148052,.jpg
public/content/appendix/thumbnails/appendix_37.jpg,159143,.jpg
public/content/appendix/thumbnails/appendix_38.jpg,117362,.jpg
public/content/appendix/thumbnails/appendix_4.jpg,171622,.jpg
public/content/appendix/thumbnails/appendix_5.jpg,145279,.jpg
public/content/appendix/thumbnails/appendix_6.jpg,142653,.jpg
public/content/appendix/thumbnails/appendix_7.jpg,149512,.jpg
public/content/appendix/thumbnails/appendix_8.jpg,153987,.jpg
public/content/appendix/thumbnails/appendix_9.jpg,165722,.jpg
public/content/appendix/thumbnails/introduction.jpg,138096,.jpg
public/content/appendix/thumbnails/proclamation.jpg,106645,.jpg
public/content/audio/messenger-audios/default.jpg,18739,.jpg
public/content/audio/quran-studies/thumbnails/01-quran-study-from-azhar-1-sura-7219-28-and-sura-73-by-kathryn-jinns-05-26-1989.jpg,13551,.jpg
public/content/audio/quran-studies/thumbnails/02-quran-study-from-azhar-2-sura-95-and-sura-96-by-m-sabahi-two-verses-of-sura-9-dropped-out-to-demons.jpg,16548,.jpg
public/content/audio/quran-studies/thumbnails/03-quran-study-from-azhar-3-sura-1079-92-and-sura-23-by-rashads-khutba-01-19-1990-sura-3110-117-by.jpg,18992,.jpg
public/content/audio/quran-studies/thumbnails/04-quran-study-from-azhar-4-sura-37-by-rashad-shakira-present-astroid-01-21-1990-sura-3118-129-by-s.jpg,17228,.jpg
public/content/audio/quran-studies/thumbnails/05-quran-study-from-azhar-5-sura-5675-and-sura-57-by-lisa-02-17-1989.jpg,11249,.jpg
public/content/audio/quran-studies/thumbnails/06-quran-study-from-azhar-6-sura-59-by-donna-pra-invisible-giants-hypocrites-03-10-1989.jpg,20564,.jpg
public/content/audio/quran-studies/thumbnails/07-quran-study-from-azhar-7-sura-62-and-sura-63-by-kathryn-gods-religion-will-dominate-in-20-to-50-yr.jpg,17935,.jpg
public/content/audio/quran-studies/thumbnails/08-quran-study-from-azhar-8-sura-65-and-sura-66-by-lori-encourage-children-to-do-salat-hamid-argues-04.jpg,17660,.jpg
public/content/audio/quran-studies/thumbnails/09-quran-study-from-azhar-9-sura-70-by-edip-chastity-worry-edip-wanted-rashad-to-change-rich-believe.jpg,21533,.jpg
public/content/audio/quran-studies/thumbnails/10-quran-study-from-azhar-10-sura-71-and-sura-72-by-afameh-chastity-jinns-05-19-1989.jpg,12504,.jpg
public/content/audio/quran-studies/thumbnails/11-quran-study-from-behrouz-111-sura-2360-88-and-sura-16-01-18-199001-23-1990-morning-before-01-31-19.jpg,20688,.jpg
public/content/audio/quran-studies/thumbnails/12-quran-study-from-behrouz-212-behrouzs-khutba-edip-yuksels-exposure-01-25-1990.jpg,13899,.jpg
public/content/audio/quran-studies/thumbnails/13-quran-study-from-behrouz-313-sura-712-by-rashad-adam-and-eves-body-12-24-1989.jpg,14859,.jpg
public/content/audio/quran-studies/thumbnails/14-quran-study-from-behrouz-414-night-of-destiny-zikr-by-rashad.jpg,10473,.jpg
public/content/audio/quran-studies/thumbnails/15-quran-study-from-behrouz-515-sura-5423-by-rashad-sura-55-and-sura-56-and-sura-51-age-40-and-first-gen.jpg,16496,.jpg
public/content/audio/quran-studies/thumbnails/16-quran-study-from-behrouz-616-sura-64-by-rashad-nothing-happens-except-sura-70-by-edip-worry-chast.jpg,21264,.jpg
public/content/audio/quran-studies/thumbnails/17-quran-study-from-behrouz-717-sura-90-and-sura-91-by-rashad-sura-82-and-sura-83-by-edip-07-21-1989no-7.jpg,15633,.jpg
public/content/audio/quran-studies/thumbnails/18-quran-study-from-behrouz-818-sura-61-and-sura-87-and-sura-94-by-rashad-sura-81-by-edip-no-8.jpg,10534,.jpg
public/content/audio/quran-studies/thumbnails/19-quran-study-from-behrouz-919-sura-289-119-witchcraft-reverting-intro-to-blue-quran-no-13.jpg,14486,.jpg
public/content/audio/quran-studies/thumbnails/20-quran-study-from-behrouz-1020-sura-3-by-m-sabahi-insurance-fear-worry.jpg,8975,.jpg
public/content/audio/quran-studies/thumbnails/21-quran-study-from-behrouz-1121-sura-952-by-rashad-the-hypocrites-apology-to-parivash-sura-5675-b.jpg,12793,.jpg
public/content/audio/quran-studies/thumbnails/22-quran-study-from-behrouz-1222-sura-3911-by-rashad-admission-test-i-dont-compromise-with-a-littl.jpg,23223,.jpg
public/content/audio/quran-studies/thumbnails/23-quran-study-from-behrouz-1323-sura-51-by-douglas-new-era-believers-are-protected-from-accidents-and.jpg,16244,.jpg
public/content/audio/quran-studies/thumbnails/24-quran-study-from-behrouz-1424-sura-55-by-lori-alfatehe-sura-56-by-naghmeh.jpg,7595,.jpg
public/content/audio/quran-studies/thumbnails/25-quran-study-from-behrouz-1525-sura-58-by-robert.jpg,7306,.jpg
public/content/audio/quran-studies/thumbnails/26-quran-study-from-behrouz-1626-sura-67-by-gatut-hamid-argues-with-rashad.jpg,12589,.jpg
public/content/audio/quran-studies/thumbnails/27-quran-study-from-behrouz-1727-sura-1419-chastity-premarital-pregnancy-sura-1747-we-are-allowed.jpg,36443,.jpg
public/content/audio/quran-studies/thumbnails/28-quran-study-from-parivash-128-sura-4533-parivashs-home-19-math.jpg,8548,.jpg
public/content/audio/quran-studies/thumbnails/29-quran-study-from-parivash-229-mehris-questions-admission-test-and-final-test-tucson-1985.jpg,5286,.jpg
public/content/audio/quran-studies/thumbnails/30-quran-study-from-parivash-330-sura-28-and-sura-57-insurance-with-god-sura-4533-rashad-was-told-to.jpg,27110,.jpg
public/content/audio/quran-studies/thumbnails/31-quran-study-from-parivash-431-sura-1898-and-sura-81-edip-azan-and-salat-by-rashad-11-04-1989.jpg,6074,.jpg
public/content/audio/quran-studies/thumbnails/32-quran-study-from-parivash-532-sura-60-and-sura-61-rich-believer-certainty-insurance-114-min-12-28-8.jpg,12593,.jpg
public/content/audio/quran-studies/thumbnails/33-quran-study-from-parivash-633-sura-74-masud-sabahi-06-02-1989.jpg,8676,.jpg
public/content/audio/quran-studies/thumbnails/34-quran-study-from-parivash-734-sura-33-god-is-physical-innovations-praying-and-prostrating-after-sal.jpg,22611,.jpg
public/content/audio/quran-studies/thumbnails/35-quran-study-from-parivash-835-sura-3025-miracle-coming-out-of-biggest-brewery-intercession-alleg.jpg,22493,.jpg
public/content/audio/quran-studies/thumbnails/36-quran-study-from-parivash-936-after-fajr-prayer-i-make-deliberate-mistakes-to-destroy-idols-origi.jpg,23780,.jpg
public/content/audio/quran-studies/thumbnails/37-quran-study-from-parivash-1037-shakiras-home-sura-1168-11-04-1989.jpg,12491,.jpg
public/content/audio/quran-studies/thumbnails/38-quran-study-from-parivash-1138-certainty-11-29-1989.jpg,10290,.jpg
public/content/audio/quran-studies/thumbnails/39-quran-study-from-parivash-1239-sura-60-and-sura-61-rich-believer-certainty-insurance-114-min-12-28.jpg,23159,.jpg
public/content/audio/quran-studies/thumbnails/40-quran-study-from-parivash-1340-sura-359-12-29-1989.jpg,10934,.jpg
public/content/audio/quran-studies/thumbnails/41-quran-study-from-parivash-1441-sura-54-by-rashad-alfateha-for-anything-you-wish-extreme-libertari.jpg,18366,.jpg
public/content/audio/quran-studies/thumbnails/42-quran-study-from-roxana-142-interview-with-rashad-by-ray-caton-insurance-interest.jpg,17357,.jpg
public/content/audio/quran-studies/thumbnails/43-quran-study-from-roxana-243-third-international-conference-tucson-rashads-speech-sura-1739-insu.jpg,28239,.jpg
public/content/audio/quran-studies/thumbnails/44-quran-study-from-roxana-344-sura-64-by-rashad-nothing-happens-angels-are-best-surgons-sura-59-by.jpg,19082,.jpg
public/content/audio/quran-studies/thumbnails/45-quran-study-from-roxana-445-sura-40-by-rashad-firozs-home-deja-vu-believers-usually-95-yrs-old-f.jpg,24276,.jpg
public/content/audio/quran-studies/thumbnails/46-quran-study-from-roxana-546-sura-37159-to-3825-sura-950-and-sura-3911-admission-test-i-dont-co.jpg,32080,.jpg
public/content/audio/quran-studies/thumbnails/47-quran-study-from-roxana-647-introduction-to-blue-quran-sura-1-and-beginning-of-sura-2.jpg,18483,.jpg
public/content/audio/quran-studies/thumbnails/48-quran-study-48-rashads-speech-parivashs-home-salat-zakat-fazeli-a-muhamaden-argues-01-11-1989.jpg,17377,.jpg
public/content/audio/quran-studies/thumbnails/49-quran-study-49-speech-of-rashad-parivashs-home-19-math-11-05-1989.jpg,14581,.jpg
public/content/audio/quran-studies/thumbnails/50-quran-study-50-sura-92-and-sura-93-and-sura-94-by-kathryn-zakat-not-limited-to-earned-money-07-27-198.jpg,18759,.jpg
public/content/audio/quran-studies/thumbnails/51-quran-study-51-sura-1759-rashad-1990.jpg,8081,.jpg
public/content/audio/quran-studies/thumbnails/52-quran-study-5889-by-linda-sura-1-and-2-partial.png,142495,.png
public/content/books/ETERNITY - Screenplay.pdf,14345861,.pdf
public/content/books/English Meanings of the Quran.pdf,4352310,.pdf
"public/content/books/ISLAM (Vol. 1, 2, 3, 4).pdf",18881809,.pdf
public/content/books/Miracle of Quran - Significance of the Mysterious Alphabets.pdf,28987345,.pdf
public/content/books/Quran - Visual Presentation of the Miracle.pdf,6308173,.pdf
"public/content/books/Quran, Hadith, and Islam.pdf",15966986,.pdf
public/content/books/Quran1981.pdf,98968592,.pdf
public/content/books/The Computer Speaks God's Message to the World.pdf,3998367,.pdf
public/content/books/The Contact Prayers.pdf,502268,.pdf
public/content/books/The Perpetual Miracle of Muhammad.pdf,1601735,.pdf
public/content/books/jsons/ETERNITY - Screenplay.json,140462,.json
public/content/books/jsons/English Meanings of the Quran.json,41921,.json
public/content/books/jsons/Islam - Volume 1.json,256188,.json
public/content/books/jsons/Miracle of Quran - Significance of the Mysterious Alphabets.json,517414,.json
public/content/books/jsons/Quran - Visual Presentation of the Miracle.json,370910,.json
public/content/books/jsons/Quran1981.json,2269949,.json
public/content/books/jsons/The Computer Speaks God's Message to the World.json,484363,.json
public/content/books/jsons/The Contact Prayers.json,36727,.json
public/content/books/jsons/The Perpetual Miracle of Muhammad.json,56683,.json
public/content/books/thumbnails/ETERNITY - Screenplay.png,25231,.png
public/content/books/thumbnails/English Meanings of the Quran.png,148965,.png
public/content/books/thumbnails/Hard Cover 1989.png,2896409,.png
"public/content/books/thumbnails/ISLAM (Vol. 1, 2, 3, 4).png",2213530,.png
public/content/books/thumbnails/Islam - Volume 1.png,672550,.png
public/content/books/thumbnails/MQ.png,2940843,.png
public/content/books/thumbnails/Miracle of Quran - Significance of the Mysterious Alphabets.png,2940843,.png
public/content/books/thumbnails/Quran - Visual Presentation of the Miracle.png,38019,.png
"public/content/books/thumbnails/Quran, Hadith, and Islam.png",41399,.png
public/content/books/thumbnails/Quran1981.png,3159131,.png
public/content/books/thumbnails/The Computer Speaks God's Message to the World.png,21664,.png
public/content/books/thumbnails/The Contact Prayers.png,73530,.png
public/content/books/thumbnails/The Perpetual Miracle of Muhammad.png,9017,.png
public/content/books/thumbnails/perpetual_miracle.jpg,30460,.jpg
public/content/books/thumbnails/salat_booklet.jpg,100510,.jpg
public/content/books/transcription/ETERNITY - Screenplay - Rashad Khalifa Ph. D._transcription.md,129345,.md
public/content/books/transcription/English Meanings of the Quran - Rashad Khalifa Ph.D._transcription.md,39894,.md
public/content/books/transcription/Hard Cover 1989_transcription.md,4006159,.md
public/content/books/transcription/Islam - Volume 1_transcription.md,245695,.md
public/content/books/transcription/Miracle of Quran - Significance of the Mysterious Alphabets - Rashad Khalifa Ph. D._transcription.md,492372,.md
public/content/books/transcription/Quran - Visual Presentation of the Miracle - Rashad Khalifa Ph. D._transcription.md,343063,.md
public/content/books/transcription/Quran The Final Scripture (Authorized English Version) by Rashad Khalifa (z-lib.org) (2)_transcription.md,1155424,.md
public/content/books/transcription/Salat Booklet_transcription.md,13762,.md
public/content/books/transcription/The Computer Speaks God's Message to the World - Rashad Khalifa Ph. D._transcription.md,452913,.md
public/content/books/transcription/The Perpetual Miracle of Muhammad - Rashad Khalifa_transcription.md,34877,.md
public/content/books/transcription/pgs/pages_01_to_10.md,13966,.md
public/content/books/transcription/pgs/pages_11_to_20.md,15378,.md
public/content/books/transcription/pgs/pages_21_to_30.md,13267,.md
public/content/books/transcription/pgs/pages_31_to_40.md,13502,.md
public/content/books/transcription/pgs/pages_41_to_50.md,14344,.md
public/content/books/transcription/pgs/pages_51_to_60.md,13088,.md
public/content/books/transcription/pgs/pages_61_to_70.md,13735,.md
public/content/books/transcription/pgs/pages_71_to_80.md,6739,.md
public/content/books/transcription/pgs/pages_81_to_91.md,13561,.md
public/content/newsletter/json/SP1985_1990_all_issues_combined.json,2854939,.json
public/content/newsletter/pdfs/1985_02_February.pdf,1795696,.pdf
public/content/newsletter/pdfs/1985_03_March.pdf,1403063,.pdf
public/content/newsletter/pdfs/1985_04_April.pdf,1617137,.pdf
public/content/newsletter/pdfs/1985_05_May.pdf,1526037,.pdf
public/content/newsletter/pdfs/1985_06_June.pdf,1456758,.pdf
public/content/newsletter/pdfs/1985_07_July.pdf,1634579,.pdf
public/content/newsletter/pdfs/1985_08_August.pdf,1521872,.pdf
public/content/newsletter/pdfs/1985_09_September.pdf,1284858,.pdf
public/content/newsletter/pdfs/1985_10_October.pdf,1347713,.pdf
public/content/newsletter/pdfs/1985_11_November.pdf,1362375,.pdf
public/content/newsletter/pdfs/1985_12_December.pdf,1344971,.pdf
public/content/newsletter/pdfs/1986_01_January.pdf,1059361,.pdf
public/content/newsletter/pdfs/1986_02_February.pdf,1331273,.pdf
public/content/newsletter/pdfs/1986_03_March.pdf,1612555,.pdf
public/content/newsletter/pdfs/1986_04_April.pdf,1460953,.pdf
public/content/newsletter/pdfs/1986_05_May.pdf,1515720,.pdf
public/content/newsletter/pdfs/1986_06_June.pdf,1228574,.pdf
public/content/newsletter/pdfs/1986_07_July.pdf,1104429,.pdf
public/content/newsletter/pdfs/1986_08_August.pdf,1728646,.pdf
public/content/newsletter/pdfs/1986_09_September.pdf,1383184,.pdf
public/content/newsletter/pdfs/1986_10_October.pdf,1329880,.pdf
public/content/newsletter/pdfs/1986_11_November.pdf,1442884,.pdf
public/content/newsletter/pdfs/1986_12_December.pdf,1359958,.pdf
public/content/newsletter/pdfs/1987_01_January.pdf,1455015,.pdf
public/content/newsletter/pdfs/1987_02_February.pdf,1593824,.pdf
public/content/newsletter/pdfs/1987_03_March.pdf,1579203,.pdf
public/content/newsletter/pdfs/1987_04_April.pdf,1322822,.pdf
public/content/newsletter/pdfs/1987_05_May.pdf,1251917,.pdf
public/content/newsletter/pdfs/1987_06_June.pdf,1438215,.pdf
public/content/newsletter/pdfs/1987_07_July.pdf,1482818,.pdf
public/content/newsletter/pdfs/1987_08_August.pdf,1554539,.pdf
public/content/newsletter/pdfs/1987_09_September.pdf,1551934,.pdf
public/content/newsletter/pdfs/1987_10_October.pdf,1750167,.pdf
public/content/newsletter/pdfs/1987_11_November.pdf,1426990,.pdf
public/content/newsletter/pdfs/1987_12_December.pdf,1120269,.pdf
public/content/newsletter/pdfs/1988_01_January.pdf,1586775,.pdf
public/content/newsletter/pdfs/1988_02_February.pdf,1409822,.pdf
public/content/newsletter/pdfs/1988_03_March.pdf,1532440,.pdf
public/content/newsletter/pdfs/1988_04_April.pdf,1574466,.pdf
public/content/newsletter/pdfs/1988_05_May.pdf,1596368,.pdf
public/content/newsletter/pdfs/1988_05_May_Bulletin.pdf,1444969,.pdf
public/content/newsletter/pdfs/1988_06_June.pdf,1517016,.pdf
public/content/newsletter/pdfs/1988_07_July.pdf,1433334,.pdf
public/content/newsletter/pdfs/1988_08_August.pdf,1571019,.pdf
public/content/newsletter/pdfs/1988_09_September.pdf,1423828,.pdf
public/content/newsletter/pdfs/1988_10_October.pdf,1253446,.pdf
public/content/newsletter/pdfs/1988_11_November.pdf,898572,.pdf
public/content/newsletter/pdfs/1988_12_December.pdf,1343817,.pdf
public/content/newsletter/pdfs/1989_01_January.pdf,1294262,.pdf
public/content/newsletter/pdfs/1989_02_February.pdf,1188079,.pdf
public/content/newsletter/pdfs/1989_03_March.pdf,1263096,.pdf
public/content/newsletter/pdfs/1989_04_April.pdf,1239518,.pdf
public/content/newsletter/pdfs/1989_05_May.pdf,1376622,.pdf
public/content/newsletter/pdfs/1989_06_June.pdf,1475386,.pdf
public/content/newsletter/pdfs/1989_07_July.pdf,1542221,.pdf
public/content/newsletter/pdfs/1989_08_August.pdf,1646600,.pdf
public/content/newsletter/pdfs/1989_10_October.pdf,393216,.pdf
public/content/newsletter/pdfs/1989_11_November.pdf,1294336,.pdf
public/content/newsletter/pdfs/1989_12_December.pdf,1482236,.pdf
public/content/newsletter/pdfs/1990_01_January.pdf,1664779,.pdf
public/content/newsletter/pdfs/1990_01_January_bonus_issue.pdf,201170,.pdf
public/content/newsletter/pdfs/1990_02_February.pdf,1760474,.pdf
public/content/newsletter/pdfs/1990_03_March.pdf,1790100,.pdf
public/content/newsletter/thumbnails/1985_02_February.jpg,106631,.jpg
public/content/newsletter/thumbnails/1985_03_March.jpg,97334,.jpg
public/content/newsletter/thumbnails/1985_04_April.jpg,114062,.jpg
public/content/newsletter/thumbnails/1985_05_May.jpg,110460,.jpg
public/content/newsletter/thumbnails/1985_06_June.jpg,96739,.jpg
public/content/newsletter/thumbnails/1985_07_July.jpg,115041,.jpg
public/content/newsletter/thumbnails/1985_08_August.jpg,118545,.jpg
public/content/newsletter/thumbnails/1985_09_September.jpg,109860,.jpg
public/content/newsletter/thumbnails/1985_10_October.jpg,99782,.jpg
public/content/newsletter/thumbnails/1985_11_November.jpg,117522,.jpg
public/content/newsletter/thumbnails/1985_12_December.jpg,117218,.jpg
public/content/newsletter/thumbnails/1986_01_January.jpg,111423,.jpg
public/content/newsletter/thumbnails/1986_02_February.jpg,111080,.jpg
public/content/newsletter/thumbnails/1986_03_March.jpg,115846,.jpg
public/content/newsletter/thumbnails/1986_04_April.jpg,111524,.jpg
public/content/newsletter/thumbnails/1986_05_May.jpg,119457,.jpg
public/content/newsletter/thumbnails/1986_06_June.jpg,102489,.jpg
public/content/newsletter/thumbnails/1986_07_July.jpg,93762,.jpg
public/content/newsletter/thumbnails/1986_08_August.jpg,115212,.jpg
public/content/newsletter/thumbnails/1986_09_September.jpg,114210,.jpg
public/content/newsletter/thumbnails/1986_10_October.jpg,109854,.jpg
public/content/newsletter/thumbnails/1986_11_November.jpg,109874,.jpg
public/content/newsletter/thumbnails/1986_12_December.jpg,115811,.jpg
public/content/newsletter/thumbnails/1987_01_January.jpg,116237,.jpg
public/content/newsletter/thumbnails/1987_02_February.jpg,112089,.jpg
public/content/newsletter/thumbnails/1987_03_March.jpg,121538,.jpg
public/content/newsletter/thumbnails/1987_04_April.jpg,91314,.jpg
public/content/newsletter/thumbnails/1987_05_May.jpg,114262,.jpg
public/content/newsletter/thumbnails/1987_06_June.jpg,111443,.jpg
public/content/newsletter/thumbnails/1987_07_July.jpg,113060,.jpg
public/content/newsletter/thumbnails/1987_08_August.jpg,115440,.jpg
public/content/newsletter/thumbnails/1987_09_September.jpg,118993,.jpg
public/content/newsletter/thumbnails/1987_10_October.jpg,119253,.jpg
public/content/newsletter/thumbnails/1987_11_November.jpg,114528,.jpg
public/content/newsletter/thumbnails/1987_12_December.jpg,105269,.jpg
public/content/newsletter/thumbnails/1988_01_January.jpg,121485,.jpg
public/content/newsletter/thumbnails/1988_02_February.jpg,108447,.jpg
public/content/newsletter/thumbnails/1988_03_March.jpg,124241,.jpg
public/content/newsletter/thumbnails/1988_04_April.jpg,127263,.jpg
public/content/newsletter/thumbnails/1988_05_May.jpg,112644,.jpg
public/content/newsletter/thumbnails/1988_05_May_Bulletin.jpg,120059,.jpg
public/content/newsletter/thumbnails/1988_06_June.jpg,115279,.jpg
public/content/newsletter/thumbnails/1988_07_July.jpg,113701,.jpg
public/content/newsletter/thumbnails/1988_08_August.jpg,109130,.jpg
public/content/newsletter/thumbnails/1988_09_September.jpg,108153,.jpg
public/content/newsletter/thumbnails/1988_10_October.jpg,120874,.jpg
public/content/newsletter/thumbnails/1988_11_November.jpg,99902,.jpg
public/content/newsletter/thumbnails/1988_12_December.jpg,116493,.jpg
public/content/newsletter/thumbnails/1989_01_January.jpg,92366,.jpg
public/content/newsletter/thumbnails/1989_02_February.jpg,90038,.jpg
public/content/newsletter/thumbnails/1989_03_March.jpg,98704,.jpg
public/content/newsletter/thumbnails/1989_04_April.jpg,101953,.jpg
public/content/newsletter/thumbnails/1989_05_May.jpg,114541,.jpg
public/content/newsletter/thumbnails/1989_06_June.jpg,111439,.jpg
public/content/newsletter/thumbnails/1989_07_July.jpg,111585,.jpg
public/content/newsletter/thumbnails/1989_08_August.jpg,118274,.jpg
public/content/newsletter/thumbnails/1989_10_October.jpg,2685,.jpg
public/content/newsletter/thumbnails/1989_11_November.jpg,120330,.jpg
public/content/newsletter/thumbnails/1989_12_December.jpg,117155,.jpg
public/content/newsletter/thumbnails/1990_01_January.jpg,121533,.jpg
public/content/newsletter/thumbnails/1990_01_January_bonus_issue.jpg,203517,.jpg
public/content/newsletter/thumbnails/1990_02_February.jpg,121880,.jpg
public/content/newsletter/thumbnails/1990_03_March.jpg,122470,.jpg
public/content/video/thumbnails/arabic-language-lessons-by-dr-rashad-khalifa.jpg,7506,.jpg
public/content/video/thumbnails/city-council-al-fatiha-recitation-by-dr-rashad-khalifa.jpg,7431,.jpg
public/content/video/thumbnails/essentials-of-submission-islam.jpg,7948,.jpg
public/content/video/thumbnails/evolution-or-creation-the-final-argument-by-dr-rashad-khalifa.jpg,6924,.jpg
public/content/video/thumbnails/excerpts-from-a-radio-debate-with-dr-rashad-khalifa.jpg,11806,.jpg
public/content/video/thumbnails/friday-sermon-classification-of-creatures-loving-god-hell-is-not-enough-12091988.webp,5956,.webp
public/content/video/thumbnails/friday-sermon-evidence-is-increasing-this-life-is-a-school-for-the-eternal-life-111987.webp,5222,.webp
public/content/video/thumbnails/friday-sermon-god-is-doing-everything-story-about-ahmed-subhy-mansour-1221988.webp,6090,.webp
public/content/video/thumbnails/friday-sermon-knowing-god-god-is-doing-everything-06051987.webp,6332,.webp
public/content/video/thumbnails/friday-sermon-marriage-importance-of-love-muhammads-example-04081988.webp,6620,.webp
public/content/video/thumbnails/friday-sermon-miracle-of-miracles-al-fatiha-proving-the-five-salat-12081989.webp,6046,.webp
public/content/video/thumbnails/friday-sermon-more-evidence-memorize-this-supplication-for-divine-protection-111987.webp,4708,.webp
public/content/video/thumbnails/friday-sermon-natural-instinct-who-is-the-real-you-how-to-find-perfect-happiness-05271988.webp,5914,.webp
public/content/video/thumbnails/friday-sermon-original-sin-only-god-guides-majority-of-believers-are-going-to-hell-03031989.webp,4498,.webp
public/content/video/thumbnails/friday-sermon-our-purpose-gods-kingdom-vs-satans-kingdom-abrahams-dream-03041988.webp,7736,.webp
public/content/video/thumbnails/friday-sermon-proclaiming-messengership-abrahams-religion-04151988.webp,9738,.webp
public/content/video/thumbnails/friday-sermon-proving-every-verse-word-letter-with-irrefutable-evidence-11091989.webp,5372,.webp
public/content/video/thumbnails/friday-sermon-proving-salat-al-jummah-the-righteous-go-straight-to-heaven-11261989.webp,4692,.webp
public/content/video/thumbnails/friday-sermon-purpose-of-messengers-the-advent-of-the-pure-quran-03171989.webp,6416,.webp
public/content/video/thumbnails/friday-sermon-quran-is-the-only-book-in-the-world-that-is-mathematically-composed-111987.webp,8728,.webp
public/content/video/thumbnails/friday-sermon-rashad-explains-his-messengership-details-05161988.webp,4572,.webp
public/content/video/thumbnails/friday-sermon-remember-god-constantly-submitter-vs-objector-01131989.webp,4782,.webp
public/content/video/thumbnails/friday-sermon-revelation-of-quran-to-revelation-of-miracle-importance-of-dawn-prayer-02031989.webp,5442,.webp
public/content/video/thumbnails/friday-sermon-seek-gods-kingship-over-you-and-everything-else-follows-03251988.webp,5326,.webp
public/content/video/thumbnails/friday-sermon-the-heavenly-feud-the-importance-of-killing-the-ego-11291989.webp,6066,.webp
public/content/video/thumbnails/friday-sermon-the-mathematical-miracle-proves-the-quran-to-be-the-word-of-god-10161987.webp,6378,.webp
public/content/video/thumbnails/friday-sermon-the-meaning-of-life-discovering-the-miracle-07151988.webp,5268,.webp
public/content/video/thumbnails/friday-sermon-the-muhammadans-worship-muhammad-discoveries-by-atef-and-lisa-12041987.webp,5444,.webp
public/content/video/thumbnails/friday-sermon-the-power-of-repentance-the-secret-of-happiness-01011988.webp,5730,.webp
public/content/video/thumbnails/friday-sermon-united-submitters-international-conference-1989.webp,5824,.webp
public/content/video/thumbnails/friday-sermon-universal-unity-through-devotion-to-god-alone.webp,8628,.webp
public/content/video/thumbnails/friday-sermon-what-about-previous-generations-12301988.webp,5246,.webp
public/content/video/thumbnails/friday-sermon-who-is-your-god-majority-of-believers-are-going-to-hell-10281988.webp,5478,.webp
public/content/video/thumbnails/friday-sermon-why-announce-messengership-08111989.webp,5478,.webp
public/content/video/thumbnails/in-defense-of-the-bible.jpg,7496,.jpg
public/content/video/thumbnails/king-of-chaos.jpg,7373,.jpg
public/content/video/thumbnails/mathematical-miracle-of-quran.jpg,7244,.jpg
public/content/video/thumbnails/old-message-new-messenger.jpg,7825,.jpg
public/content/video/thumbnails/principles-of-contact-prayers-salat.jpg,5587,.jpg
public/content/video/thumbnails/principles-of-friday-prayer.jpg,7845,.jpg
public/content/video/thumbnails/the-creators-signature.jpg,11824,.jpg
public/content/video/thumbnails/the-great-debate-dr-rashad-khalifa-vs-dr-abdel-rahman.jpg,6996,.jpg
public/content/video/thumbnails/united-submitters-international-conference-explaining-the-fulfillment-of-the-covenant-1988.webp,12860,.webp
public/content/video/thumbnails/united-submitters-international-conference-final-speech-by-dr-rashad-khalifa-1989.webp,6886,.webp
public/content/video/thumbnails/what-is-life-all-about.jpg,7323,.jpg
public/content/video/thumbnails/who-is-god.jpg,735844,.jpg
public/content/video/thumbnails/witness-a-miracle-world-news-bulletin.jpg,9556,.jpg
public/data/generated_indices/ASSET_MANIFEST.csv,116871,.csv
public/data/generated_indices/AUDIOS_LIST.json,71890,.json
public/data/generated_indices/BOOKS_LIST.json,10810,.json
public/data/generated_indices/CATALOG_VALIDATION.json,497,.json
public/data/generated_indices/MASTER_INDEX.json,26196554,.json
public/data/generated_indices/QURAN_CHAPTERS.json,7570919,.json
public/data/generated_indices/VIDEO_PROGRAMS_LIST.json,37968,.json
public/data/other/search_index.json,10810,.json
public/fonts/GlacialIndifference-Regular.ttf,53116,.ttf
public/fonts/LTSuperiorSerif-Bold.otf,140076,.otf
public/fonts/LTSuperiorSerif-Medium.otf,141856,.otf
public/fonts/LTSuperiorSerif-Regular.otf,138364,.otf
public/images/Screenshot 2026-05-14 215433.png,28619,.png
public/images/messenger-audios/default.jpg,18739,.jpg
public/images/placeholders/appendix.png,672815,.png
public/images/placeholders/newsletter.png,707426,.png
public/images/placeholders/rashad-khalifa.png,728404,.png
public/images/rashadandothers/M1.png,2288455,.png
public/images/rashadandothers/M2.png,1274796,.png
public/images/rashadandothers/M3.png,1092269,.png
public/images/rashadandothers/M4.jpeg,119919,.jpeg
public/images/sermons/Dr._Rashad_Khalifa_1987_Khutbha_Friday_Sermon_1KLZxgpGMqs.jpg,11566,.jpg
public/images/sermons/Dr._Rashad_Khalifas_Friday_Sermons_1989_1_UouRqqmb7vU.jpg,10445,.jpg
public/images/sermons/Dr._Rashad_Khalifas_Friday_Sermons_1989_2_z4m9qBB9qaU.jpg,7201,.jpg
public/images/sermons/Dr._Rashad_Khalifas_Friday_Sermons_1989_3_Qw0yy-tQgas.jpg,7356,.jpg
public/images/sermons/Dr._Rashad_Khalifas_Friday_Sermons_End_of_the_World_10161987_7151988_SOSm9-QAm40.jpg,8244,.jpg
public/images/sermons/Dr._Rashad_Khalifas_Friday_Sermons_dated_111988_1221988_341988_a3U2yi6d7aU.jpg,10468,.jpg
public/images/sermons/Dr._Rashad_Khalifas_Friday_Sermons_dated_5271988_10281988_12301988_UetFQPwuaGA.jpg,8770,.jpg
public/images/sermons/Dr._Rashad_Khalifas_Friday_Sermons_of_Nov._1987_1241987_j6WwnOk44MU.jpg,8594,.jpg
public/images/sermons/Friday_Sermon_August_1987_No.3_Universal_Unity_by_Dr._Rashad_Khalifa_dQRAAWAjHzU.jpg,12298,.jpg
public/images/sermons/Friday_Sermon_God_is_doing_everything_Part_II_by_Dr._Rashad_Khalifa_iYEmqt9zjMo.jpg,12304,.jpg
public/images/sermons/Friday_Sermon_God_is_doing_everything_Part_I_by_Dr._Rashad_Khalifa_o_WfE1OshIk.jpg,9120,.jpg
public/images/sermons/Friday_Sermons_by_Dr._Rashad_Khalifa_Dated_December_9th_1988_QowQ62645PQ.jpg,9225,.jpg
public/images/sermons/Friday_Sermons_by_Dr._Rashad_Khalifa_Dated_January_1st_1988_4lroqXG1X1c.jpg,8616,.jpg
public/images/sermons/Friday_Sermons_by_Dr._Rashad_Khalifa_Dated_January_22nd_1988_vNAAqvF6LP8.jpg,9427,.jpg
public/images/sermons/Friday_Sermons_by_Dr._Rashad_Khalifa_Dated_July_15th_1988_Z0kY8mt6-eg.jpg,8283,.jpg
public/images/sermons/Friday_Sermons_by_Dr._Rashad_Khalifa_Dated_July_1987_No.2_Tj6_bSDW2rM.jpg,9848,.jpg
public/images/sermons/Friday_Sermons_by_Dr._Rashad_Khalifa_Dated_June_1987_svsc99GcUWw.jpg,9285,.jpg
public/images/sermons/Friday_Sermons_by_Dr._Rashad_Khalifa_Dated_March_4th_1988_x4Q1ysVx8_0.jpg,8885,.jpg
public/images/sermons/Friday_Sermons_by_Dr._Rashad_Khalifa_Dated_May_27th_1988_aqkUBLa1JUE.jpg,9995,.jpg
public/images/sermons/Friday_Sermons_by_Dr._Rashad_Khalifa_Dated_Oct_28th_1988_ftvZkLUfLao.jpg,7857,.jpg
public/images/sermons/Friday_Sermons_by_Dr._Rashad_Khalifa_Dated_October_16th_1987_B3B-mGvApn4.jpg,8813,.jpg
public/images/sermons/Friday_Sermons_by_Dr._Rashad_Khalifa_in_1989_Conference_ydG7mVETth0.jpg,10159,.jpg
public/images/sermons/Principles_of_Friday_Prayer_ohFKsHXM568.jpg,8849,.jpg
public/images/sermons/Rashads_Sermon__his_Martyrdom_on_News_-_Rashad_Khalifa_v07209ad9vM.jpg,16221,.jpg
public/images/submission-archives-logo.png,71182,.png
public/images/video-programs/Arabic_Language_Lessons.jpg,7506,.jpg
public/images/video-programs/City_Council_Al-Fateha_Recitation.jpg,7431,.jpg
public/images/video-programs/Essentials_of_Submission_Islam.jpg,7948,.jpg
public/images/video-programs/Evolution_or_Creation_The_Final_Argument_by_Dr_Rashad_Khalifa.jpg,6924,.jpg
public/images/video-programs/Excerpts_From_a_Radio_Debate_With_dr_Rashad_Khalifa.jpg,11806,.jpg
public/images/video-programs/Explaining_the_Fulfillment_of_the_Covenant.jpg,12733,.jpg
public/images/video-programs/Final_Speech_by_Dr._Rashad_Khalifa_1989_Conference.jpg,7675,.jpg
public/images/video-programs/In_Defence_of_the_Bible.jpg,7496,.jpg
public/images/video-programs/King_of_Chaos.jpg,7373,.jpg
public/images/video-programs/Mathematical_Miracle_of_Quran.jpg,7244,.jpg
public/images/video-programs/Principles_of_Contact_Prayers_Salat.jpg,5587,.jpg
public/images/video-programs/Principles_of_Friday_Prayer.jpg,7845,.jpg
public/images/video-programs/The_Creators_Signature.jpg,11824,.jpg
public/images/video-programs/The_Great_Debate_Dr._Rashad_Khalifa_vs_Dr._Abdel_Rahman.jpg,6996,.jpg
public/images/video-programs/What_Life_is_All_About.jpg,7323,.jpg
public/images/video-programs/What_Life_is_All_About__Who_is_GOD.jpg,7323,.jpg
public/images/video-programs/Who_Is_GOD.png,735844,.png
public/images/video-programs/Witness_a_Miracle__World_News_Bulletin.jpg,9556,.jpg
public/images/video-programs/World_News_Bulletin.jpg,12692,.jpg
public/images/video-programs/_Old_Message_New_Messenger.jpg,7825,.jpg
public/og-card.png,58791,.png
public/playlist_1/01 - What is Life All About.csv,38344,.csv
public/playlist_1/02 - Who is GOD.csv,25181,.csv
public/playlist_1/03 - Witness a Miracle & World News Bulletin.csv,71392,.csv
public/playlist_1/04 - Mathematical Miracle of Quran.csv,59971,.csv
"public/playlist_1/05 - Old Message, New Messenger.csv",129165,.csv
public/playlist_1/06 - The Great Debate Dr. Rashad Khalifa vs Dr. Abdel Rahman.csv,278249,.csv
public/playlist_1/07 - In Defense of the Bible.csv,30151,.csv
public/playlist_1/08 - Evolution or Creation The Final Argument by Dr. Rashad Khalifa.csv,109724,.csv
public/playlist_1/09 - King of Chaos.csv,69201,.csv
public/playlist_1/10 - United Submitters International Conference Explaining the Fulfillment of the Covenant (1988).csv,47936,.csv
public/playlist_1/11 - United Submitters International Conference Final Speech by Dr. Rashad Khalifa (1989).csv,135757,.csv
public/playlist_1/12 - City Council Al-Fatiha Recitation by Dr. Rashad Khalifa.csv,2810,.csv
public/playlist_1/13 - Excerpts From a Radio Debate With Dr. Rashad Khalifa.csv,9109,.csv
public/playlist_1/14 - World News Bulletin.csv,11591,.csv
public/playlist_1/15 - The Creators Signature.csv,44204,.csv
public/playlist_1/16 - Essentials of Submission (Islam).csv,81925,.csv
public/playlist_1/17 - Principles of Contact Prayers Salat.csv,141461,.csv
public/playlist_1/18 - Principles of Friday Prayer.csv,93599,.csv
public/playlist_1/19 - Arabic Language Lessons By Dr. Rashad Khalifa.csv,170864,.csv
public/playlist_1/20 - Friday Sermon Knowing GOD GOD is Doing Everything (06-05-1987).csv,82263,.csv
"public/playlist_1/21 - Friday Sermon GOD is Doing Everything, Rearranging Our Priorities (07-1987 No. 2).csv",100213,.csv
"public/playlist_1/22 - Friday Sermon Quran vs Bible Code, End of the World Revealed 2280AD (07-1987).csv",67403,.csv
public/playlist_1/23 - Friday Sermon Universal Unity Through Devotion to GOD Alone.csv,62485,.csv
public/playlist_1/24 - Friday Sermon The Mathematical Miracle Proves the Quran to be the Word of GOD (10-16-1987).csv,74858,.csv
"public/playlist_1/25 - Friday Sermon Evidence is Increasing, This Life is a School for the Eternal Life (11-1987).csv",59294,.csv
public/playlist_1/26 - Friday Sermon Quran is the Only Book in the World That is Mathematically Composed (11-1987).csv,33841,.csv
public/playlist_1/27 - Friday Sermon More Evidence - Memorize This Supplication For Divine Protection (11-1987).csv,46052,.csv
"public/playlist_1/28 - Friday Sermon The Muhammadans Worship Muhammad, Discoveries by Atef and Lisa (12-04-1987).csv",46685,.csv
"public/playlist_1/29 - Friday Sermon The Power of Repentance, The Secret of Happiness (01-01-1988).csv",78303,.csv
"public/playlist_1/30 - Friday Sermon GOD is Doing Everything, Story About Ahmed Subhy Mansour (1-22-1988).csv",67798,.csv
"public/playlist_1/31 - Friday Sermon Our Purpose, GOD's Kingdom vs Satan's Kingdom, Abraham's Dream (03-04-1988).csv",68653,.csv
public/playlist_1/32 - Friday Sermon Seek GOD's Kingship Over You and Everything Else Follows (03-25-1988).csv,50507,.csv
"public/playlist_1/33 - Friday Sermon Marriage Importance of Love, Muhammad's Example (04-08-1988).csv",48175,.csv
"public/playlist_1/34 - Friday Sermon Proclaiming Messengership, Abraham's Religion (04-15-1988).csv",63562,.csv
public/playlist_1/35 - Friday Sermon Rashad Explains His Messengership Details (05-16-1988).csv,80380,.csv
public/playlist_1/36 - Friday Sermon Natural Instinct Who is The Real You How to Find Perfect Happiness (05-27-1988).csv,38735,.csv
"public/playlist_1/37 - Friday Sermon The Meaning of Life, Discovering the Miracle (07-15-1988).csv",51982,.csv
public/playlist_1/38 - Friday Sermon Who is GOD Understanding Our Universe (08-04-1988).csv,37124,.csv
public/playlist_1/39 - Friday Sermon Who is Your GOD Majority of Believers Are Going to Hell (10-28-1988).csv,50385,.csv
"public/playlist_1/40 - Friday Sermon Classification of Creatures, Loving GOD, Hell is not Enough (12-09-1988).csv",55201,.csv
public/playlist_1/41 - Friday Sermon What About Previous Generations (12-30-1988).csv,39625,.csv
"public/playlist_1/42 - Friday Sermon Remember GOD Constantly, Submitter vs Objector (01-13-1989).csv",50232,.csv
"public/playlist_1/43 - Friday Sermon Revelation of Quran to Revelation of Miracle, Importance of Dawn Prayer (02-03-1989).csv",55091,.csv
"public/playlist_1/44 - Friday Sermon Original Sin, Only GOD Guides, Majority of Believers Are Going to Hell (03-03-1989).csv",54305,.csv
"public/playlist_1/45 - Friday Sermon Purpose of Messengers, The Advent of the Pure Quran (03-17-1989).csv",58402,.csv
public/playlist_1/46 - Friday Sermon Why Announce Messengership (08-11-1989).csv,67064,.csv
"public/playlist_1/47 - Friday Sermon Proving Every Verse, Word, Letter, with Irrefutable Evidence (11-09-1989).csv",57459,.csv
"public/playlist_1/48 - Friday Sermon The Heavenly Feud, The Importance of Killing the Ego (11-29-1989).csv",72826,.csv
"public/playlist_1/49 - Friday Sermon Proving Salat al-Jummah, The Righteous Go Straight to Heaven (11-26-1989).csv",51913,.csv
"public/playlist_1/50 - Friday Sermon Miracle of Miracles - Al-Fatiha, Proving the Five Salat (12-08-1989).csv",62850,.csv
public/playlist_1/51 - Friday Sermon United Submitters International Conference (1989).csv,51818,.csv
public/playlist_2/01 - Quran Study From Azhar 1 Sura 72_19 28 & Sura 73 By Kathryn Jinns 05 26 1989.csv,195132,.csv
public/playlist_2/02 - Quran Study From Azhar 2 Sura 95 & Sura 96 By M Sabahi Two Verses Of Sura 9 Dropped Out To Demons.csv,215183,.csv
public/playlist_2/03 - Quran Study From Azhar 3 Sura 10_79 92 & Sura 23 By Rashad_s Khutba 01 19 1990 Sura 3_110 117 By.csv,270194,.csv
public/playlist_2/04 - Quran Study From Azhar 4 Sura 37 By Rashad Shakira Present Astroid 01 21 1990 Sura 3_118 129 By S.csv,359877,.csv
public/playlist_2/05 - Quran Study From Azhar 5 Sura 56_75 & Sura 57 By Lisa 02 17 1989.csv,123336,.csv
public/playlist_2/06 - Quran Study From Azhar 6 Sura 59 By Donna PRA Invisible Giants Hypocrites 03 10 1989.csv,187436,.csv
public/playlist_2/07 - Quran Study From Azhar 7 Sura 62 & Sura 63 By Kathryn God_s Religion Will Dominate In 20 To 50 Yr.csv,256550,.csv
public/playlist_2/08 - Quran Study From Azhar 8 Sura 65 & Sura 66 By Lori Encourage Children To Do Salat Hamid Argues 04.csv,185730,.csv
public/playlist_2/09 - Quran Study From Azhar 9 Sura 70 By Edip Chastity Worry Edip Wanted Rashad To Change Rich Believe.csv,224503,.csv
public/playlist_2/10 - Quran Study From Azhar 10 Sura 71 & Sura 72 By Afameh Chastity Jinns 05 19 1989.csv,260016,.csv
public/playlist_2/100 - MA 100 - Messenger Audio.csv,44683,.csv
public/playlist_2/11 - Quran Study From Behrouz 111 Sura 23_60 88 & Sura 16 01 18 199001 23 1990 Morning Before 01 31 19.csv,197597,.csv
public/playlist_2/12 - Quran Study From Behrouz 212 Behrouz_s Khutba Edip Yuksel_s Exposure 01 25 1990.csv,271268,.csv
public/playlist_2/13 - Quran Study From Behrouz 313 Sura 7_12 By Rashad Adam & Eve_s Body 12 24 1989.csv,307339,.csv
public/playlist_2/14 - Quran Study From Behrouz 414 Night Of Destiny Zikr By Rashad.csv,51292,.csv
public/playlist_2/15 - Quran Study From Behrouz 515 Sura 54_23 By Rashad Sura 55 & Sura 56 & Sura 51 Age 40 & First Gen.csv,288577,.csv
public/playlist_2/16 - Quran Study From Behrouz 616 Sura 64 By Rashad Nothing Happens Except Sura 70 By Edip Worry Chast.csv,198260,.csv
public/playlist_2/17 - Quran Study From Behrouz 717 Sura 90 & Sura 91 By Rashad Sura 82 & Sura 83 By Edip 07 21 1989No 7.csv,261869,.csv
public/playlist_2/18 - Quran Study From Behrouz 818 Sura 61 & Sura 87 & Sura 94 By Rashad Sura 81 By Edip No 8.csv,246871,.csv
public/playlist_2/19 - Quran Study From Behrouz 919 Sura 2_89 119 Witchcraft Reverting Intro To Blue Quran No 13.csv,228225,.csv
public/playlist_2/20 - Quran Study From Behrouz 1020 Sura 3 By M Sabahi Insurance Fear Worry.csv,152476,.csv
public/playlist_2/21 - Quran Study From Behrouz 1121 Sura 9_52 By Rashad The Hypocrites Apology To Parivash Sura 56_75 B.csv,98462,.csv
public/playlist_2/22 - Quran Study From Behrouz 1222 Sura 39_11 By Rashad Admission Test I Don_t Compromise With A Littl.csv,211565,.csv
public/playlist_2/23 - Quran Study From Behrouz 1323 Sura 51 By Douglas New Era Believers Are Protected From Accidents &.csv,172663,.csv
public/playlist_2/24 - Quran Study From Behrouz 1424 Sura 55 By Lori Alfatehe Sura 56 By Naghmeh.csv,249206,.csv
public/playlist_2/25 - Quran Study From Behrouz 1525 Sura 58 By Robert.csv,138469,.csv
public/playlist_2/26 - Quran Study From Behrouz 1626 Sura 67 By Gatut Hamid Argues With Rashad.csv,138640,.csv
public/playlist_2/27 - Quran Study From Behrouz 1727 Sura 14_19 Chastity Premarital Pregnancy Sura 17_47 We Are Allowed.csv,278506,.csv
public/playlist_2/28 - Quran Study From Parivash 128 Sura 45_33 Parivash_s Home 19 Math.csv,159378,.csv
public/playlist_2/29 - Quran Study From Parivash 229 Mehri_s Questions Admission Test & Final Test Tucson 1985.csv,239538,.csv
public/playlist_2/30 - Quran Study From Parivash 330 Sura 28 & Sura 57 Insurance With GOD Sura 45_33 Rashad Was Told To.csv,269486,.csv
public/playlist_2/31 - Quran Study From Parivash 431 Sura 18_98 & Sura 81 Edip Azan & Salat By Rashad 11 04 1989.csv,208174,.csv
public/playlist_2/32 - Quran Study From Parivash 532 Sura 60 & Sura 61 Rich Believer Certainty Insurance 114 Min 12 28 8.csv,48818,.csv
public/playlist_2/33 - Quran Study From Parivash 633 Sura 74 Masud Sabahi 06 02 1989.csv,182399,.csv
public/playlist_2/34 - Quran Study From Parivash 734 Sura 33 GOD Is Physical Innovations Praying & Prostrating After Sal.csv,317144,.csv
public/playlist_2/35 - Quran Study From Parivash 835 Sura 30_25 Miracle Coming Out Of Biggest Brewery Intercession Alleg.csv,341153,.csv
public/playlist_2/36 - Quran Study From Parivash 936 After Fajr Prayer I Make Deliberate Mistakes To Destroy Idols Origi.csv,181795,.csv
public/playlist_2/37 - Quran Study From Parivash 1037 Shakira_s Home Sura 11_68 11 04 1989.csv,356236,.csv
public/playlist_2/38 - Quran Study From Parivash 1138 Certainty 11 29 1989.csv,189689,.csv
public/playlist_2/39 - Quran Study From Parivash 1239 Sura 60 & Sura 61 Rich Believer Certainty Insurance 114 Min 12 28.csv,306522,.csv
public/playlist_2/40 - Quran Study From Parivash 1340 Sura 3_59 12 29 1989.csv,127956,.csv
public/playlist_2/41 - Quran Study From Parivash 1441 Sura 54 By Rashad Alfateha For Anything You Wish Extreme Libertari.csv,145640,.csv
public/playlist_2/42 - Quran Study From Roxana 142 Interview With Rashad By Ray Caton Insurance Interest.csv,170366,.csv
public/playlist_2/43 - Quran Study From Roxana 243 Third International Conference Tucson Rashad_s Speech Sura 17_39 Insu.csv,268493,.csv
public/playlist_2/44 - Quran Study From Roxana 344 Sura 64 By Rashad Nothing Happens Angels Are Best Surgons Sura 59 By.csv,237450,.csv
public/playlist_2/45 - Quran Study From Roxana 445 Sura 40 By Rashad Firoz_s Home Deja Vu Believers Usually 95 Yrs Old F.csv,292463,.csv
public/playlist_2/46 - Quran Study From Roxana 546 Sura 37_159 To 38_25 Sura 9_50 & Sura 39_11 Admission Test I Don_t Co.csv,260267,.csv
public/playlist_2/47 - Quran Study From Roxana 647 Introduction To Blue Quran Sura 1 & Beginning Of Sura 2.csv,234682,.csv
public/playlist_2/48 - Quran Study 48 Rashad_s Speech Parivash_s Home Salat Zakat Fazeli A Muhamaden Argues 01 11 1989.csv,318599,.csv
public/playlist_2/49 - Quran Study 49 Speech Of Rashad Parivash_s Home 19 Math 11 05 1989.csv,109837,.csv
public/playlist_2/50 - Quran Study 50 Sura 92 & Sura 93 & Sura 94 By Kathryn Zakat Not Limited To Earned Money 07 27 198.csv,185199,.csv
public/playlist_2/51 - Quran Study 51 Sura 17_59 Rashad 1990.csv,117997,.csv
public/playlist_2/52 - Quran Study 5⧸8⧸89 by Linda Sura 1 & 2 partial.csv,59685,.csv
public/playlist_2/53 - Quran Study 22 Oct 1982 By Dr Rashad Khalifa - Original.csv,91904,.csv
public/playlist_2/54 - Quran Study 22 Oct 1982 By Dr Rashad Khalifa.csv,180759,.csv
public/playlist_2/55 - Zikr 23 Oct 1982 By Dr Rashad Khalifa.csv,10217,.csv
public/playlist_2/56 - Friday Sermon 29 Oct 1982 By Dr Rashad Khalifa.csv,191165,.csv
public/playlist_2/57 - Quran Study 05 Nov 1982 By Dr Rashad Khalifa.csv,133583,.csv
public/playlist_2/58 - Friday Sermon 12 Nov 1982 By Dr Rashad Khalifa.csv,106778,.csv
public/playlist_2/59 - Friday Sermon 19 Nov 1982 By Dean Mahmoud.csv,74738,.csv
public/playlist_2/60 - Friday Sermon 19 Nov 1982 By Dr Rashad Khalifa.csv,130762,.csv
public/playlist_2/61 - Friday Sermon 1982 By Dr Rashad Khalifa.csv,224176,.csv
public/playlist_2/62 - Friday Sermon 26 Nov 1982 By Dr Rashad Khalifa.csv,165684,.csv
public/playlist_2/63 - Friday Sermon 03 Dec. 1982 By Dr Rashad Khalifa.csv,204669,.csv
public/playlist_2/64 - Friday Sermon 26 Nov 1982 By Dr Rashad Khalifa.csv,214827,.csv
public/playlist_2/65 - Friday Sermon 03 Dec. 1982 & 10 Dec. 1982 By Dr Rashad Khalifa.csv,206294,.csv
public/playlist_2/66 - Friday Sermon 10 Dec. 1982 By Dr Rashad Khalifa.csv,195057,.csv
public/playlist_2/67 - Friday Sermon 10 Dec. 1982 By Dr. Rashad Khalifa.csv,124958,.csv
public/playlist_2/68 - Friday Sermon 17 Dec. 1982 By Dr. Rashad Khalifa.csv,116881,.csv
public/playlist_2/69 - Friday Sermon 17 Dec. 1982 By Dr. Rashad Khalifa.csv,144627,.csv
public/playlist_2/70 - MA 70 - Messenger Audio.csv,100150,.csv
public/playlist_2/71 - MA 71 - Messenger Audio.csv,26483,.csv
public/playlist_2/72 - MA 72 - Messenger Audio.csv,97244,.csv
public/playlist_2/73 - MA 73 - Messenger Audio.csv,58174,.csv
public/playlist_2/74 - MA 74 - Messenger Audio.csv,68198,.csv
public/playlist_2/75 - MA 75 - Messenger Audio.csv,90471,.csv
public/playlist_2/76 - MA 76 - Messenger Audio.csv,88748,.csv
public/playlist_2/77 - MA 77 - Messenger Audio.csv,94709,.csv
public/playlist_2/78 - MA 78 - Messenger Audio.csv,62558,.csv
public/playlist_2/79 - MA 79 - Messenger Audio.csv,54267,.csv
public/playlist_2/80 - MA 80 - Messenger Audio.csv,3934,.csv
public/playlist_2/81 - MA 81 - Messenger Audio.csv,26372,.csv
public/playlist_2/82 - MA 82 - Messenger Audio.csv,95753,.csv
public/playlist_2/83 - MA 83 - Messenger Audio.csv,58111,.csv
public/playlist_2/84 - MA 84 - Messenger Audio.csv,65027,.csv
public/playlist_2/85 - MA 85 - Messenger Audio.csv,26787,.csv
public/playlist_2/86 - MA 86 - Messenger Audio.csv,33336,.csv
public/playlist_2/87 - MA 87 - Messenger Audio.csv,33937,.csv
public/playlist_2/88 - MA 88 - Messenger Audio.csv,91990,.csv
public/playlist_2/89 - MA 89 - Messenger Audio.csv,18876,.csv
public/playlist_2/90 - MA 90 - Messenger Audio.csv,97325,.csv
public/playlist_2/91 - MA 91 - Messenger Audio.csv,11084,.csv
public/playlist_2/92 - MA 92 - Messenger Audio.csv,49340,.csv
public/playlist_2/93 - MA 93 - Messenger Audio.csv,51499,.csv
public/playlist_2/94 - MA 94 - Messenger Audio.csv,23778,.csv
public/playlist_2/95 - MA 95 - Messenger Audio.csv,88934,.csv
public/playlist_2/96 - MA 96 - Messenger Audio.csv,66504,.csv
public/playlist_2/97 - MA 97 - Messenger Audio.csv,34867,.csv
public/playlist_2/98 - MA 98 - Messenger Audio.csv,59090,.csv
public/playlist_2/99 - MA 99 - Messenger Audio.csv,68433,.csv
public/submission-logo.png,228957,.png
scripts/README.md,2435,.md
scripts/assets/audit-assets.mjs,13160,.mjs
scripts/assets/audit-lib.mjs,10595,.mjs
scripts/convert_1981_to_json.py,6847,.py
scripts/convert_to_json.py,3558,.py
scripts/generate/convert_thumbnails.mjs,902,.mjs
scripts/generate/copy_1982_thumbnails.mjs,1657,.mjs
scripts/generate/generate_book_thumbnails.mjs,2223,.mjs
scripts/generate/generate_catalog_search_indices.mjs,38085,.mjs
scripts/generate/generate_other_index.ts,3713,.ts
scripts/generate/parse_1981_md_to_csv.mjs,3437,.mjs
scripts/generate/split_1982_appendices.mjs,1301,.mjs
scripts/lib/archive-schema.d.ts,649,.ts
scripts/lib/archive-schema.mjs,5190,.mjs
scripts/parse_quran.py,12706,.py
scripts/prepare-standalone.mjs,848,.mjs
scripts/process/ocr-other-books.ts,5900,.ts
scripts/process/vtt-to-json-converter.ts,16794,.ts
scripts/rename_jsons.py,1552,.py
scripts/script.py,2515,.py
scripts/transcription_pipeline.py,7726,.py
scripts/utils/analyze-speakers.ts,5835,.ts
scripts/utils/clean-search-index.ts,1876,.ts
scripts/utils/speaker_analysis.json,28392,.json
scripts/validate/validate_catalog.mjs,731,.mjs
scripts/validate/verify_catalog_reproducibility.mjs,1468,.mjs
src/app/HomePageClient.tsx,3670,.tsx
src/app/api/health/route.ts,1215,.ts
src/app/api/vitals/route.ts,1527,.ts
src/app/audios/AudiosPageClient.tsx,5042,.tsx
src/app/audios/loading.tsx,862,.tsx
src/app/audios/page.tsx,1767,.tsx
src/app/components/ThemeProvider.tsx,1860,.tsx
src/app/components/WebVitals.tsx,1014,.tsx
src/app/components/home/MediaCard.tsx,6541,.tsx
src/app/components/home/MediaGrid.tsx,1210,.tsx
src/app/components/media/PaginatedMediaGrid.tsx,1515,.tsx
src/app/globals.css,14871,.css
src/app/home/ArchiveBranch.tsx,6237,.tsx
src/app/home/AudioArchiveSection.tsx,8526,.tsx
src/app/home/HeroSection.tsx,9091,.tsx
src/app/home/SearchFunctionDemo.tsx,18610,.tsx
src/app/home/VideoArchiveSection.tsx,10644,.tsx
src/app/home/components/ExpectationCard.tsx,1562,.tsx
src/app/home/components/SectionCta.tsx,469,.tsx
src/app/icon.png,228957,.png
src/app/layout.tsx,3399,.tsx
src/app/library/[id]/NewsletterViewer.tsx,8289,.tsx
src/app/library/[id]/PDFReaderClient.tsx,16537,.tsx
src/app/library/[id]/PDFReaderWrapper.tsx,783,.tsx
src/app/library/[id]/page.tsx,4958,.tsx
src/app/library/pdf-theme.css,1328,.css
src/app/loading.tsx,603,.tsx
src/app/media/[...id]/Player.tsx,28573,.tsx
src/app/media/[...id]/PlayerWrapper.tsx,742,.tsx
src/app/media/[...id]/loading.tsx,1260,.tsx
src/app/media/[...id]/page.tsx,6649,.tsx
src/app/not-found.tsx,3277,.tsx
src/app/other/loading.tsx,842,.tsx
src/app/other/page.tsx,8024,.tsx
src/app/page.tsx,153,.tsx
src/app/quran/QuranPageClient.tsx,5725,.tsx
src/app/quran/[chapter]/QuranChapterClient.tsx,17700,.tsx
src/app/quran/[chapter]/page.tsx,3639,.tsx
src/app/quran/appendices/AppendicesGrid.tsx,4181,.tsx
src/app/quran/appendices/page.tsx,1902,.tsx
src/app/quran/page.tsx,1410,.tsx
src/app/robots.ts,325,.ts
src/app/search/SearchClient.tsx,37095,.tsx
src/app/search/actions.ts,6899,.ts
src/app/search/loading.tsx,578,.tsx
src/app/search/page.tsx,1093,.tsx
src/app/sitemap.ts,2426,.ts
src/app/videos/VideosPageClient.tsx,6249,.tsx
src/app/videos/loading.tsx,1001,.tsx
src/app/videos/page.tsx,1949,.tsx
src/components/layout/Footer.tsx,7143,.tsx
src/components/layout/Header.tsx,10830,.tsx
src/data/quran_study_thumbnails.json,7518,.json
src/lib/appendixCatalog.ts,5444,.ts
src/lib/csv.ts,1279,.ts
src/lib/formatUtils.ts,6485,.ts
src/lib/mediaAssets.ts,3128,.ts
src/lib/newsletterCatalog.ts,3401,.ts
src/lib/playlistOrder.ts,3206,.ts
src/lib/search/phonetic.ts,4807,.ts
src/lib/search/queryMatch.ts,8350,.ts
src/lib/security.ts,1997,.ts
src/lib/siteConfig.ts,624,.ts
src/lib/studyTitles.ts,4108,.ts
src/lib/theme.ts,1656,.ts
src/lib/transcriptUtils.ts,11832,.ts
src/lib/utils.ts,386,.ts
src/lib/webVitals.ts,1382,.ts
src/types/archive.ts,1940,.ts
src/types/media.ts,1192,.ts
submission_archives_cleanup_implementation_plan.md,32723,.md
tsconfig.json,784,.json
