appendix	section	total	multiplier	context
appendix-1	6	118123	6217	Furthermore, when we add the numbers of all the verses where the word “God” occurs, we obtain a total of 118123, also a multiple of 19 (118123 = 19x6217
appendix-1	10	114	6	6234+112 = 6346] Note that 6+3+4+6= 19. 4. The Basmalah occurs 114 times, despite its conspicuous absence from Sura 9 (it occurs twice in Sura 27) & 114= 19 x 6
appendix-1	10	342	18	from 9 to 27 (9+10+11+12+...+26+27) is 342, or 19 x 18. 7. This total (342) also equals the number of words between the two Basmalahs of Sura 27, and 342 = 19 x 18
appendix-1	10	57	3	different Arabic letters, form 14 different sets of "Quranic Initials” (such as A.L.M. of 2:1), and prefix 29 suras. These numbers add up to 14+14+29=57= 19 x 3
appendix-1	35	95	5	Sura 42 consists of 53 verses, and 42+53 = 95 = 19x5
appendix-1	37	76	4	By counting the letter "Q” in every "Verse 19” throughout the Quran, the total count comes to 76, 19x4
appendix-1	42	133	7	three letters — Noon Wow Noon — in the original text, and is therefore counted as two N's. The total count of this letter in the N-initialed sura is 133, 19x7
appendix-1	44	2641	139	The word "God” (Allah) occurs 2641 (19x139
appendix-1	46	152	8	This initial prefixes three suras, 7, 19, and 38, and the total occurrence of the letter "S” (Saad) in these three suras is 152, 19x8
appendix-1	52	1406	74	was revealed in 13 B.H. (Before Hijrah). This makes the number of years from the revelation of the Quran to the revelation of its miracle 1393 + 13 = 1406 = 19x74
appendix-1	54	285	15	e two letters prefix Sura 36. The letter "Y” occurs in this sura 237 times, while the letter "S” (Seen) occurs 48 times. The total of both letters is 285, 19x15
appendix-1	63	2147	113	Frequency of Occurrence No. "H" "M" "H+M" 40 64 380 444 41 48 276 324 42 53 300 353 43 44 324 368 44 16 150 166 45 31 200 231 46 36 225 261 292 1855 2147 (19x113
appendix-1	67	9899	521	ese letters prefix six suras — 2, 3, 29, 30, 31, and 32 — and the total occurrence of the three letters in each of the six suras is a multiple of 19 [9899 (19x521
appendix-1	67	5662	298	fix six suras — 2, 3, 29, 30, 31, and 32 — and the total occurrence of the three letters in each of the six suras is a multiple of 19 [9899 (19x521), 5662 (19x 298
appendix-1	67	1672	88	2, 3, 29, 30, 31, and 32 — and the total occurrence of the three letters in each of the six suras is a multiple of 19 [9899 (19x521), 5662 (19x 298), 1672 (19x88
appendix-1	67	1254	66	31, and 32 — and the total occurrence of the three letters in each of the six suras is a multiple of 19 [9899 (19x521), 5662 (19x 298), 1672 (19x88), 1254 (19x66
appendix-1	67	817	43	nd the total occurrence of the three letters in each of the six suras is a multiple of 19 [9899 (19x521), 5662 (19x 298), 1672 (19x88), 1254 (19x66), 817 (19x43
appendix-1	67	570	30	rrence of the three letters in each of the six suras is a multiple of 19 [9899 (19x521), 5662 (19x 298), 1672 (19x88), 1254 (19x66), 817 (19x43), and 570 (19x30
appendix-1	67	19874	1046	9x 298), 1672 (19x88), 1254 (19x66), 817 (19x43), and 570 (19x30), respectively]. Thus, the total occurrence of the three letters in the six suras is 19874 (19x 1046
appendix-1	71	2489	131	These initials are found in Suras 10, 11, 12, 14, and 15. The total occurrences of these letters in these suras are 2489 (19x131
appendix-1	71	2375	125	These initials are found in Suras 10, 11, 12, 14, and 15. The total occurrences of these letters in these suras are 2489 (19x131), 2489 (19x131), 2375 (19x 125
appendix-1	71	1197	63	ls are found in Suras 10, 11, 12, 14, and 15. The total occurrences of these letters in these suras are 2489 (19x131), 2489 (19x131), 2375 (19x 125), 1197 (19x63
appendix-1	71	912	48	ras 10, 11, 12, 14, and 15. The total occurrences of these letters in these suras are 2489 (19x131), 2489 (19x131), 2375 (19x 125), 1197 (19x63), and 912 (19x48
appendix-1	73	9462	498	13 257 2489 (19x131) 11 1370 794 325 2489 (19x131) 12 1306 812 257 2375 (19x125) 14 585 452 160 1197 (19x63) 15 493 323 96 912 (19x48) 5073 3294 1095 9462 (19x498
appendix-1	77	5320	280	1530 times, “M” occurs 1164 times, and “S” (Saad) occurs 97 times. Thus, the total occurrence of the four letters in this sura is 2529+1530+1164+97 = 5320 = 19x280
appendix-1	81	798	42	“Y” occurs 343 times, “ `A” occurs 117 times, and “S” (Saad) occurs 26 times. Thus, the total occurrence of the five letters is 137+175+343+117+26 = 798 = 19x42
appendix-1	94	988	52	ionally, if we add the total gematrical value of all 14 initials, plus the number of the first sura where the initial occurs, we get a grand total of 988, 19x52
appendix-1	97	2033	107	nces of each of the 14 letters listed in Table 8 as an initial, plus the numbers of the suras where it occurs as an initial, the Grand Total comes to 2033, 19x107
appendix-1	100	1089479	57341	e of these letters in the whole sura. The Grand Total for all initialed suras is 1089479. This number, in excess of one million, is a multiple of 19 (1089479 = 19 x 57341
appendix-1	107	44232	2328	:1 (44) 44:1 (16), 45:1 (31), 46:1 (36) 40 46 Q (Qaf) 42:2 (57), 50:1 (57) 42 50 N (NuN) 68:1 (133) 68 68 43423 295 514 Grand Total = 43423+295+514 = 44232 = 19x2328
appendix-1	110	931	49	3 1 27 2 1 28 3 1 29 3 1 30 3 1 31 3 1 32 3 1 36 2 1 38 1 1 40 2 1 41 2 1 42 5 2 43 2 1 44 2 1 45 2 1 46 2 1 50 1 1 68 2 1 822 79 30 822 + 79 + 30 = 931 (19x49
appendix-1	112	2052	108	Sura No. No. of Initials Number of Initialed Verses 2 3 1 3 3 1 7 4 1 - - - 42 5 2 - - - 50 1 1 68 2 1 2022 30 2022 + 30 = 2052 (19x108
appendix-1	117	7030	370	54 1 48 144 42 53 2 278 375 43 89 1 48 181 44 59 1 48 152 45 37 1 48 131 46 35 1 48 130 50 45 1 100 196 68 52 1 50 + 50 221 822 + 2743 + 30 + 3435 = 7030 (19x370
appendix-1	120	63536	3344	x 286 + 1 + 71 = 644 3 x 200 + 1 + 71 = 672 7 x 206 + 1 + 161 = 1604 - - - - - 50 x 45 + 1 + 100 = 2351 68 x 52 + 1 + (50+50) = 3637 60071 30 3435 = 63536 (19x3344
appendix-1	123	190133	10007	No. No. of Verses Sum of Verse #s Total 2 286 41041 41329 3 200 20100 20303 7 206 21321 21534 - - - - 50 45 1035 1130 68 52 1378 1498 822 2743 186568 190133 (19x10007
appendix-1	125	15675	825	Sura Number Calculated Value 2 3 3 6 7 28 10 55 11 66 12 78 13 91 14 105 15 120 19 190 20 210 - - 44 990 45 1035 46 1081 50 1275 68 2346 15675 (19x825
appendix-1	126	237785	12515	The values calculated for the un-initialed suras add up to a total of 237785, which is also a multiple of 19 (237785 = 19x12515
appendix-1	135	2432	128	3 87 7 1 88 24 1 91 13 2 95 8 1 96 14 1 98 2,5,8 3 104 6 1 110 1,2 2 112 1,2 2 1798 634 57 (19x3) Sum of numbers of the suras & verses = 1798 + 634 = 2432 = 19 x 128
appendix-1	137	8170	430	Verse # Verses From First to Last 1. 1 1 2 2 2. 2 7 286 280 3. 3 2 200 199 - - - - - 83. 104 6 - 1 84. 110 1 2 2 85. 112 1 2 2 3910 4260 3910 +4260 =8170 = 19x430
appendix-1	154	4408	232	41 3 - 26 42 7 43 3 - 31 46 29 47 24 50 1 - 45 54 17 - 22 - 32 - 40 55 2 56 77 59 21 72 1 73 4 - 20 75 17 - 18 76 23 84 21 85 21 1356 3052 1356+3052=4408 (19x232
appendix-1	168	361	19	in the Quran 19 times. The reference to God "ALONE” occurs 5 times, and the sum of the sura and verse numbers where we find these five occurrences is 361, 19x19
appendix-1	170	316502	16658	No. No.of Verses Sum of Verse #s Total 2 123 27675 27800 3 200 20100 20303 - - - - 9 127 8128 8264 - - - - 72 28 406 506 73 9 45 127 2700 5312 308490 316502 (19x16658
appendix-1	174	2128	112	11. 27 26 1 12. 28 70, 88 2 13. 35 3 1 14. 39 6 1 15. 40 3, 62, 65 3 16. 44 8 1 17. 59 22, 23 2 18. 64 13 1 19. 73 9 1 507 1592 29 507 + 1592 + 29 = 2128 = 19x112
appendix-1	183	3040	160	Thus, Zakat and Hajj, together, give a total of 2395+645 = 3040 = 19x160
appendix-1	187	162146	8534	A total of 30 unique numbers are mentioned throughout the Quran, and the sum of all these numbers is 162146, a multiple of 19 (162146 = 19x8534
appendix-1	198	156066	8214	Sura No. No.of Verses Sum of Verse #s TOTAL 1 7 28 36 4 176 15576 15756 - - - - 9 127 8128 8264 - - - - 113 5 15 133 114 6 21 141 5733 3491 146842 156066 (19x8214
appendix-15	19	4636	244	prayer (4), followed by four [*]'s, and so on. Not only is the resulting long number a multiple of 19, but also the number of its component digits is 4636 (19x244
appendix-15	30	608	32	. Yawm M 40 12. Na'budu B 2 13. Mustaqim M 40 14. Mustaqim M 40 15. An`amta M 40 16. `Alayhim M 40 17. Maghdub M 40 18. Maghdub B 2 19. `Alayhim M 40 608 (19x32
appendix-18	3	361	19	0:12 & 84, and 60:4. All these occurrences refer to God, except 17:46. When we add the numbers of suras and verses which refer to "GOD ALONE," we get 361, 19x19
appendix-19	10	38	2	1. " = We did not leave anything out of this book," is in Verse 38 (19x2
appendix-19	12	114	6	2. " = He sent down this book fully detailed," is in Verse 114 (19x6
appendix-2	13	1349	71	s "Muhammad Khaatum Al-Nabiyyeen" (the last prophet). The gematrical value of this expression, plus the sura number (33) and the verse number (40) is 1349, 19x71,
appendix-2	18	1406	74	this fulfillment of the prophets' covenant was Zul-Hijja 3, 1391. If we add the month (12), plus the day (3), plus the year (1391), we get a total of 1406, 19x74
appendix-2	25	1463	77	2. 21 51 13. 40 29 14. - 38 15. 49 7 16. 72 2 17. - 10 18. - 14 (Sura 2 19. - 21 is a Repeat) ----- ----- ----- ---- 224 1145 38 56 224+114 5+38+56 = 1463 = 19x77
appendix-2	29	171	9	ura 38), refers to a human "Khalifa." If we add the numbers of suras and verses of "Rashad" (40:29, 38) and "Khalifa" (38:26) we get 40+29+38+38+26 = 171 = 19x9
appendix-2	32	1425	75	had Khalifa" (1230) to the sura numbers, and the number of verses, from the beginning of the Quran to the first occurrence of "Rashada," the total is 1425, 19x75
appendix-2	34	17233	907	Sura No.of Sum of No. Verses Verse #s ----- ------ -------- 1 7 28 2 185 17205 ----- ------ ------- 3 192 17233 (19x907
appendix-2	36	2052	108	1, 32, 36, 38, 40, 41, 42, 43, 44, 45, 46, 50, and 68. If we add the sum of these numbers (822) to the value of "Rashad Khalifa" (1230), the total is 2052, 19x108
appendix-2	38	1368	72	Verses Total ----- ------ ----- 2 286 288 4 176 180 7 206 213 11 123 134 18 110 128 21 112 133 40 85 125 49 18 67 72 28 100 ---- ----- ----- 224 1144 1368 (19x72
appendix-2	46	4541	239	es Total ---- ------ ----- 2 100(187-286) 102 3 200 203 4 176 180 5 120 125 - - - 35 45 80 36 83 119 37 182 219 38 26 64 ----- ------ ------ 740 3801 4541 (19x239
appendix-2	55	1311	69	dition of the gematrical value of "Rashad" (505), plus the gematrical value of "Khalifa" (725), plus the Verse number (81), produces 505 + 725 + 81 = 1311 = 19x69
appendix-2	57	1235	65	- Abraham 1+2+200+5+10+40 258 Ismail 1+60+40+70+10+30 211 Isaac 1+60+8+100 169 Muhammad 40+8+40+4 92 Rashad 200+300+1+4 505 --------------- ---- 1235 1235 (19x65
appendix-2	60	380	20	Sura No. of No. Verses Total ------ ------- ------ 1 7 8 2 286 288 3 81 84 ---- ------ ------ 6 374 380 (19x20
appendix-2	62	13148	692	(19) The gematrical value of Verse 3:81 is 13148, 19x692
appendix-2	66	1881	99	alue (612), plus the sura number (36), plus the verse number (3), plus the gematrical value of "Rashad Khalifa" (505+725), we get 36+3+612+505 +725 = 1881 = 19x99
appendix-2	67	4560	240	prophesied, to Sura 36, there are 3330 verses. By adding the value of "Rashad Khalifa" (1230), to this number of verses (3330), we get 505+725+3330 = 4560, 19x240
appendix-2	68	3838	202	(25) From 3:81 to 36:3 there are 3333 verses. By adding this number to the gematrical value of "Rashad" (505), we get 3333+505 = 3838 = 19x202
appendix-2	71	3705	195	(26) The number of verses from 1:1 to 36:3 is 3705, 19x195
appendix-2	72	257925	13575	(27) The sum of verse numbers of every sura from 1:1 to 36:3 is 257925, 19x13575
appendix-2	73	2508	132	of "Rashad Khalifa" (505+725), plus the gematrical value of verse 36:3 "Surely, you are one of the messengers," (612), the total is: 666+505+725+612=2508= 19x132
appendix-2	75	241395	12705	3836 2 3 20100 3 4 15576 4 5 7260 - - - 10 9 8128 - - - 33 34 1485 34 35 1035 35 36(1-3) 6 ---- -------- ------- 665 240695 (19 x 35) 35+665+240695 = 241395 (19x12705
appendix-2	77	665	35	(30) The sum of sura numbers from the the first occurrence of the root word "Rashada" to 36:3 is 665, 19x35
appendix-2	80	1254	66	(32) If we add the value of "Rashad Khalifa" (1230), plus the sura number (5), plus the verse number (19), we get 1230+5+19 = 1254 = 19x66
appendix-2	81	703	37	(33) The sum of the sura numbers and the number of verses from the beginning of the Quran to this verse (5:19) is 703, 19x37
appendix-2	84	1330	70	lims)." By adding the gematrical value of "Rashad Khalifa" (505+725) to the sura number (98), plus the verse number (2), we get: 505 + 725 + 98 + 2 = 1330 = 19x70
appendix-2	90	57	3	(37) The sum of the sura number (44) plus the number of the verse where the messenger is predicted (13) equals 57, 19x3
appendix-24	31	2698	142	unless we remove one. The count of the word "God" is shown at the bottom of each page in this translation. The total shown at the end of the Quran is 2698, 19x142,
appendix-24	33	1273	67	[3] As shown at the end of Sura 9 in this translation, the total occurrence of the word "God" to the end of Sura 9 is 1273, 19x67
appendix-24	34	2641	139	n, Table 1 shows the 57 occurrences of the word "God" in that section. Subtracting 57 from the total occurrence of the word "God" gives us 2698- 57 = 2641 = 19x139,
appendix-24	37	1045	55	tialed suras, we find that the word "God" occurs in 57 of these suras, 19x3. The total number of verses in the suras where the word "God" is found is 1045, 19x55
appendix-24	40	342	18	0 10. 18 14 11. 19 8 12. 20 6 13. 21 5 14. 22 50 15. 23 12 16. 24 50 17. 25 6 18. 26 13 19. 27 6 19 342 513 No. of suras = 19, Total of sura numbers =342 =19x18
appendix-24	40	513	27	13. 21 5 14. 22 50 15. 23 12 16. 24 50 17. 25 6 18. 26 13 19. 27 6 19 342 513 No. of suras = 19, Total of sura numbers =342 =19x18 Total of verses = 513 = 19 x 27
appendix-24	41	95	5	[7] The word "Elaah" which means "god" occurs in Verses 9:129. The total occurrence of this word in the Quran is 95, 19x5
appendix-24	42	114	6	from counting is in 12:50, since it refers to the "messenger of Pharaoh," not the messenger of God. Thus, the total occurrence of "Rasool" of God is 114, 19x6
appendix-24	46	6346	334	[12] The Quran contains 6234 numbered verses and 112 un-numbered verses (Basmalahs). Thus, the total number of verses in the Quran is 6346, 19x334
appendix-24	54	703	37	dding the sura numbers of all un-initialed suras (85 suras), plus their number of verses, from the beginning of the Quran to the end of Sura 9 we get 703, 19x37
appendix-24	59	116090	6110	Sura No. No. of Verses Sum of Verse #'s Total 9 127 8128 8264 16 128 8256 8400 - - - - 113 5 15 133 114 6 21 141 ------ 116090 (19x6110
appendix-24	62	207670	10930	Sura No. No. of Verses Sum of Verse #s Total 9 127 8128 8264 10 109 5995 6114 - - - - 73 20 210 303 74 30 465 569 2739 4288 200643 207670 (19x10930
appendix-24	64	2470	130	, from the missing Basmalah of Sura 9, to the extra Basmalah of Sura 27. If Sura 9 consisted of 129 verses, the grand total would be 2472, instead of 2470 (19x130
appendix-24	70	23655	1245	29 435 512 52 49 1225 1326 57 29 435 521 81 29 435 545 82 19 190 291 87 19 190 296 96 19 190 305 104 9 45 158 ----- ----- ------ ------ 748 627 22280 23655 (19x1245
appendix-24	72	2546	134	in the Quran, and count all the 1's we see. This means the 1's we see in verses 1, 10, 11, 12, 13... 21, 31, and so on. The total count of the 1's is 2546 (19x134
appendix-24	73	1406	74	Sura No. No. of Verses No. of 1's 1 7 1 4 176 115 - - - 9 127 61 - - - 113 5 1 114 6 1 ---- 1406 (19x74
appendix-24	78	5928	312	n Table 11, the total count of all the 2's, 8's, and 9's is 3382, or 19x178. This makes the grand total of all the 1's, 2's, 8's, and 9's 2546+3382 = 5928, 19x312
appendix-24	81	1881	99	f verses add up to 1+2+7=10. The total for all 114 suras is 906. Thus, the grand total for the sum of digits of all the suras and verses is 975+906 = 1881 = 19x99
appendix-24	86	7771	409	- ------ -------------- 1 7 1 x 7 = 7 2 286 2 x 16 = 32 3 200 3 x 2 = 6 - - - - - 9 127 9 x 10 = 90 - - - - 114 6 6 6 = 36 ----- ----- ------ 975 906 7771 (19x409
appendix-24	89	437	23	ut the calculations described above for the odd-numbered suras only, we find that the total for the suras is 513 (19x27), the total for the verses is 437 (19x23
appendix-24	89	950	50	d suras only, we find that the total for the suras is 513 (19x27), the total for the verses is 437 (19x23), and the grand total for both is 513+437 = 950 (19x50
appendix-24	92	10963	577	Sura No. No. of Verses Total 1 7 8 5 120 125 8 75 83 9 127 136 - - - 113 5 118 114 6 120 ---- ----- ------ 6434 4529 10963 (19x577
appendix-24	93	2774	146	75, 89, 37, 29, 11, 29, 19, 15, 11, 5, 11, 3, 5, 7, 5, and 5 verses, respectively. The sum of these sura numbers, plus their sum of verse numbers is 2774, 19x146
appendix-24	94	266	14	you add the digits of these suras, you get 137, while the digits of the verses add up to 129. This makes the grand total of all the digits 137+129 = 266 = 19x14
appendix-24	96	836	44	Sura No. No. of Verses Total 5 120 125 6 165 171 11 123 134 12 111 123 17 111 128 20 135 155 ---- ----- ----- 71 765 836 (19x44
appendix-24	104	1577	83	Sura No. No. of Verses 2 286 3 200 4 176 6 165 7 206 20 135 26 227 37 182 ----- 1577 (19x83
appendix-24	110	1159	61	"2." Let us consider all the suras whose number of verses contains the digits 1 and 2. By adding the sura numbers plus the numbers of verses, we get 1159, 19x61
appendix-24	115	247	13	hese traits: Sura 5 is a single-digit sura, and it consists of 120 verses. As shown in Table 19, the number of verses in these two suras is 120+127 = 247 = 19x13
appendix-24	126	1216	64	No. No. of Verses Total 9 127 136 22 78 100 26 227 253 45 37 82 54 55 109 64 18 82 72 28 100 77 50 127 78 40 118 84 25 109 ----- ----- ----- 531 685 1216 (19x64
appendix-24	146	627	33	with the Quran's code only if Sura 9 is excluded; it does not consist of 129 verses. Without Sura 9, the total number of verses in these 13 suras is 627, 19x33
appendix-24	154	646	34	Sura No. No. of Verses Total 15 99 114 29 69 98 43 89 132 57 29 86 81 29 110 87 19 106 ---- ----- ----- 312 334 646 (19x34
appendix-24	156	798	42	ers of verses are 7, 127, 77, 227, 37, 17, and 7 verses, respectively. The grand total of sura numbers plus number of verses for these seven suras is 798, 19x42
appendix-24	163	38	2	As shown in Table 26, the total number of the digit "7" among the last two verses of every sura in the Quran is 38, 19x2
appendix-24	187	6897	363	Sura No. Last 2 Verses Total 1 6+7 13 4 175+176 351 5 119+120 239 - - - 9 126+127 253 - - - 114 5+6 13 ------ 6897 (19x363
appendix-24	200	1824	96	es Sum of the Digits 1 6,7 6 + 7 2 285,286 2+8+5+2+8+6 3 199,200 1+9+9+2+0+0 - - - 9 126,127 1+2+6+1+2+7 - - 113 4,5 4 + 5 114 5,6 5 + 6 ------------ 1824 = 19x96
appendix-24	210	76	4	, and 182, respectively. By taking the last digit in each number of verses, and adding up these digits, we get 6+0+6+0+5+ 6+7+9+3+1+8+1+0+5+2+8+7+2 = 76 = 19x4
appendix-24	217	361	19	Sura No. No. of Verses 9 127 11 123 17 111 ------ 361 (19x19
appendix-24	232	8569	451	e false verses (128 & 129) from Sura 9, and repeat the same calculations. The result of this correction is shown in Table 34. The grand total becomes 8569, 19x451
appendix-24	247	34485	1815	l 9 127 8128 8264 25 77 3003 3105 27 93 4371 4491 37 182 16653 16872 68 52 1378 1498 94 8 36 138 97 5 15 117 ----- ------ ------ ------ 357 544 33584 34485 (19x1815
appendix-24	274	2128	112	1 12. 28 70,88 2 13. 35 3 1 14. 39 6 1 15. 40 3,62,65 3 16. 44 8 1 17. 59 22,23 2 18. 64 13 1 19. 73 9 1 ----- ------- ---- 507 1592 29 507+1592+29 = 2128 = 19x112
appendix-24	279	316502	16658	tal 2 123 27675 27800 (286-163) 3 200 20100 20303 - - - - 9 127 8128 8264 - - - - 72 28 406 506 73 9 45 127 ---- ----- ------ ------ 2700 5312 308490 316502 (19x16658
appendix-24	290	323	17	Sura No. Verse Numbers With Phrase 9 31 11 14 13 30 20 8 20 98 23 116 27 26 ---- 323 (19x17
appendix-24	307	988	52	[67] The number of verses from 3:81, where God's Messenger of the Covenant is prophesied, to 9:127, the end of Sura 9, is 988 (19x52
appendix-24	316	912	48	Sura No. Frequency of "God" 3 132 4 229 5 147 6 87 7 61 8 88 9 168 ----- 912 (19x48
appendix-25	15	1710	90	ar years from the time this prophecy is stated in the Quran. This means that the world will end in the year 1710 AH. This number is a multiple of 19; 1710 = 19x90
appendix-26	4	855	45	endix 2, the gematrical value of "Abraham" is 258, the gematrical value of "Muhammad" is 92, the gematrical value of "Rashad" is 505, and 258+92+505 =855 = 19x45
appendix-26	5	1235	65	de "Ismail," whose gematrical value is 211 and "Isaac," whose gematrical value is 169, we still end up with a total gematrical value of 855+211+169 = 1235 = 19x65
appendix-26	6	333260	17540	dding the sura numbers, plus the number of verses, plus the sum of verse numbers from the first occurrence to the last occurrence, the grand total is 333260, 19x17540
appendix-26	10	38	2	[5] "Abraham" is mentioned in 25 suras, "Muhammad" is mentioned in 4 suras, and "Rashada" occurs in 9 suras. The total of these suras is 25+4+9 = 38 = 19x2
appendix-26	14	2793	147	e mentioned, and add the sura numbers, plus the number of the first verse in each sura where each of the three words is mentioned, the total comes to 2793, 19x147
appendix-26	17	6479	341	[8] The sum of all sura numbers where the three words occur, without repetition, plus the sum of all the verse numbers, without repetition, add up to 6479, 19x341
appendix-26	18	7505	395	we add the sura number, plus the verse number, plus the number of verses where Abraham, Muhammad, and Rashada occur, we get a grand total that equals 7505, 19x395
appendix-26	23	2375	125	erse numbers (1145), to the gematrical value of the name "Rashad" (505), plus the gematrical value of the name "Khalifa" (725), we get 1145+505+725 = 2375, 19x125
appendix-29	4	114	6	ted for in Sura 27. Two Basmalahs occur in Sura 27, one as an opener and one in Verse 30. This restores the total number of Basmalahs in the Quran to 114, 19x6
appendix-29	6	342	18	[3] The sum of sura numbers from the missing Basmalah (Sura 9) to the extra Basmalah (Sura 27) is 9+10+11+12+ ... +25+26+27 = 342, 19x18
appendix-29	7	57	3	occurrence of the extra Basmalah in 27:30 conforms with the Quran's code in that the sura number, plus the verse number is a multiple of 19 (27+30 = 57 = 19x3
appendix-29	9	6346	334	27 gives us two numbered Basmalahs, 1:1 & 27:30, and 112 un-numbered Basmalahs. This causes the total number of verses in the Quran to be 6234+112 = 6346, 19x334
appendix-29	10	513	27	[7] From the missing Basmalah to the extra Basmalah, the number of verses containing the word "Allah" is 513, 19x27
appendix-29	13	119624	6296	[8] The sum of verse numbers (1+2+3+ ... +n), plus the number of verses, from the missing Basmalah to the extra Basmalah is 119624, 19x6296
appendix-29	19	2128	112	8 12 17 111 10 18 110 10 19 98 9 20 135 12 21 112 10 22 78 7 23 118 11 24 64 6 25 77 7 26 227 22 27 29 2 --- ---- --- 342 1951 177 (19x18) & 1951+177=2128=19x112
introduction	45	2698	142	Total Count of the Word "God" (Shown at the lower left corner of every page) 2698 (19x142
introduction	45	118123	6217	tal Count of the Word "God" (Shown at the lower left corner of every page) 2698 (19x142) Total Sum of Verse Numbers (Shown at the lower right corner) 118123 (19x6217
