kind	number	start_chapter	start_verse	end_chapter	end_verse	verses
part	1	1	1	2	141	148
part	2	2	142	2	252	111
part	3	2	253	3	92	126
part	4	3	93	4	23	131
part	5	4	24	4	147	124
part	6	4	148	5	81	110
part	7	5	82	6	110	149
part	8	6	111	7	87	142
part	9	7	88	8	40	159
part	10	8	41	9	92	127
part	11	9	93	11	5	149
part	12	11	6	12	52	170
part	13	12	53	14	52	154
part	14	15	1	16	128	227
part	15	17	1	18	74	185
part	16	18	75	20	135	269
part	17	21	1	22	78	190
part	18	23	1	25	20	202
part	19	25	21	27	55	339
part	20	27	56	29	45	171
part	21	29	46	33	30	178
part	22	33	31	36	27	169
part	23	36	28	39	31	357
part	24	39	32	41	46	175
part	25	41	47	45	37	246
part	26	46	1	51	30	195
part	27	51	31	57	29	399
part	28	58	1	66	12	137
part	29	67	1	77	50	431
part	30	78	1	114	6	564
group	1	1	1	2	74	81
group	2	2	75	2	141	67
group	3	2	142	2	202	61
group	4	2	203	2	252	50
group	5	2	253	3	14	48
group	6	3	15	3	92	78
group	7	3	93	3	170	78
group	8	3	171	4	23	53
group	9	4	24	4	87	64
group	10	4	88	4	147	60
group	11	4	148	5	26	55
group	12	5	27	5	81	55
group	13	5	82	6	35	74
group	14	6	36	6	110	75
group	15	6	111	6	165	55
group	16	7	1	7	87	87
group	17	7	88	7	170	83
group	18	7	171	8	40	76
group	19	8	41	9	33	68
group	20	9	34	9	92	59
group	21	9	93	10	25	60
group	22	10	26	11	5	89
group	23	11	6	11	83	78
group	24	11	84	12	52	92
group	25	12	53	13	18	77
group	26	13	19	14	52	77
group	27	15	1	16	50	149
group	28	16	51	16	128	78
group	29	17	1	17	98	98
group	30	17	99	18	74	87
group	31	18	75	19	98	134
group	32	20	1	20	135	135
group	33	21	1	21	112	112
group	34	22	1	22	78	78
group	35	23	1	24	20	138
group	36	24	21	25	20	64
group	37	25	21	26	110	167
group	38	26	111	27	55	172
group	39	27	56	28	50	88
group	40	28	51	29	45	83
group	41	29	46	31	21	105
group	42	31	22	33	30	73
group	43	33	31	34	23	66
group	44	34	24	36	27	103
group	45	36	28	37	144	200
group	46	37	145	39	31	157
group	47	39	32	40	40	84
group	48	40	41	41	46	91
group	49	41	47	43	23	84
group	50	43	24	45	37	162
group	51	46	1	48	17	90
group	52	48	18	51	30	105
group	53	51	31	54	55	196
group	54	55	1	57	29	203
group	55	58	1	61	14	73
group	56	62	1	66	12	64
group	57	67	1	71	28	206
group	58	72	1	77	50	225
group	59	78	1	86	17	276
group	60	87	1	114	6	288
quarter	1	1	1	2	25	32
quarter	2	2	26	2	43	18
quarter	3	2	44	2	59	16
quarter	4	2	60	2	74	15
quarter	5	2	75	2	91	17
quarter	6	2	92	2	105	14
quarter	7	2	106	2	123	18
quarter	8	2	124	2	141	18
quarter	9	2	142	2	157	16
quarter	10	2	158	2	176	19
quarter	11	2	177	2	188	12
quarter	12	2	189	2	202	14
quarter	13	2	203	2	218	16
quarter	14	2	219	2	232	14
quarter	15	2	233	2	242	10
quarter	16	2	243	2	252	10
quarter	17	2	253	2	262	10
quarter	18	2	263	2	271	9
quarter	19	2	272	2	282	11
quarter	20	2	283	3	14	18
quarter	21	3	15	3	32	18
quarter	22	3	33	3	51	19
quarter	23	3	52	3	74	23
quarter	24	3	75	3	92	18
quarter	25	3	93	3	112	20
quarter	26	3	113	3	132	20
quarter	27	3	133	3	152	20
quarter	28	3	153	3	170	18
quarter	29	3	171	3	185	15
quarter	30	3	186	3	200	15
quarter	31	4	1	4	11	11
quarter	32	4	12	4	23	12
quarter	33	4	24	4	35	12
quarter	34	4	36	4	57	22
quarter	35	4	58	4	73	16
quarter	36	4	74	4	87	14
quarter	37	4	88	4	99	12
quarter	38	4	100	4	113	14
quarter	39	4	114	4	134	21
quarter	40	4	135	4	147	13
quarter	41	4	148	4	162	15
quarter	42	4	163	4	176	14
quarter	43	5	1	5	11	11
quarter	44	5	12	5	26	15
quarter	45	5	27	5	40	14
quarter	46	5	41	5	50	10
quarter	47	5	51	5	66	16
quarter	48	5	67	5	81	15
quarter	49	5	82	5	96	15
quarter	50	5	97	5	108	12
quarter	51	5	109	6	12	24
quarter	52	6	13	6	35	23
quarter	53	6	36	6	58	23
quarter	54	6	59	6	73	15
quarter	55	6	74	6	94	21
quarter	56	6	95	6	110	16
quarter	57	6	111	6	126	16
quarter	58	6	127	6	140	14
quarter	59	6	141	6	150	10
quarter	60	6	151	6	165	15
quarter	61	7	1	7	30	30
quarter	62	7	31	7	46	16
quarter	63	7	47	7	64	18
quarter	64	7	65	7	87	23
quarter	65	7	88	7	116	29
quarter	66	7	117	7	141	25
quarter	67	7	142	7	155	14
quarter	68	7	156	7	170	15
quarter	69	7	171	7	188	18
quarter	70	7	189	7	206	18
quarter	71	8	1	8	21	21
quarter	72	8	22	8	40	19
quarter	73	8	41	8	60	20
quarter	74	8	61	8	75	15
quarter	75	9	1	9	18	18
quarter	76	9	19	9	33	15
quarter	77	9	34	9	45	12
quarter	78	9	46	9	59	14
quarter	79	9	60	9	74	15
quarter	80	9	75	9	92	18
quarter	81	9	93	9	110	18
quarter	82	9	111	9	121	11
quarter	83	9	122	10	10	16
quarter	84	10	11	10	25	15
quarter	85	10	26	10	52	27
quarter	86	10	53	10	70	18
quarter	87	10	71	10	89	19
quarter	88	10	90	11	5	25
quarter	89	11	6	11	23	18
quarter	90	11	24	11	40	17
quarter	91	11	41	11	60	20
quarter	92	11	61	11	83	23
quarter	93	11	84	11	107	24
quarter	94	11	108	12	6	22
quarter	95	12	7	12	29	23
quarter	96	12	30	12	52	23
quarter	97	12	53	12	76	24
quarter	98	12	77	12	100	24
quarter	99	12	101	13	4	15
quarter	100	13	5	13	18	14
quarter	101	13	19	13	34	16
quarter	102	13	35	14	9	18
quarter	103	14	10	14	27	18
quarter	104	14	28	14	52	25
quarter	105	15	1	15	49	49
quarter	106	15	50	15	99	50
quarter	107	16	1	16	29	29
quarter	108	16	30	16	50	21
quarter	109	16	51	16	74	24
quarter	110	16	75	16	89	15
quarter	111	16	90	16	110	21
quarter	112	16	111	16	128	18
quarter	113	17	1	17	22	22
quarter	114	17	23	17	49	27
quarter	115	17	50	17	69	20
quarter	116	17	70	17	98	29
quarter	117	17	99	18	16	29
quarter	118	18	17	18	31	15
quarter	119	18	32	18	50	19
quarter	120	18	51	18	74	24
quarter	121	18	75	18	98	24
quarter	122	18	99	19	21	33
quarter	123	19	22	19	58	37
quarter	124	19	59	19	98	40
quarter	125	20	1	20	54	54
quarter	126	20	55	20	82	28
quarter	127	20	83	20	110	28
quarter	128	20	111	20	135	25
quarter	129	21	1	21	28	28
quarter	130	21	29	21	50	22
quarter	131	21	51	21	82	32
quarter	132	21	83	21	112	30
quarter	133	22	1	22	18	18
quarter	134	22	19	22	37	19
quarter	135	22	38	22	59	22
quarter	136	22	60	22	78	19
quarter	137	23	1	23	35	35
quarter	138	23	36	23	74	39
quarter	139	23	75	23	118	44
quarter	140	24	1	24	20	20
quarter	141	24	21	24	34	14
quarter	142	24	35	24	52	18
quarter	143	24	53	24	64	12
quarter	144	25	1	25	20	20
quarter	145	25	21	25	52	32
quarter	146	25	53	25	77	25
quarter	147	26	1	26	51	51
quarter	148	26	52	26	110	59
quarter	149	26	111	26	180	70
quarter	150	26	181	26	227	47
quarter	151	27	1	27	26	26
quarter	152	27	27	27	55	29
quarter	153	27	56	27	81	26
quarter	154	27	82	28	11	23
quarter	155	28	12	28	28	17
quarter	156	28	29	28	50	22
quarter	157	28	51	28	75	25
quarter	158	28	76	28	88	13
quarter	159	29	1	29	25	25
quarter	160	29	26	29	45	20
quarter	161	29	46	29	69	24
quarter	162	30	1	30	30	30
quarter	163	30	31	30	53	23
quarter	164	30	54	31	21	28
quarter	165	31	22	32	10	23
quarter	166	32	11	32	30	20
quarter	167	33	1	33	17	17
quarter	168	33	18	33	30	13
quarter	169	33	31	33	50	20
quarter	170	33	51	33	59	9
quarter	171	33	60	34	9	23
quarter	172	34	10	34	23	14
quarter	173	34	24	34	45	22
quarter	174	34	46	35	14	23
quarter	175	35	15	35	40	26
quarter	176	35	41	36	27	32
quarter	177	36	28	36	59	32
quarter	178	36	60	37	21	45
quarter	179	37	22	37	82	61
quarter	180	37	83	37	144	62
quarter	181	37	145	38	20	58
quarter	182	38	21	38	51	31
quarter	183	38	52	39	7	44
quarter	184	39	8	39	31	24
quarter	185	39	32	39	52	21
quarter	186	39	53	39	75	23
quarter	187	40	1	40	20	20
quarter	188	40	21	40	40	20
quarter	189	40	41	40	65	25
quarter	190	40	66	41	8	28
quarter	191	41	9	41	24	16
quarter	192	41	25	41	46	22
quarter	193	41	47	42	12	20
quarter	194	42	13	42	26	14
quarter	195	42	27	42	50	24
quarter	196	42	51	43	23	26
quarter	197	43	24	43	56	33
quarter	198	43	57	44	16	49
quarter	199	44	17	45	11	54
quarter	200	45	12	45	37	26
quarter	201	46	1	46	20	20
quarter	202	46	21	47	9	24
quarter	203	47	10	47	32	23
quarter	204	47	33	48	17	23
quarter	205	48	18	48	29	12
quarter	206	49	1	49	13	13
quarter	207	49	14	50	26	31
quarter	208	50	27	51	30	49
quarter	209	51	31	52	23	53
quarter	210	52	24	53	25	51
quarter	211	53	26	54	8	45
quarter	212	54	9	54	55	47
quarter	213	55	1	55	78	78
quarter	214	56	1	56	74	74
quarter	215	56	75	57	15	37
quarter	216	57	16	57	29	14
quarter	217	58	1	58	13	13
quarter	218	58	14	59	10	19
quarter	219	59	11	60	6	20
quarter	220	60	7	61	14	21
quarter	221	62	1	63	3	14
quarter	222	63	4	64	18	26
quarter	223	65	1	65	12	12
quarter	224	66	1	66	12	12
quarter	225	67	1	67	30	30
quarter	226	68	1	68	52	52
quarter	227	69	1	70	18	70
quarter	228	70	19	71	28	54
quarter	229	72	1	73	19	47
quarter	230	73	20	74	56	57
quarter	231	75	1	76	18	58
quarter	232	76	19	77	50	63
quarter	233	78	1	79	46	86
quarter	234	80	1	81	29	71
quarter	235	82	1	83	36	55
quarter	236	84	1	86	17	64
quarter	237	87	1	89	30	75
quarter	238	90	1	93	11	67
quarter	239	94	1	100	8	64
quarter	240	100	9	114	6	82
station	1	1	1	4	176	669
station	2	5	1	9	127	693
station	3	10	1	16	128	665
station	4	17	1	25	77	903
station	5	26	1	36	83	856
station	6	37	1	49	18	842
station	7	50	1	114	6	1606
bowing	1	1	1	1	7	7
bowing	2	2	1	2	7	7
bowing	3	2	8	2	20	13
bowing	4	2	21	2	29	9
bowing	5	2	30	2	39	10
bowing	6	2	40	2	46	7
bowing	7	2	47	2	59	13
bowing	8	2	60	2	61	2
bowing	9	2	62	2	71	10
bowing	10	2	72	2	82	11
bowing	11	2	83	2	86	4
bowing	12	2	87	2	96	10
bowing	13	2	97	2	103	7
bowing	14	2	104	2	112	9
bowing	15	2	113	2	121	9
bowing	16	2	122	2	129	8
bowing	17	2	130	2	141	12
bowing	18	2	142	2	147	6
bowing	19	2	148	2	152	5
bowing	20	2	153	2	163	11
bowing	21	2	164	2	167	4
bowing	22	2	168	2	176	9
bowing	23	2	177	2	182	6
bowing	24	2	183	2	188	6
bowing	25	2	189	2	196	8
bowing	26	2	197	2	210	14
bowing	27	2	211	2	216	6
bowing	28	2	217	2	221	5
bowing	29	2	222	2	228	7
bowing	30	2	229	2	231	3
bowing	31	2	232	2	235	4
bowing	32	2	236	2	242	7
bowing	33	2	243	2	248	6
bowing	34	2	249	2	253	5
bowing	35	2	254	2	257	4
bowing	36	2	258	2	260	3
bowing	37	2	261	2	266	6
bowing	38	2	267	2	273	7
bowing	39	2	274	2	281	8
bowing	40	2	282	2	283	2
bowing	41	2	284	2	286	3
bowing	42	3	1	3	9	9
bowing	43	3	10	3	20	11
bowing	44	3	21	3	30	10
bowing	45	3	31	3	41	11
bowing	46	3	42	3	54	13
bowing	47	3	55	3	63	9
bowing	48	3	64	3	71	8
bowing	49	3	72	3	80	9
bowing	50	3	81	3	91	11
bowing	51	3	92	3	101	10
bowing	52	3	102	3	109	8
bowing	53	3	110	3	120	11
bowing	54	3	121	3	129	9
bowing	55	3	130	3	143	14
bowing	56	3	144	3	148	5
bowing	57	3	149	3	155	7
bowing	58	3	156	3	171	16
bowing	59	3	172	3	180	9
bowing	60	3	181	3	189	9
bowing	61	3	190	3	200	11
bowing	62	4	1	4	10	10
bowing	63	4	11	4	14	4
bowing	64	4	15	4	22	8
bowing	65	4	23	4	25	3
bowing	66	4	26	4	33	8
bowing	67	4	34	4	42	9
bowing	68	4	43	4	50	8
bowing	69	4	51	4	59	9
bowing	70	4	60	4	70	11
bowing	71	4	71	4	76	6
bowing	72	4	77	4	87	11
bowing	73	4	88	4	91	4
bowing	74	4	92	4	96	5
bowing	75	4	97	4	100	4
bowing	76	4	101	4	104	4
bowing	77	4	105	4	112	8
bowing	78	4	113	4	115	3
bowing	79	4	116	4	126	11
bowing	80	4	127	4	134	8
bowing	81	4	135	4	141	7
bowing	82	4	142	4	152	11
bowing	83	4	153	4	162	10
bowing	84	4	163	4	171	9
bowing	85	4	172	4	176	5
bowing	86	5	1	5	5	5
bowing	87	5	6	5	11	6
bowing	88	5	12	5	19	8
bowing	89	5	20	5	26	7
bowing	90	5	27	5	34	8
bowing	91	5	35	5	43	9
bowing	92	5	44	5	50	7
bowing	93	5	51	5	56	6
bowing	94	5	57	5	66	10
bowing	95	5	67	5	77	11
bowing	96	5	78	5	86	9
bowing	97	5	87	5	93	7
bowing	98	5	94	5	100	7
bowing	99	5	101	5	108	8
bowing	100	5	109	5	115	7
bowing	101	5	116	5	120	5
bowing	102	6	1	6	10	10
bowing	103	6	11	6	20	10
bowing	104	6	21	6	30	10
bowing	105	6	31	6	41	11
bowing	106	6	42	6	50	9
bowing	107	6	51	6	55	5
bowing	108	6	56	6	60	5
bowing	109	6	61	6	70	10
bowing	110	6	71	6	82	12
bowing	111	6	83	6	90	8
bowing	112	6	91	6	94	4
bowing	113	6	95	6	100	6
bowing	114	6	101	6	110	10
bowing	115	6	111	6	121	11
bowing	116	6	122	6	129	8
bowing	117	6	130	6	140	11
bowing	118	6	141	6	144	4
bowing	119	6	145	6	150	6
bowing	120	6	151	6	154	4
bowing	121	6	155	6	165	11
bowing	122	7	1	7	10	10
bowing	123	7	11	7	25	15
bowing	124	7	26	7	31	6
bowing	125	7	32	7	39	8
bowing	126	7	40	7	47	8
bowing	127	7	48	7	53	6
bowing	128	7	54	7	58	5
bowing	129	7	59	7	64	6
bowing	130	7	65	7	72	8
bowing	131	7	73	7	84	12
bowing	132	7	85	7	93	9
bowing	133	7	94	7	99	6
bowing	134	7	100	7	108	9
bowing	135	7	109	7	126	18
bowing	136	7	127	7	129	3
bowing	137	7	130	7	141	12
bowing	138	7	142	7	147	6
bowing	139	7	148	7	151	4
bowing	140	7	152	7	157	6
bowing	141	7	158	7	162	5
bowing	142	7	163	7	171	9
bowing	143	7	172	7	181	10
bowing	144	7	182	7	188	7
bowing	145	7	189	7	206	18
bowing	146	8	1	8	10	10
bowing	147	8	11	8	19	9
bowing	148	8	20	8	28	9
bowing	149	8	29	8	37	9
bowing	150	8	38	8	44	7
bowing	151	8	45	8	48	4
bowing	152	8	49	8	58	10
bowing	153	8	59	8	64	6
bowing	154	8	65	8	69	5
bowing	155	8	70	8	75	6
bowing	156	9	1	9	6	6
bowing	157	9	7	9	16	10
bowing	158	9	17	9	24	8
bowing	159	9	25	9	29	5
bowing	160	9	30	9	37	8
bowing	161	9	38	9	42	5
bowing	162	9	43	9	59	17
bowing	163	9	60	9	66	7
bowing	164	9	67	9	72	6
bowing	165	9	73	9	80	8
bowing	166	9	81	9	89	9
bowing	167	9	90	9	99	10
bowing	168	9	100	9	110	11
bowing	169	9	111	9	118	8
bowing	170	9	119	9	122	4
bowing	171	9	123	9	127	5
bowing	172	10	1	10	10	10
bowing	173	10	11	10	20	10
bowing	174	10	21	10	30	10
bowing	175	10	31	10	40	10
bowing	176	10	41	10	53	13
bowing	177	10	54	10	60	7
bowing	178	10	61	10	70	10
bowing	179	10	71	10	82	12
bowing	180	10	83	10	92	10
bowing	181	10	93	10	103	11
bowing	182	10	104	10	109	6
bowing	183	11	1	11	8	8
bowing	184	11	9	11	24	16
bowing	185	11	25	11	35	11
bowing	186	11	36	11	49	14
bowing	187	11	50	11	60	11
bowing	188	11	61	11	68	8
bowing	189	11	69	11	83	15
bowing	190	11	84	11	95	12
bowing	191	11	96	11	109	14
bowing	192	11	110	11	123	14
bowing	193	12	1	12	6	6
bowing	194	12	7	12	20	14
bowing	195	12	21	12	29	9
bowing	196	12	30	12	35	6
bowing	197	12	36	12	42	7
bowing	198	12	43	12	49	7
bowing	199	12	50	12	57	8
bowing	200	12	58	12	68	11
bowing	201	12	69	12	79	11
bowing	202	12	80	12	93	14
bowing	203	12	94	12	104	11
bowing	204	12	105	12	111	7
bowing	205	13	1	13	7	7
bowing	206	13	8	13	18	11
bowing	207	13	19	13	26	8
bowing	208	13	27	13	31	5
bowing	209	13	32	13	37	6
bowing	210	13	38	13	43	6
bowing	211	14	1	14	6	6
bowing	212	14	7	14	12	6
bowing	213	14	13	14	21	9
bowing	214	14	22	14	27	6
bowing	215	14	28	14	34	7
bowing	216	14	35	14	41	7
bowing	217	14	42	14	52	11
bowing	218	15	1	15	15	15
bowing	219	15	16	15	25	10
bowing	220	15	26	15	44	19
bowing	221	15	45	15	60	16
bowing	222	15	61	15	79	19
bowing	223	15	80	15	99	20
bowing	224	16	1	16	9	9
bowing	225	16	10	16	21	12
bowing	226	16	22	16	25	4
bowing	227	16	26	16	34	9
bowing	228	16	35	16	40	6
bowing	229	16	41	16	50	10
bowing	230	16	51	16	60	10
bowing	231	16	61	16	65	5
bowing	232	16	66	16	70	5
bowing	233	16	71	16	76	6
bowing	234	16	77	16	83	7
bowing	235	16	84	16	89	6
bowing	236	16	90	16	100	11
bowing	237	16	101	16	110	10
bowing	238	16	111	16	119	9
bowing	239	16	120	16	128	9
bowing	240	17	1	17	10	10
bowing	241	17	11	17	22	12
bowing	242	17	23	17	30	8
bowing	243	17	31	17	40	10
bowing	244	17	41	17	52	12
bowing	245	17	53	17	60	8
bowing	246	17	61	17	70	10
bowing	247	17	71	17	77	7
bowing	248	17	78	17	84	7
bowing	249	17	85	17	93	9
bowing	250	17	94	17	100	7
bowing	251	17	101	17	111	11
bowing	252	18	1	18	12	12
bowing	253	18	13	18	17	5
bowing	254	18	18	18	22	5
bowing	255	18	23	18	31	9
bowing	256	18	32	18	44	13
bowing	257	18	45	18	49	5
bowing	258	18	50	18	53	4
bowing	259	18	54	18	59	6
bowing	260	18	60	18	70	11
bowing	261	18	71	18	82	12
bowing	262	18	83	18	101	19
bowing	263	18	102	18	110	9
bowing	264	19	1	19	15	15
bowing	265	19	16	19	40	25
bowing	266	19	41	19	50	10
bowing	267	19	51	19	65	15
bowing	268	19	66	19	82	17
bowing	269	19	83	19	98	16
bowing	270	20	1	20	24	24
bowing	271	20	25	20	54	30
bowing	272	20	55	20	76	22
bowing	273	20	77	20	89	13
bowing	274	20	90	20	104	15
bowing	275	20	105	20	115	11
bowing	276	20	116	20	128	13
bowing	277	20	129	20	135	7
bowing	278	21	1	21	10	10
bowing	279	21	11	21	29	19
bowing	280	21	30	21	41	12
bowing	281	21	42	21	50	9
bowing	282	21	51	21	75	25
bowing	283	21	76	21	93	18
bowing	284	21	94	21	112	19
bowing	285	22	1	22	10	10
bowing	286	22	11	22	22	12
bowing	287	22	23	22	25	3
bowing	288	22	26	22	33	8
bowing	289	22	34	22	38	5
bowing	290	22	39	22	48	10
bowing	291	22	49	22	57	9
bowing	292	22	58	22	64	7
bowing	293	22	65	22	72	8
bowing	294	22	73	22	78	6
bowing	295	23	1	23	22	22
bowing	296	23	23	23	32	10
bowing	297	23	33	23	50	18
bowing	298	23	51	23	77	27
bowing	299	23	78	23	92	15
bowing	300	23	93	23	118	26
bowing	301	24	1	24	10	10
bowing	302	24	11	24	20	10
bowing	303	24	21	24	26	6
bowing	304	24	27	24	34	8
bowing	305	24	35	24	40	6
bowing	306	24	41	24	50	10
bowing	307	24	51	24	57	7
bowing	308	24	58	24	61	4
bowing	309	24	62	24	64	3
bowing	310	25	1	25	9	9
bowing	311	25	10	25	20	11
bowing	312	25	21	25	34	14
bowing	313	25	35	25	44	10
bowing	314	25	45	25	60	16
bowing	315	25	61	25	77	17
bowing	316	26	1	26	9	9
bowing	317	26	10	26	33	24
bowing	318	26	34	26	52	19
bowing	319	26	53	26	69	17
bowing	320	26	70	26	104	35
bowing	321	26	105	26	122	18
bowing	322	26	123	26	140	18
bowing	323	26	141	26	159	19
bowing	324	26	160	26	175	16
bowing	325	26	176	26	191	16
bowing	326	26	192	26	227	36
bowing	327	27	1	27	14	14
bowing	328	27	15	27	31	17
bowing	329	27	32	27	44	13
bowing	330	27	45	27	58	14
bowing	331	27	59	27	66	8
bowing	332	27	67	27	82	16
bowing	333	27	83	27	93	11
bowing	334	28	1	28	13	13
bowing	335	28	14	28	21	8
bowing	336	28	22	28	28	7
bowing	337	28	29	28	42	14
bowing	338	28	43	28	50	8
bowing	339	28	51	28	60	10
bowing	340	28	61	28	75	15
bowing	341	28	76	28	88	13
bowing	342	29	1	29	13	13
bowing	343	29	14	29	22	9
bowing	344	29	23	29	30	8
bowing	345	29	31	29	44	14
bowing	346	29	45	29	51	7
bowing	347	29	52	29	63	12
bowing	348	29	64	29	69	6
bowing	349	30	1	30	10	10
bowing	350	30	11	30	19	9
bowing	351	30	20	30	27	8
bowing	352	30	28	30	40	13
bowing	353	30	41	30	53	13
bowing	354	30	54	30	60	7
bowing	355	31	1	31	11	11
bowing	356	31	12	31	19	8
bowing	357	31	20	31	34	15
bowing	358	32	1	32	11	11
bowing	359	32	12	32	22	11
bowing	360	32	23	32	30	8
bowing	361	33	1	33	8	8
bowing	362	33	9	33	20	12
bowing	363	33	21	33	27	7
bowing	364	33	28	33	34	7
bowing	365	33	35	33	40	6
bowing	366	33	41	33	52	12
bowing	367	33	53	33	58	6
bowing	368	33	59	33	68	10
bowing	369	33	69	33	73	5
bowing	370	34	1	34	9	9
bowing	371	34	10	34	21	12
bowing	372	34	22	34	30	9
bowing	373	34	31	34	36	6
bowing	374	34	37	34	45	9
bowing	375	34	46	34	54	9
bowing	376	35	1	35	7	7
bowing	377	35	8	35	14	7
bowing	378	35	15	35	26	12
bowing	379	35	27	35	37	11
bowing	380	35	38	35	45	8
bowing	381	36	1	36	12	12
bowing	382	36	13	36	32	20
bowing	383	36	33	36	50	18
bowing	384	36	51	36	67	17
bowing	385	36	68	36	83	16
bowing	386	37	1	37	21	21
bowing	387	37	22	37	74	53
bowing	388	37	75	37	113	39
bowing	389	37	114	37	138	25
bowing	390	37	139	37	182	44
bowing	391	38	1	38	14	14
bowing	392	38	15	38	26	12
bowing	393	38	27	38	40	14
bowing	394	38	41	38	64	24
bowing	395	38	65	38	88	24
bowing	396	39	1	39	9	9
bowing	397	39	10	39	21	12
bowing	398	39	22	39	31	10
bowing	399	39	32	39	41	10
bowing	400	39	42	39	52	11
bowing	401	39	53	39	63	11
bowing	402	39	64	39	70	7
bowing	403	39	71	39	75	5
bowing	404	40	1	40	9	9
bowing	405	40	10	40	20	11
bowing	406	40	21	40	27	7
bowing	407	40	28	40	37	10
bowing	408	40	38	40	50	13
bowing	409	40	51	40	60	10
bowing	410	40	61	40	68	8
bowing	411	40	69	40	78	10
bowing	412	40	79	40	85	7
bowing	413	41	1	41	8	8
bowing	414	41	9	41	18	10
bowing	415	41	19	41	25	7
bowing	416	41	26	41	32	7
bowing	417	41	33	41	44	12
bowing	418	41	45	41	54	10
bowing	419	42	1	42	9	9
bowing	420	42	10	42	19	10
bowing	421	42	20	42	29	10
bowing	422	42	30	42	43	14
bowing	423	42	44	42	53	10
bowing	424	43	1	43	15	15
bowing	425	43	16	43	25	10
bowing	426	43	26	43	35	10
bowing	427	43	36	43	45	10
bowing	428	43	46	43	56	11
bowing	429	43	57	43	67	11
bowing	430	43	68	43	89	22
bowing	431	44	1	44	29	29
bowing	432	44	30	44	42	13
bowing	433	44	43	44	59	17
bowing	434	45	1	45	11	11
bowing	435	45	12	45	21	10
bowing	436	45	22	45	26	5
bowing	437	45	27	45	37	11
bowing	438	46	1	46	10	10
bowing	439	46	11	46	20	10
bowing	440	46	21	46	26	6
bowing	441	46	27	46	35	9
bowing	442	47	1	47	11	11
bowing	443	47	12	47	19	8
bowing	444	47	20	47	28	9
bowing	445	47	29	47	38	10
bowing	446	48	1	48	10	10
bowing	447	48	11	48	17	7
bowing	448	48	18	48	26	9
bowing	449	48	27	48	29	3
bowing	450	49	1	49	10	10
bowing	451	49	11	49	18	8
bowing	452	50	1	50	15	15
bowing	453	50	16	50	29	14
bowing	454	50	30	50	45	16
bowing	455	51	1	51	23	23
bowing	456	51	24	51	46	23
bowing	457	51	47	51	60	14
bowing	458	52	1	52	28	28
bowing	459	52	29	52	49	21
bowing	460	53	1	53	25	25
bowing	461	53	26	53	32	7
bowing	462	53	33	53	62	30
bowing	463	54	1	54	22	22
bowing	464	54	23	54	40	18
bowing	465	54	41	54	55	15
bowing	466	55	1	55	25	25
bowing	467	55	26	55	45	20
bowing	468	55	46	55	78	33
bowing	469	56	1	56	38	38
bowing	470	56	39	56	74	36
bowing	471	56	75	56	96	22
bowing	472	57	1	57	10	10
bowing	473	57	11	57	19	9
bowing	474	57	20	57	25	6
bowing	475	57	26	57	29	4
bowing	476	58	1	58	6	6
bowing	477	58	7	58	13	7
bowing	478	58	14	58	22	9
bowing	479	59	1	59	10	10
bowing	480	59	11	59	17	7
bowing	481	59	18	59	24	7
bowing	482	60	1	60	6	6
bowing	483	60	7	60	13	7
bowing	484	61	1	61	9	9
bowing	485	61	10	61	14	5
bowing	486	62	1	62	8	8
bowing	487	62	9	62	11	3
bowing	488	63	1	63	8	8
bowing	489	63	9	63	11	3
bowing	490	64	1	64	10	10
bowing	491	64	11	64	18	8
bowing	492	65	1	65	7	7
bowing	493	65	8	65	12	5
bowing	494	66	1	66	7	7
bowing	495	66	8	66	12	5
bowing	496	67	1	67	14	14
bowing	497	67	15	67	30	16
bowing	498	68	1	68	33	33
bowing	499	68	34	68	52	19
bowing	500	69	1	69	37	37
bowing	501	69	38	69	52	15
bowing	502	70	1	70	35	35
bowing	503	70	36	70	44	9
bowing	504	71	1	71	20	20
bowing	505	71	21	71	28	8
bowing	506	72	1	72	19	19
bowing	507	72	20	72	28	9
bowing	508	73	1	73	19	19
bowing	509	73	20	73	20	1
bowing	510	74	1	74	31	31
bowing	511	74	32	74	56	25
bowing	512	75	1	75	30	30
bowing	513	75	31	75	40	10
bowing	514	76	1	76	22	22
bowing	515	76	23	76	31	9
bowing	516	77	1	77	40	40
bowing	517	77	41	77	50	10
bowing	518	78	1	78	30	30
bowing	519	78	31	78	40	10
bowing	520	79	1	79	26	26
bowing	521	79	27	79	46	20
bowing	522	80	1	80	42	42
bowing	523	81	1	81	29	29
bowing	524	82	1	82	19	19
bowing	525	83	1	83	36	36
bowing	526	84	1	84	25	25
bowing	527	85	1	85	22	22
bowing	528	86	1	86	17	17
bowing	529	87	1	87	19	19
bowing	530	88	1	88	26	26
bowing	531	89	1	89	30	30
bowing	532	90	1	90	20	20
bowing	533	91	1	91	15	15
bowing	534	92	1	92	21	21
bowing	535	93	1	93	11	11
bowing	536	94	1	94	8	8
bowing	537	95	1	95	8	8
bowing	538	96	1	96	19	19
bowing	539	97	1	97	5	5
bowing	540	98	1	98	8	8
bowing	541	99	1	99	8	8
bowing	542	100	1	100	11	11
bowing	543	101	1	101	11	11
bowing	544	102	1	102	8	8
bowing	545	103	1	103	3	3
bowing	546	104	1	104	9	9
bowing	547	105	1	105	5	5
bowing	548	106	1	106	4	4
bowing	549	107	1	107	7	7
bowing	550	108	1	108	3	3
bowing	551	109	1	109	6	6
bowing	552	110	1	110	3	3
bowing	553	111	1	111	5	5
bowing	554	112	1	112	4	4
bowing	555	113	1	113	5	5
bowing	556	114	1	114	6	6
page	1	1	1	1	7	7
page	2	2	1	2	5	5
page	3	2	6	2	16	11
page	4	2	17	2	24	8
page	5	2	25	2	29	5
page	6	2	30	2	37	8
page	7	2	38	2	48	11
page	8	2	49	2	57	9
page	9	2	58	2	61	4
page	10	2	62	2	69	8
page	11	2	70	2	76	7
page	12	2	77	2	83	7
page	13	2	84	2	88	5
page	14	2	89	2	93	5
page	15	2	94	2	101	8
page	16	2	102	2	105	4
page	17	2	106	2	112	7
page	18	2	113	2	119	7
page	19	2	120	2	126	7
page	20	2	127	2	134	8
page	21	2	135	2	141	7
page	22	2	142	2	145	4
page	23	2	146	2	153	8
page	24	2	154	2	163	10
page	25	2	164	2	169	6
page	26	2	170	2	176	7
page	27	2	177	2	181	5
page	28	2	182	2	186	5
page	29	2	187	2	190	4
page	30	2	191	2	196	6
page	31	2	197	2	202	6
page	32	2	203	2	210	8
page	33	2	211	2	215	5
page	34	2	216	2	219	4
page	35	2	220	2	224	5
page	36	2	225	2	230	6
page	37	2	231	2	233	3
page	38	2	234	2	237	4
page	39	2	238	2	245	8
page	40	2	246	2	248	3
page	41	2	249	2	252	4
page	42	2	253	2	256	4
page	43	2	257	2	259	3
page	44	2	260	2	264	5
page	45	2	265	2	269	5
page	46	2	270	2	274	5
page	47	2	275	2	281	7
page	48	2	282	2	282	1
page	49	2	283	2	286	4
page	50	3	1	3	9	9
page	51	3	10	3	15	6
page	52	3	16	3	22	7
page	53	3	23	3	29	7
page	54	3	30	3	37	8
page	55	3	38	3	45	8
page	56	3	46	3	52	7
page	57	3	53	3	61	9
page	58	3	62	3	70	9
page	59	3	71	3	77	7
page	60	3	78	3	83	6
page	61	3	84	3	91	8
page	62	3	92	3	100	9
page	63	3	101	3	108	8
page	64	3	109	3	115	7
page	65	3	116	3	121	6
page	66	3	122	3	132	11
page	67	3	133	3	140	8
page	68	3	141	3	148	8
page	69	3	149	3	153	5
page	70	3	154	3	157	4
page	71	3	158	3	165	8
page	72	3	166	3	173	8
page	73	3	174	3	180	7
page	74	3	181	3	186	6
page	75	3	187	3	194	8
page	76	3	195	3	200	6
page	77	4	1	4	6	6
page	78	4	7	4	11	5
page	79	4	12	4	14	3
page	80	4	15	4	19	5
page	81	4	20	4	23	4
page	82	4	24	4	26	3
page	83	4	27	4	33	7
page	84	4	34	4	37	4
page	85	4	38	4	44	7
page	86	4	45	4	51	7
page	87	4	52	4	59	8
page	88	4	60	4	65	6
page	89	4	66	4	74	9
page	90	4	75	4	79	5
page	91	4	80	4	86	7
page	92	4	87	4	91	5
page	93	4	92	4	94	3
page	94	4	95	4	101	7
page	95	4	102	4	105	4
page	96	4	106	4	113	8
page	97	4	114	4	121	8
page	98	4	122	4	127	6
page	99	4	128	4	134	7
page	100	4	135	4	140	6
page	101	4	141	4	147	7
page	102	4	148	4	154	7
page	103	4	155	4	162	8
page	104	4	163	4	170	8
page	105	4	171	4	175	5
page	106	4	176	5	2	3
page	107	5	3	5	5	3
page	108	5	6	5	9	4
page	109	5	10	5	13	4
page	110	5	14	5	17	4
page	111	5	18	5	23	6
page	112	5	24	5	31	8
page	113	5	32	5	36	5
page	114	5	37	5	41	5
page	115	5	42	5	45	4
page	116	5	46	5	50	5
page	117	5	51	5	57	7
page	118	5	58	5	64	7
page	119	5	65	5	70	6
page	120	5	71	5	76	6
page	121	5	77	5	82	6
page	122	5	83	5	89	7
page	123	5	90	5	95	6
page	124	5	96	5	103	8
page	125	5	104	5	108	5
page	126	5	109	5	113	5
page	127	5	114	5	120	7
page	128	6	1	6	8	8
page	129	6	9	6	18	10
page	130	6	19	6	27	9
page	131	6	28	6	35	8
page	132	6	36	6	44	9
page	133	6	45	6	52	8
page	134	6	53	6	59	7
page	135	6	60	6	68	9
page	136	6	69	6	73	5
page	137	6	74	6	81	8
page	138	6	82	6	90	9
page	139	6	91	6	94	4
page	140	6	95	6	101	7
page	141	6	102	6	110	9
page	142	6	111	6	118	8
page	143	6	119	6	124	6
page	144	6	125	6	131	7
page	145	6	132	6	137	6
page	146	6	138	6	142	5
page	147	6	143	6	146	4
page	148	6	147	6	151	5
page	149	6	152	6	157	6
page	150	6	158	6	165	8
page	151	7	1	7	11	11
page	152	7	12	7	22	11
page	153	7	23	7	30	8
page	154	7	31	7	37	7
page	155	7	38	7	43	6
page	156	7	44	7	51	8
page	157	7	52	7	57	6
page	158	7	58	7	67	10
page	159	7	68	7	73	6
page	160	7	74	7	81	8
page	161	7	82	7	87	6
page	162	7	88	7	95	8
page	163	7	96	7	104	9
page	164	7	105	7	120	16
page	165	7	121	7	130	10
page	166	7	131	7	137	7
page	167	7	138	7	143	6
page	168	7	144	7	149	6
page	169	7	150	7	155	6
page	170	7	156	7	159	4
page	171	7	160	7	163	4
page	172	7	164	7	170	7
page	173	7	171	7	178	8
page	174	7	179	7	187	9
page	175	7	188	7	195	8
page	176	7	196	7	206	11
page	177	8	1	8	8	8
page	178	8	9	8	16	8
page	179	8	17	8	25	9
page	180	8	26	8	33	8
page	181	8	34	8	40	7
page	182	8	41	8	45	5
page	183	8	46	8	52	7
page	184	8	53	8	61	9
page	185	8	62	8	69	8
page	186	8	70	8	75	6
page	187	9	1	9	6	6
page	188	9	7	9	13	7
page	189	9	14	9	20	7
page	190	9	21	9	26	6
page	191	9	27	9	31	5
page	192	9	32	9	36	5
page	193	9	37	9	40	4
page	194	9	41	9	47	7
page	195	9	48	9	54	7
page	196	9	55	9	61	7
page	197	9	62	9	68	7
page	198	9	69	9	72	4
page	199	9	73	9	79	7
page	200	9	80	9	86	7
page	201	9	87	9	93	7
page	202	9	94	9	99	6
page	203	9	100	9	106	7
page	204	9	107	9	111	5
page	205	9	112	9	117	6
page	206	9	118	9	122	5
page	207	9	123	9	127	5
page	208	10	1	10	6	6
page	209	10	7	10	14	8
page	210	10	15	10	20	6
page	211	10	21	10	25	5
page	212	10	26	10	33	8
page	213	10	34	10	42	9
page	214	10	43	10	53	11
page	215	10	54	10	61	8
page	216	10	62	10	70	9
page	217	10	71	10	78	8
page	218	10	79	10	88	10
page	219	10	89	10	97	9
page	220	10	98	10	106	9
page	221	10	107	11	5	8
page	222	11	6	11	12	7
page	223	11	13	11	19	7
page	224	11	20	11	28	9
page	225	11	29	11	37	9
page	226	11	38	11	45	8
page	227	11	46	11	53	8
page	228	11	54	11	62	9
page	229	11	63	11	71	9
page	230	11	72	11	81	10
page	231	11	82	11	88	7
page	232	11	89	11	97	9
page	233	11	98	11	108	11
page	234	11	109	11	117	9
page	235	11	118	12	4	10
page	236	12	5	12	14	10
page	237	12	15	12	22	8
page	238	12	23	12	30	8
page	239	12	31	12	37	7
page	240	12	38	12	43	6
page	241	12	44	12	52	9
page	242	12	53	12	63	11
page	243	12	64	12	69	6
page	244	12	70	12	78	9
page	245	12	79	12	86	8
page	246	12	87	12	95	9
page	247	12	96	12	103	8
page	248	12	104	12	111	8
page	249	13	1	13	5	5
page	250	13	6	13	13	8
page	251	13	14	13	18	5
page	252	13	19	13	28	10
page	253	13	29	13	34	6
page	254	13	35	13	42	8
page	255	13	43	14	5	6
page	256	14	6	14	10	5
page	257	14	11	14	18	8
page	258	14	19	14	24	6
page	259	14	25	14	33	9
page	260	14	34	14	42	9
page	261	14	43	14	52	10
page	262	15	1	15	15	15
page	263	15	16	15	31	16
page	264	15	32	15	51	20
page	265	15	52	15	70	19
page	266	15	71	15	90	20
page	267	15	91	16	6	15
page	268	16	7	16	14	8
page	269	16	15	16	26	12
page	270	16	27	16	34	8
page	271	16	35	16	42	8
page	272	16	43	16	54	12
page	273	16	55	16	64	10
page	274	16	65	16	72	8
page	275	16	73	16	79	7
page	276	16	80	16	87	8
page	277	16	88	16	93	6
page	278	16	94	16	102	9
page	279	16	103	16	110	8
page	280	16	111	16	118	8
page	281	16	119	16	128	10
page	282	17	1	17	7	7
page	283	17	8	17	17	10
page	284	17	18	17	27	10
page	285	17	28	17	38	11
page	286	17	39	17	49	11
page	287	17	50	17	58	9
page	288	17	59	17	66	8
page	289	17	67	17	75	9
page	290	17	76	17	86	11
page	291	17	87	17	96	10
page	292	17	97	17	104	8
page	293	17	105	18	4	11
page	294	18	5	18	15	11
page	295	18	16	18	20	5
page	296	18	21	18	27	7
page	297	18	28	18	34	7
page	298	18	35	18	45	11
page	299	18	46	18	53	8
page	300	18	54	18	61	8
page	301	18	62	18	74	13
page	302	18	75	18	83	9
page	303	18	84	18	97	14
page	304	18	98	18	110	13
page	305	19	1	19	11	11
page	306	19	12	19	25	14
page	307	19	26	19	38	13
page	308	19	39	19	51	13
page	309	19	52	19	64	13
page	310	19	65	19	76	12
page	311	19	77	19	95	19
page	312	19	96	20	12	15
page	313	20	13	20	37	25
page	314	20	38	20	51	14
page	315	20	52	20	64	13
page	316	20	65	20	76	12
page	317	20	77	20	87	11
page	318	20	88	20	98	11
page	319	20	99	20	113	15
page	320	20	114	20	125	12
page	321	20	126	20	135	10
page	322	21	1	21	10	10
page	323	21	11	21	24	14
page	324	21	25	21	35	11
page	325	21	36	21	44	9
page	326	21	45	21	57	13
page	327	21	58	21	72	15
page	328	21	73	21	81	9
page	329	21	82	21	90	9
page	330	21	91	21	101	11
page	331	21	102	21	112	11
page	332	22	1	22	5	5
page	333	22	6	22	15	10
page	334	22	16	22	23	8
page	335	22	24	22	30	7
page	336	22	31	22	38	8
page	337	22	39	22	46	8
page	338	22	47	22	55	9
page	339	22	56	22	64	9
page	340	22	65	22	72	8
page	341	22	73	22	78	6
page	342	23	1	23	17	17
page	343	23	18	23	27	10
page	344	23	28	23	42	15
page	345	23	43	23	59	17
page	346	23	60	23	74	15
page	347	23	75	23	89	15
page	348	23	90	23	104	15
page	349	23	105	23	118	14
page	350	24	1	24	10	10
page	351	24	11	24	20	10
page	352	24	21	24	27	7
page	353	24	28	24	31	4
page	354	24	32	24	36	5
page	355	24	37	24	43	7
page	356	24	44	24	53	10
page	357	24	54	24	58	5
page	358	24	59	24	61	3
page	359	24	62	25	2	5
page	360	25	3	25	11	9
page	361	25	12	25	20	9
page	362	25	21	25	32	12
page	363	25	33	25	43	11
page	364	25	44	25	55	12
page	365	25	56	25	67	12
page	366	25	68	25	77	10
page	367	26	1	26	19	19
page	368	26	20	26	39	20
page	369	26	40	26	60	21
page	370	26	61	26	83	23
page	371	26	84	26	111	28
page	372	26	112	26	136	25
page	373	26	137	26	159	23
page	374	26	160	26	183	24
page	375	26	184	26	206	23
page	376	26	207	26	227	21
page	377	27	1	27	13	13
page	378	27	14	27	22	9
page	379	27	23	27	35	13
page	380	27	36	27	44	9
page	381	27	45	27	55	11
page	382	27	56	27	63	8
page	383	27	64	27	76	13
page	384	27	77	27	88	12
page	385	27	89	28	5	10
page	386	28	6	28	13	8
page	387	28	14	28	21	8
page	388	28	22	28	28	7
page	389	28	29	28	35	7
page	390	28	36	28	43	8
page	391	28	44	28	50	7
page	392	28	51	28	59	9
page	393	28	60	28	70	11
page	394	28	71	28	77	7
page	395	28	78	28	84	7
page	396	28	85	29	6	10
page	397	29	7	29	14	8
page	398	29	15	29	23	9
page	399	29	24	29	30	7
page	400	29	31	29	38	8
page	401	29	39	29	45	7
page	402	29	46	29	52	7
page	403	29	53	29	63	11
page	404	29	64	30	5	11
page	405	30	6	30	15	10
page	406	30	16	30	24	9
page	407	30	25	30	32	8
page	408	30	33	30	41	9
page	409	30	42	30	50	9
page	410	30	51	30	60	10
page	411	31	1	31	11	11
page	412	31	12	31	19	8
page	413	31	20	31	28	9
page	414	31	29	31	34	6
page	415	32	1	32	11	11
page	416	32	12	32	20	9
page	417	32	21	32	30	10
page	418	33	1	33	6	6
page	419	33	7	33	15	9
page	420	33	16	33	22	7
page	421	33	23	33	30	8
page	422	33	31	33	35	5
page	423	33	36	33	43	8
page	424	33	44	33	50	7
page	425	33	51	33	54	4
page	426	33	55	33	62	8
page	427	33	63	33	73	11
page	428	34	1	34	7	7
page	429	34	8	34	14	7
page	430	34	15	34	22	8
page	431	34	23	34	31	9
page	432	34	32	34	39	8
page	433	34	40	34	48	9
page	434	34	49	35	3	9
page	435	35	4	35	11	8
page	436	35	12	35	18	7
page	437	35	19	35	30	12
page	438	35	31	35	38	8
page	439	35	39	35	44	6
page	440	35	45	36	12	13
page	441	36	13	36	27	15
page	442	36	28	36	40	13
page	443	36	41	36	54	14
page	444	36	55	36	70	16
page	445	36	71	36	83	13
page	446	37	1	37	24	24
page	447	37	25	37	51	27
page	448	37	52	37	76	25
page	449	37	77	37	102	26
page	450	37	103	37	126	24
page	451	37	127	37	153	27
page	452	37	154	37	182	29
page	453	38	1	38	16	16
page	454	38	17	38	26	10
page	455	38	27	38	42	16
page	456	38	43	38	61	19
page	457	38	62	38	83	22
page	458	38	84	39	5	10
page	459	39	6	39	10	5
page	460	39	11	39	21	11
page	461	39	22	39	31	10
page	462	39	32	39	40	9
page	463	39	41	39	47	7
page	464	39	48	39	56	9
page	465	39	57	39	67	11
page	466	39	68	39	74	7
page	467	39	75	40	7	8
page	468	40	8	40	16	9
page	469	40	17	40	25	9
page	470	40	26	40	33	8
page	471	40	34	40	40	7
page	472	40	41	40	49	9
page	473	40	50	40	58	9
page	474	40	59	40	66	8
page	475	40	67	40	77	11
page	476	40	78	40	85	8
page	477	41	1	41	11	11
page	478	41	12	41	20	9
page	479	41	21	41	29	9
page	480	41	30	41	38	9
page	481	41	39	41	46	8
page	482	41	47	41	54	8
page	483	42	1	42	10	10
page	484	42	11	42	15	5
page	485	42	16	42	22	7
page	486	42	23	42	31	9
page	487	42	32	42	44	13
page	488	42	45	42	51	7
page	489	42	52	43	10	12
page	490	43	11	43	22	12
page	491	43	23	43	33	11
page	492	43	34	43	47	14
page	493	43	48	43	60	13
page	494	43	61	43	73	13
page	495	43	74	43	89	16
page	496	44	1	44	18	18
page	497	44	19	44	39	21
page	498	44	40	44	59	20
page	499	45	1	45	13	13
page	500	45	14	45	22	9
page	501	45	23	45	32	10
page	502	45	33	46	5	10
page	503	46	6	46	14	9
page	504	46	15	46	20	6
page	505	46	21	46	28	8
page	506	46	29	46	35	7
page	507	47	1	47	11	11
page	508	47	12	47	19	8
page	509	47	20	47	29	10
page	510	47	30	47	38	9
page	511	48	1	48	9	9
page	512	48	10	48	15	6
page	513	48	16	48	23	8
page	514	48	24	48	28	5
page	515	48	29	49	4	5
page	516	49	5	49	11	7
page	517	49	12	49	18	7
page	518	50	1	50	15	15
page	519	50	16	50	35	20
page	520	50	36	51	6	16
page	521	51	7	51	30	24
page	522	51	31	51	51	21
page	523	51	52	52	14	23
page	524	52	15	52	31	17
page	525	52	32	52	49	18
page	526	53	1	53	26	26
page	527	53	27	53	44	18
page	528	53	45	54	6	24
page	529	54	7	54	27	21
page	530	54	28	54	49	22
page	531	54	50	55	16	22
page	532	55	17	55	40	24
page	533	55	41	55	67	27
page	534	55	68	56	16	27
page	535	56	17	56	50	34
page	536	56	51	56	76	26
page	537	56	77	57	3	23
page	538	57	4	57	11	8
page	539	57	12	57	18	7
page	540	57	19	57	24	6
page	541	57	25	57	29	5
page	542	58	1	58	6	6
page	543	58	7	58	11	5
page	544	58	12	58	21	10
page	545	58	22	59	3	4
page	546	59	4	59	9	6
page	547	59	10	59	16	7
page	548	59	17	59	24	8
page	549	60	1	60	5	5
page	550	60	6	60	11	6
page	551	60	12	61	5	7
page	552	61	6	61	14	9
page	553	62	1	62	8	8
page	554	62	9	63	4	7
page	555	63	5	63	11	7
page	556	64	1	64	9	9
page	557	64	10	64	18	9
page	558	65	1	65	5	5
page	559	65	6	65	12	7
page	560	66	1	66	7	7
page	561	66	8	66	12	5
page	562	67	1	67	12	12
page	563	67	13	67	26	14
page	564	67	27	68	15	19
page	565	68	16	68	42	27
page	566	68	43	69	8	18
page	567	69	9	69	34	26
page	568	69	35	70	10	28
page	569	70	11	70	39	29
page	570	70	40	71	10	15
page	571	71	11	71	28	18
page	572	72	1	72	13	13
page	573	72	14	72	28	15
page	574	73	1	73	19	19
page	575	73	20	74	17	18
page	576	74	18	74	47	30
page	577	74	48	75	19	28
page	578	75	20	76	5	26
page	579	76	6	76	25	20
page	580	76	26	77	19	25
page	581	77	20	77	50	31
page	582	78	1	78	30	30
page	583	78	31	79	15	25
page	584	79	16	79	46	31
page	585	80	1	80	42	42
page	586	81	1	81	29	29
page	587	82	1	83	6	25
page	588	83	7	83	34	28
page	589	83	35	84	25	27
page	590	85	1	85	22	22
page	591	86	1	87	15	32
page	592	87	16	88	26	30
page	593	89	1	89	23	23
page	594	89	24	90	20	27
page	595	91	1	92	14	29
page	596	92	15	94	8	26
page	597	95	1	96	19	27
page	598	97	1	98	7	12
page	599	98	8	100	9	18
page	600	100	10	102	8	21
page	601	103	1	105	5	17
page	602	106	1	108	3	14
page	603	109	1	111	5	14
page	604	112	1	114	6	15
