root_id	root	occurrences
0	آ م م	1
1	ا ب ب	1
2	ا ب د	28
3	ا ب ر	69
4	ا ب ق	1
5	ا ب ل	3
6	ا ب و	117
7	ا ب ي	13
8	ا ت ي	549
9	ا ث ث	2
10	ا ث ر	21
11	ا ث ل	1
12	ا ث م	48
13	ا ج ج	3
14	ا ج ر	108
15	ا ج ل	56
16	ا ح د	85
17	ا خ ذ	273
18	ا خ ر	250
19	ا خ و	96
20	ا د د	1
21	ا د م	25
22	ا د ي	6
23	ا ذ	239
24	ا ذ ا	454
25	ا ذ ن	102
26	ا ذ ي	24
27	ا ر ب	2
28	ا ر ض	461
29	ا ر ك	5
30	ا ر م	1
31	ا ز ر	3
32	ا ز ز	2
33	ا ز ف	3
34	ا س ر	49
35	ا س س	3
36	ا س ف	5
37	ا س م	12
38	ا س ن	1
39	ا س ي	7
40	ا ش ر	2
41	ا ص ر	3
42	ا ص ل	10
43	ا ف ف	3
44	ا ف ق	3
45	ا ف ك	30
46	ا ف ل	4
47	ا ك ل	109
48	ا ل ت	1
49	ا ل ف	22
50	ا ل ل	2
51	ا ل ل ا	711
52	ا ل ل ت	68
53	ا ل ل ذ	1385
54	ا ل ل ی	15
55	ا ل م	75
56	ا ل ه	2956
57	ا ل ه م	5
58	ا ل و	37
59	ا ل ي	745
60	ا م	122
61	ا م ت	1
62	ا م د	4
63	ا م ر	248
64	ا م س	4
65	ا م ل	2
66	ا م م	117
67	ا م م ا	87
68	ا م ن	878
69	ا م و	2
70	ا ن	1196
71	ا ن ا	68
72	ا ن ت	81
73	ا ن ت م	136
74	ا ن ث	30
75	ا ن س	97
76	ا ن ف	3
77	ا ن م	1
78	ا ن ن	1878
79	ا ن ن م	165
80	ا ن و	3
81	ا ن ي	33
82	ا ه ل	127
83	ا و	280
84	ا و ب	17
85	ا و د	1
86	ا و ل	170
87	ا و ل ا	254
88	ا و ه	2
89	ا و ي	36
90	ا ي	1
91	ا ي ا	382
92	ا ي ب	4
93	ا ي د	9
94	ا ي ك	4
95	ا ي م	1
96	ا ي ن	33
97	ا ي ي	239
98	ب	516
99	ب ا ب	1
100	ب ا ر	1
101	ب ا س	73
102	ب ت ر	1
103	ب ت ك	1
104	ب ت ل	2
105	ب ث ث	9
106	ب ج س	1
107	ب ح ث	1
108	ب ح ر	42
109	ب خ س	7
110	ب خ ع	2
111	ب خ ل	12
112	ب د ا	15
113	ب د ر	2
114	ب د ع	4
115	ب د ل	44
116	ب د ن	2
117	ب د و	31
118	ب ذ ر	3
119	ب ر ا	31
120	ب ر ج	7
121	ب ر ح	3
122	ب ر د	5
123	ب ر ر	32
124	ب ر ز	9
125	ب ر ز خ	3
126	ب ر ص	2
127	ب ر ق	11
128	ب ر ك	32
129	ب ر م	2
130	ب ر ه ن	8
131	ب ز غ	2
132	ب س ر	2
133	ب س س	2
134	ب س ط	25
135	ب س ق	1
136	ب س ل	2
137	ب س م	1
138	ب ش ر	123
139	ب ص ر	148
140	ب ص ل	1
141	ب ض ع	7
142	ب ط ا	1
143	ب ط ر	2
144	ب ط ش	10
145	ب ط ل	36
146	ب ط ن	25
147	ب ع ث	67
148	ب ع ث ر	2
149	ب ع د	235
150	ب ع ر	2
151	ب ع ض	158
152	ب ع ل	7
153	ب غ ت	13
154	ب غ ض	5
155	ب غ ل	1
156	ب غ ي	96
157	ب ق ر	9
158	ب ق ع	1
159	ب ق ل	1
160	ب ق ي	21
161	ب ك ر	12
162	ب ك ك	1
163	ب ك م	6
164	ب ك ي	7
165	ب ل	127
166	ب ل د	19
167	ب ل س	16
168	ب ل ع	1
169	ب ل غ	77
170	ب ل و	38
171	ب ل ي	22
172	ب م	2
173	ب م ا	308
174	ب ن ن	2
175	ب ن و	162
176	ب ن ي	22
177	ب ه ت	8
178	ب ه ج	3
179	ب ه ل	1
180	ب ه م	3
181	ب و ا	17
182	ب و ب	27
183	ب و ر	5
184	ب و ل	4
185	ب ي ت	73
186	ب ي د	1
187	ب ي ض	12
188	ب ي ع	15
189	ب ي ن	523
190	ت ا ب و	2
191	ت ب ب	4
192	ت ب ر	6
193	ت ب ع	174
194	ت ج ر	9
195	ت ح ت	51
196	ت ر ب	22
197	ت ر ف	8
198	ت ر ك	43
199	ت س ع	7
200	ت ع س	1
201	ت ف ث	1
202	ت ق ن	1
203	ت ل ك	43
204	ت ل ل	1
205	ت ل و	63
206	ت م م	22
207	ت ن و ر	2
208	ت و ب	87
209	ت و ر	2
210	ت و ر ا	18
211	ت ي ن	1
212	ت ي ه	1
213	ث ب ت	18
214	ث ب ر	5
215	ث ب ط	1
216	ث ب ي	1
217	ث ج ج	1
218	ث خ ن	2
219	ث ر ب	2
220	ث ر ي	1
221	ث ع ب	2
222	ث ق ب	2
223	ث ق ف	6
224	ث ق ل	28
225	ث ل ث	32
226	ث ل ل	3
227	ث م د	26
228	ث م ر	24
229	ث م م	342
230	ث م ن	19
231	ث ن ي	29
232	ث و ب	28
233	ث و ر	5
234	ث و ي	14
235	ث ي ب	1
236	ج ا ر	3
237	ج ب ب	2
238	ج ب ت	1
239	ج ب ر	13
240	ج ب ل	41
241	ج ب ن	1
242	ج ب ه	1
243	ج ب ي	11
244	ج ث ث	1
245	ج ث م	5
246	ج ث ي	3
247	ج ح د	12
248	ج ح م	26
249	ج د ث	3
250	ج د د	10
251	ج د ر	4
252	ج د ل	29
253	ج ذ ذ	2
254	ج ذ ع	3
255	ج ذ و	1
256	ج ر ح	4
257	ج ر د	2
258	ج ر ر	1
259	ج ر ز	2
260	ج ر ع	1
261	ج ر ف	1
262	ج ر م	66
263	ج ر ي	64
264	ج ز ا	3
265	ج ز ع	2
266	ج ز ي	118
267	ج س د	4
268	ج س س	1
269	ج س م	2
270	ج ع ل	346
271	ج ف ا	1
272	ج ف ن	1
273	ج ف و	1
274	ج ل ب	2
275	ج ل ت	3
276	ج ل د	13
277	ج ل س	1
278	ج ل ل	6
279	ج ل ي	1
280	ج م ح	1
281	ج م د	1
282	ج م ع	129
283	ج م ل	11
284	ج م م	1
285	ج ن ب	33
286	ج ن ح	34
287	ج ن د	29
288	ج ن ف	2
289	ج ن ن	201
290	ج ن ي	2
291	ج ه د	41
292	ج ه ر	16
293	ج ه ز	4
294	ج ه ل	24
295	ج ه ن م	77
296	ج و ب	44
297	ج و د	2
298	ج و ر	13
299	ج و ز	5
300	ج و س	1
301	ج و ع	5
302	ج و ف	1
303	ج و و	1
304	ج ي ا	277
305	ج ي ب	3
306	ج ي د	1
307	ح ب ب	95
308	ح ب ر	6
309	ح ب س	2
310	ح ب ط	16
311	ح ب ك	1
312	ح ب ل	7
313	ح ت ت ي	142
314	ح ت م	1
315	ح ث ث	1
316	ح ج ب	8
317	ح ج ج	33
318	ح ج ر	21
319	ح ج ز	2
320	ح د ب	1
321	ح د ث	36
322	ح د د	25
323	ح د ق	3
324	ح ذ ر	21
325	ح ر ب	11
326	ح ر ث	14
327	ح ر ج	15
328	ح ر د	1
329	ح ر ر	15
330	ح ر س	1
331	ح ر ص	4
332	ح ر ض	3
333	ح ر ف	6
334	ح ر ق	9
335	ح ر ك	1
336	ح ر م	83
337	ح ر ي	1
338	ح ز ب	20
339	ح ز ن	42
340	ح س ب	108
341	ح س د	5
342	ح س ر	12
343	ح س س	6
344	ح س م	1
345	ح س ن	194
346	ح ش ر	43
347	ح ص ب	5
348	ح ص ح ص	1
349	ح ص د	6
350	ح ص ر	6
351	ح ص ل	1
352	ح ص ن	18
353	ح ص ي	11
354	ح ض ر	25
355	ح ض ض	3
356	ح ط ب	2
357	ح ط ط	2
358	ح ط م	6
359	ح ظ ر	2
360	ح ظ ظ	7
361	ح ف د	1
362	ح ف ر	2
363	ح ف ظ	44
364	ح ف ف	2
365	ح ف ي	3
366	ح ق ب	2
367	ح ق ف	1
368	ح ق ق	287
369	ح ك م	210
370	ح ل ف	13
371	ح ل ق	2
372	ح ل ق م	1
373	ح ل ل	51
374	ح ل م	21
375	ح ل ي	9
376	ح م ا	4
377	ح م د	68
378	ح م ر	6
379	ح م ل	64
380	ح م م	21
381	ح م ي	6
382	ح ن ث	2
383	ح ن ج ر	2
384	ح ن ذ	1
385	ح ن ف	12
386	ح ن ك	1
387	ح ن ن	1
388	ح ن ي	1
389	ح و ب	1
390	ح و ت	5
391	ح و ج	3
392	ح و ذ	2
393	ح و ر	13
394	ح و ز	1
395	ح و ش	2
396	ح و ط	28
397	ح و ل	25
398	ح و ي	2
399	ح ي ث	31
400	ح ي د	1
401	ح ي ر	1
402	ح ي ص	5
403	ح ي ض	4
404	ح ي ف	1
405	ح ي ق	10
406	ح ي ن	35
407	ح ي ي	189
408	خ ب ا	1
409	خ ب ت	3
410	خ ب ث	16
411	خ ب ر	52
412	خ ب ز	1
413	خ ب ط	1
414	خ ب ل	2
415	خ ب و	1
416	خ ت ر	1
417	خ ت م	8
418	خ د د	2
419	خ د ع	5
420	خ د ن	2
421	خ ذ ل	3
422	خ ر ب	2
423	خ ر ج	182
424	خ ر د ل	2
425	خ ر ر	12
426	خ ر ص	5
427	خ ر ط م	1
428	خ ر ق	4
429	خ ز ن	13
430	خ ز ي	26
431	خ س ا	4
432	خ س ر	65
433	خ س ف	8
434	خ ش ب	1
435	خ ش ع	17
436	خ ش ي	48
437	خ ص ص	4
438	خ ص ف	2
439	خ ص م	18
440	خ ض د	1
441	خ ض ر	8
442	خ ض ع	2
443	خ ط ا	22
444	خ ط ب	12
445	خ ط ط	1
446	خ ط ف	7
447	خ ط و	5
448	خ ف ت	3
449	خ ف ض	4
450	خ ف ف	17
451	خ ف ي	34
452	خ ل د	87
453	خ ل ص	31
454	خ ل ط	6
455	خ ل ع	1
456	خ ل ف	127
457	خ ل ق	261
458	خ ل ل	13
459	خ ل و	28
460	خ م د	2
461	خ م ر	7
462	خ م س	8
463	خ م ص	2
464	خ م ط	1
465	خ ن ز ر	5
466	خ ن س	2
467	خ ن ق	1
468	خ و ر	2
469	خ و ض	12
470	خ و ف	124
471	خ و ل	8
472	خ و ن	16
473	خ و ي	5
474	خ ي ب	5
475	خ ي ر	196
476	خ ي ط	3
477	خ ي ل	9
478	خ ي م	1
479	د ا ب	6
480	د ب ب	18
481	د ب ر	44
482	د ث ر	1
483	د ح ر	4
484	د ح ض	4
485	د ح و	1
486	د خ ر	4
487	د خ ل	126
488	د خ ن	2
489	د ر ا	5
490	د ر ج	20
491	د ر ر	4
492	د ر س	8
493	د ر ك	12
494	د ر ه م	1
495	د ر ي	29
496	د س ر	1
497	د س س	2
498	د ع ع	3
499	د ع و	212
500	د ف ا	1
501	د ف ع	10
502	د ف ق	1
503	د ك ك	7
504	د ل ك	1
505	د ل ل	7
506	د ل و	5
507	د م د م	1
508	د م ر	10
509	د م ع	2
510	د م غ	1
511	د م ي	10
512	د ن ر	1
513	د ن و	133
514	د ه ر	2
515	د ه ق	1
516	د ه م	1
517	د ه ن	5
518	د ه ي	1
519	د و د	16
520	د و ر	55
521	د و ل	2
522	د و م	9
523	د و ن	144
524	د ي ن	101
525	ذ ا ب	3
526	ذ ا م	1
527	ذ ب ب	3
528	ذ ب ح	9
529	ذ خ ر	1
530	ذ ر ا	6
531	ذ ر ر	38
532	ذ ر ع	5
533	ذ ر و	3
534	ذ ع ن	1
535	ذ ق ن	3
536	ذ ك ر	292
537	ذ ك ي	1
538	ذ ل ك	480
539	ذ ل ل	24
540	ذ م م	5
541	ذ ن ب	39
542	ذ ه ب	56
543	ذ ه ل	1
544	ذ و	116
545	ذ و د	1
546	ذ و ق	63
547	ذ ي ع	1
548	ر ا س	18
549	ر ا ف	12
550	ر ا ي	328
551	ر ب ب	979
552	ر ب ح	1
553	ر ب ص	17
554	ر ب ط	5
555	ر ب ع	22
556	ر ب م ا	1
557	ر ب و	20
558	ر ت ع	1
559	ر ت ق	1
560	ر ت ل	4
561	ر ج ج	2
562	ر ج ز	10
563	ر ج س	10
564	ر ج ع	104
565	ر ج ف	8
566	ر ج ل	73
567	ر ج م	14
568	ر ج و	28
569	ر ح ب	4
570	ر ح ق	1
571	ر ح ل	4
572	ر ح م	562
573	ر خ و خ	1
574	ر د ا	1
575	ر د د	59
576	ر د ف	3
577	ر د م	1
578	ر د ي	6
579	ر ذ ل	4
580	ر ز ق	123
581	ر س خ	2
582	ر س س	2
583	ر س ل	512
584	ر س و	14
585	ر ش د	19
586	ر ص د	6
587	ر ص ص	1
588	ر ض ع	11
589	ر ض و	73
590	ر ط ب	2
591	ر ع ب	5
592	ر ع د	2
593	ر ع ي	10
594	ر غ ب	8
595	ر غ د	3
596	ر غ م	1
597	ر ف ت	2
598	ر ف ث	2
599	ر ف د	2
600	ر ف ر ف	1
601	ر ف ع	29
602	ر ف ق	5
603	ر ق ب	24
604	ر ق د	2
605	ر ق ق	1
606	ر ق م	3
607	ر ق ي	5
608	ر ك ب	15
609	ر ك د	1
610	ر ك ز	1
611	ر ك س	2
612	ر ك ض	3
613	ر ك ع	13
614	ر ك م	3
615	ر ك ن	4
616	ر م ح	1
617	ر م د	1
618	ر م ز	1
619	ر م ض	1
620	ر م م	2
621	ر م ن	3
622	ر م ي	9
623	ر ه ب	12
624	ر ه ط	3
625	ر ه ق	10
626	ر ه ن	3
627	ر ه و	1
628	ر و ح	57
629	ر و د	148
630	ر و ض	2
631	ر و ع	1
632	ر و غ	3
633	ر و م	1
634	ر ي ب	36
635	ر ي ش	1
636	ر ي ع	1
637	ر ي ن	1
638	ز ب د	3
639	ز ب ر	11
640	ز ب ن	1
641	ز ج ج	2
642	ز ج ر	6
643	ز ج و	3
644	ز ح ز ح	2
645	ز ح ف	1
646	ز خ ر ف	4
647	ز ر ب	1
648	ز ر ع	14
649	ز ر ق	1
650	ز ر ي	1
651	ز ع م	17
652	ز ف ر	3
653	ز ف ف	1
654	ز ق م	3
655	ز ك ر	7
656	ز ك و	59
657	ز ل ز ل	6
658	ز ل ف	10
659	ز ل ق	2
660	ز ل ل	4
661	ز ل م	2
662	ز م ر	2
663	ز م ل	1
664	ز م ه ر	1
665	ز ن ج ب ي ل	1
666	ز ن م	1
667	ز ن ي	9
668	ز ه د	1
669	ز ه ر	1
670	ز ه ق	5
671	ز و ج	81
672	ز و د	2
673	ز و ر	6
674	ز و ل	4
675	ز ي ت	7
676	ز ي د	62
677	ز ي غ	9
678	ز ي ل	10
679	ز ي ن	46
680	س ا ل	129
681	س ا م	3
682	س ب ا	2
683	س ب ب	11
684	س ب ت	9
685	س ب ح	92
686	س ب ط	5
687	س ب ع	28
688	س ب غ	2
689	س ب ق	37
690	س ب ل	176
691	س ت ت	8
692	س ت ر	3
693	س ج د	92
694	س ج ر	3
695	س ج ل	4
696	س ج ن	12
697	س ج و	1
698	س ح ب	11
699	س ح ت	4
700	س ح ر	63
701	س ح ق	19
702	س ح ل	1
703	س خ ر	42
704	س خ ط	4
705	س د	4
706	س د د	2
707	س د ر	4
708	س د س	5
709	س د ي	1
710	س ر ب	4
711	س ر ب ل	3
712	س ر ج	4
713	س ر ح	7
714	س ر د	1
715	س ر د ق	1
716	س ر ر	44
717	س ر ع	23
718	س ر ف	23
719	س ر ق	9
720	س ر م د	2
721	س ر و	8
722	س ط ح	1
723	س ط ر	16
724	س ط و	1
725	س ع د	2
726	س ع ر	19
727	س ع ي	30
728	س غ ب	1
729	س ف ح	4
730	س ف ر	12
731	س ف ع	1
732	س ف ك	2
733	س ف ل	10
734	س ف ن	4
735	س ف ه	11
736	س ق ر	4
737	س ق ط	8
738	س ق ف	4
739	س ق م	2
740	س ق ي	25
741	س ك ب	1
742	س ك ت	1
743	س ك ر	7
744	س ك ن	69
745	س ل ب	1
746	س ل ح	4
747	س ل خ	3
748	س ل س ب	1
749	س ل س ل	3
750	س ل ط	39
751	س ل ف	8
752	س ل ق	1
753	س ل ك	12
754	س ل ل	3
755	س ل م	157
756	س ل و	3
757	س م د	1
758	س م ر	4
759	س م ع	185
760	س م ك	1
761	س م م	4
762	س م ن	4
763	س م و	493
764	س ن ب ل	5
765	س ن د	1
766	س ن د س	3
767	س ن م	1
768	س ن ن	21
769	س ن ه	1
770	س ن و	20
771	س ه ر	1
772	س ه ل	1
773	س ه م	1
774	س ه و	2
775	س و ا	167
776	س و ح	1
777	س و د	10
778	س و ر	17
779	س و ط	1
780	س و ع	49
781	س و غ	3
782	س و ف	42
783	س و ق	17
784	س و ل	4
785	س و م	15
786	س و ي	83
787	س ي ب	1
788	س ي ح	3
789	س ي ر	27
790	س ي ل	4
791	س ي ن	2
792	ش ا م	3
793	ش ا ن	4
794	ش ب ه	12
795	ش ت ت	5
796	ش ت و	1
797	ش ج ر	27
798	ش ح ح	5
799	ش ح م	1
800	ش ح ن	3
801	ش خ ص	2
802	ش د د	102
803	ش ر ب	39
804	ش ر ح	5
805	ش ر د	1
806	ش ر ذ م	1
807	ش ر ر	31
808	ش ر ط	1
809	ش ر ع	5
810	ش ر ق	17
811	ش ر ك	168
812	ش ر ي	25
813	ش ط ا	2
814	ش ط ر	5
815	ش ط ط	3
816	ش ط ن	88
817	ش ع ب	13
818	ش ع ر	40
819	ش ع ل	1
820	ش غ ف	1
821	ش غ ل	2
822	ش ف ع	31
823	ش ف ق	11
824	ش ف ه	1
825	ش ف و	2
826	ش ف ي	6
827	ش ق ق	28
828	ش ق ي	12
829	ش ك ر	75
830	ش ك س	1
831	ش ك ك	15
832	ش ك ل	2
833	ش ك و	3
834	ش م ت	1
835	ش م خ	1
836	ش م ز	1
837	ش م س	33
838	ش م ل	12
839	ش ن ا	3
840	ش ه ب	5
841	ش ه د	160
842	ش ه ر	21
843	ش ه ق	2
844	ش ه و	13
845	ش و ب	1
846	ش و ر	4
847	ش و ظ	1
848	ش و ك	1
849	ش و ي	2
850	ش ي ا	519
851	ش ي ب	3
852	ش ي خ	4
853	ش ي د	2
854	ش ي ع	12
855	ص ب ا	3
856	ص ب ب	5
857	ص ب ح	45
858	ص ب ر	103
859	ص ب ع	2
860	ص ب غ	3
861	ص ب و	1
862	ص ب ي	2
863	ص ح ب	97
864	ص ح ف	9
865	ص خ خ	1
866	ص خ ر	3
867	ص د د	42
868	ص د ر	46
869	ص د ع	5
870	ص د ف	5
871	ص د ق	155
872	ص د ي	2
873	ص ر ح	4
874	ص ر خ	5
875	ص ر ر	6
876	ص ر ص ر	3
877	ص ر ط	45
878	ص ر ع	1
879	ص ر ف	30
880	ص ر م	3
881	ص ع د	9
882	ص ع ر	1
883	ص ع ق	11
884	ص غ ر	13
885	ص غ ي	2
886	ص ف ح	8
887	ص ف د	2
888	ص ف ر	5
889	ص ف ص ف	1
890	ص ف ف	14
891	ص ف ن	1
892	ص ف و	18
893	ص ك ك	1
894	ص ل ب	8
895	ص ل ح	180
896	ص ل د	1
897	ص ل ص ل	4
898	ص ل و	14
899	ص ل ي	25
900	ص م ت	1
901	ص م د	1
902	ص م ع	1
903	ص م م	15
904	ص ن ع	20
905	ص ن م	5
906	ص ن و	2
907	ص ه ر	2
908	ص و ب	77
909	ص و ت	8
910	ص و ر	19
911	ص و ع	1
912	ص و ف	1
913	ص و م	14
914	ص ي ح	13
915	ص ي د	6
916	ص ي ر	29
917	ص ي ص	1
918	ص ي ف	1
919	ض ا ن	1
920	ض ب ح	1
921	ض ج ع	3
922	ض ح ك	10
923	ض ح و	7
924	ض د د	1
925	ض ر ب	58
926	ض ر ر	74
927	ض ر ع	8
928	ض ع ف	52
929	ض غ ث	3
930	ض غ ن	2
931	ض ف د ع	1
932	ض ل ل	191
933	ض م ر	1
934	ض م م	2
935	ض ن ك	1
936	ض ن ن	1
937	ض ه ي	1
938	ض و ا	6
939	ض و ر	1
940	ض ي ز	1
941	ض ي ع	10
942	ض ي ف	6
943	ض ي ق	13
944	ط ب ع	11
945	ط ب ق	4
946	ط ح ا	1
947	ط ر ح	1
948	ط ر د	5
949	ط ر ف	11
950	ط ر ق	11
951	ط ر ي	2
952	ط ع م	48
953	ط ع ن	2
954	ط غ و	39
955	ط ف ا	3
956	ط ف ف	1
957	ط ف ق	3
958	ط ف ل	4
959	ط ل ب	4
960	ط ل ت	2
961	ط ل ح	1
962	ط ل ع	19
963	ط ل ق	23
964	ط ل ل	1
965	ط م ث	2
966	ط م س	5
967	ط م ع	12
968	ط م م	1
969	ط م ن	13
970	ط ه ر	31
971	ط و د	1
972	ط و ر	11
973	ط و ع	129
974	ط و ف	41
975	ط و ق	4
976	ط و ل	10
977	ط و ي	5
978	ط ي ب	50
979	ط ي ر	29
980	ط ي ن	12
981	ظ ع ن	1
982	ظ ف ر	2
983	ظ ل ل	33
984	ظ ل م	315
985	ظ م ا	3
986	ظ ن ن	69
987	ظ ه ر	59
988	ع ب ا	1
989	ع ب ث	2
990	ع ب د	275
991	ع ب ر	9
992	ع ب س	3
993	ع ب ق ر	1
994	ع ت ب	5
995	ع ت د	16
996	ع ت ق	2
997	ع ت و	12
998	ع ث ر	2
999	ع ث و	5
1000	ع ج ب	27
1001	ع ج ز	26
1002	ع ج ف	2
1003	ع ج ل	47
1004	ع ج م	4
1005	ع د د	57
1006	ع د س	1
1007	ع د ل	28
1008	ع د ن	11
1009	ع د و	106
1010	ع ذ ب	373
1011	ع ذ ر	12
1012	ع ر ب	22
1013	ع ر ج	9
1014	ع ر ج و	1
1015	ع ر ر	2
1016	ع ر ش	32
1017	ع ر ض	79
1018	ع ر ف	71
1019	ع ر م	1
1020	ع ر و	3
1021	ع ر ي	3
1022	ع ز ب	2
1023	ع ز ر	4
1024	ع ز ز	119
1025	ع ز ل	10
1026	ع ز م	9
1027	ع ز ي	1
1028	ع س ر	12
1029	ع س ع س	1
1030	ع س ل	1
1031	ع س ي	30
1032	ع ش ر	27
1033	ع ش ي	14
1034	ع ص ب	5
1035	ع ص ر	5
1036	ع ص ف	7
1037	ع ص م	13
1038	ع ص و	12
1039	ع ص ي	32
1040	ع ض د	2
1041	ع ض ض	2
1042	ع ض ل	2
1043	ع ض و	1
1044	ع ط ف	1
1045	ع ط ل	2
1046	ع ط و	14
1047	ع ظ م	127
1048	ع ف ر	1
1049	ع ف ف	4
1050	ع ف و	35
1051	ع ق ب	80
1052	ع ق د	7
1053	ع ق ر	8
1054	ع ق ل	49
1055	ع ق م	4
1056	ع ك ف	9
1057	ع ل ق	7
1058	ع ل م	854
1059	ع ل ن	16
1060	ع ل و	70
1061	ع ل ي	1442
1062	ع م د	7
1063	ع م ر	27
1064	ع م ق	1
1065	ع م ل	360
1066	ع م م	6
1067	ع م م ا	47
1068	ع م ه	7
1069	ع م ي	33
1070	ع ن	417
1071	ع ن ب	11
1072	ع ن ت	4
1073	ع ن د	201
1074	ع ن ق	9
1075	ع ن ك ب	2
1076	ع ن ي	1
1077	ع ه د	46
1078	ع ه ن	2
1079	ع و ج	9
1080	ع و د	63
1081	ع و ذ	17
1082	ع و ر	4
1083	ع و ق	1
1084	ع و ل	3
1085	ع و م	9
1086	ع و ن	11
1087	ع ي ب	1
1088	ع ي ر	3
1089	ع ي س	25
1090	ع ي ش	8
1091	ع ي ن	65
1092	ع ي ي	2
1093	غ ب ر	8
1094	غ ب ن	1
1095	غ ث ا	2
1096	غ د ر	2
1097	غ د ق	1
1098	غ د و	16
1099	غ ر ب	19
1100	غ ر ر	27
1101	غ ر ف	7
1102	غ ر ق	23
1103	غ ر م	6
1104	غ ر و	2
1105	غ ز ل	1
1106	غ ز و	1
1107	غ س ق	4
1108	غ س ل	4
1109	غ ش ي	29
1110	غ ص ب	1
1111	غ ص ص	1
1112	غ ض ب	24
1113	غ ض ض	4
1114	غ ط ش	1
1115	غ ط ي	2
1116	غ ف ر	234
1117	غ ف ل	35
1118	غ ل ب	31
1119	غ ل ظ	13
1120	غ ل ف	2
1121	غ ل ق	1
1122	غ ل ل	16
1123	غ ل م	13
1124	غ ل و	2
1125	غ ل ي	2
1126	غ م ر	4
1127	غ م ز	1
1128	غ م ض	1
1129	غ م م	11
1130	غ ن م	9
1131	غ ن ي	73
1132	غ و ث	5
1133	غ و ر	4
1134	غ و ص	2
1135	غ و ط	2
1136	غ و ل	1
1137	غ و ي	22
1138	غ ي ب	60
1139	غ ي ث	4
1140	غ ي ر	154
1141	غ ي ض	2
1142	غ ي ظ	11
1143	ف ا د	16
1144	ف ا و	11
1145	ف ت ا	1
1146	ف ت ح	38
1147	ف ت ر	3
1148	ف ت ق	1
1149	ف ت ل	3
1150	ف ت ن	60
1151	ف ت ي	21
1152	ف ج ج	3
1153	ف ج ر	24
1154	ف ج و	1
1155	ف ح ش	24
1156	ف خ ر	6
1157	ف د ي	13
1158	ف ر ت	3
1159	ف ر ث	1
1160	ف ر ج	9
1161	ف ر ح	22
1162	ف ر د	5
1163	ف ر د س	2
1164	ف ر ر	11
1165	ف ر ش	6
1166	ف ر ض	18
1167	ف ر ط	8
1168	ف ر ع	75
1169	ف ر غ	6
1170	ف ر ق	72
1171	ف ر ه	1
1172	ف ر ي	60
1173	ف ز ز	3
1174	ف ز ع	6
1175	ف س ح	3
1176	ف س د	50
1177	ف س ر	1
1178	ف س ق	54
1179	ف ش ل	4
1180	ف ص ح	1
1181	ف ص ل	43
1182	ف ص م	1
1183	ف ض ح	1
1184	ف ض ض	9
1185	ف ض ل	104
1186	ف ض ي	1
1187	ف ط ر	20
1188	ف ظ ظ	1
1189	ف ع ل	108
1190	ف ق د	3
1191	ف ق ر	14
1192	ف ق ع	1
1193	ف ق ه	20
1194	ف ك ر	18
1195	ف ك ك	2
1196	ف ك ه	19
1197	ف ل ح	40
1198	ف ل ق	4
1199	ف ل ك	25
1200	ف ل ن	1
1201	ف ن د	1
1202	ف ن ن	1
1203	ف ن ي	1
1204	ف ه م	1
1205	ف و ت	5
1206	ف و ج	5
1207	ف و ر	4
1208	ف و ز	29
1209	ف و ض	1
1210	ف و ق	43
1211	ف و م	1
1212	ف و ه	13
1213	ف ي	1701
1214	ف ي ا	7
1215	ف ي ض	9
1216	ف ي ل	1
1217	ق ب ح	1
1218	ق ب ر	8
1219	ق ب س	3
1220	ق ب ض	9
1221	ق ب ل	294
1222	ق ت ر	5
1223	ق ت ل	170
1224	ق ث ا	1
1225	ق ح م	2
1226	ق د	405
1227	ق د ح	1
1228	ق د د	5
1229	ق د ر	132
1230	ق د س	10
1231	ق د م	48
1232	ق د و	2
1233	ق ذ ف	9
1234	ق ر ا	88
1235	ق ر ب	96
1236	ق ر ح	3
1237	ق ر د	3
1238	ق ر ر	38
1239	ق ر ش	1
1240	ق ر ض	13
1241	ق ر ط س	2
1242	ق ر ع	5
1243	ق ر ف	5
1244	ق ر ن	40
1245	ق ر ي	57
1246	ق س ر	1
1247	ق س س	1
1248	ق س ط	25
1249	ق س ط س	2
1250	ق س م	33
1251	ق س و	7
1252	ق ش ع ر	1
1253	ق ص د	6
1254	ق ص ر	11
1255	ق ص ص	30
1256	ق ص ف	1
1257	ق ص م	1
1258	ق ص و	5
1259	ق ض ب	1
1260	ق ض ض	1
1261	ق ض ي	63
1262	ق ط ر	5
1263	ق ط ط	1
1264	ق ط ع	36
1265	ق ط ف	2
1266	ق ط م ر	1
1267	ق ع د	31
1268	ق ع ر	1
1269	ق ف ل	1
1270	ق ف و	5
1271	ق ل ب	168
1272	ق ل د	4
1273	ق ل ع	1
1274	ق ل ل	76
1275	ق ل م	4
1276	ق ل ي	2
1277	ق م ح	1
1278	ق م ر	27
1279	ق م ص	6
1280	ق م ط ر	1
1281	ق م ع	1
1282	ق م ل	1
1283	ق ن ت	13
1284	ق ن ط	6
1285	ق ن ط ر	4
1286	ق ن ع	2
1287	ق ن و	1
1288	ق ن ي	1
1289	ق ه ر	10
1290	ق و ب	1
1291	ق و ت	2
1292	ق و س	1
1293	ق و ع	2
1294	ق و ل	1721
1295	ق و م	660
1296	ق و ي	42
1297	ق ي ض	2
1298	ق ي ل	2
1299	ك ا س	6
1300	ك ا ن	32
1301	ك ا ن ن م ا	6
1302	ك ا ي ن	7
1303	ك ب ب	2
1304	ك ب ت	3
1305	ك ب د	1
1306	ك ب ر	161
1307	ك ب ك ب	1
1308	ك ت ب	319
1309	ك ت م	21
1310	ك ث ب	1
1311	ك ث ر	167
1312	ك د ح	2
1313	ك د ر	1
1314	ك د ي	1
1315	ك ذ ب	282
1316	ك ر ب	4
1317	ك ر ر	6
1318	ك ر س	2
1319	ك ر م	47
1320	ك ر ه	41
1321	ك س ب	67
1322	ك س د	1
1323	ك س ف	5
1324	ك س ل	2
1325	ك س و	5
1326	ك ش ط	1
1327	ك ش ف	20
1328	ك ظ م	6
1329	ك ع ب	4
1330	ك ف ا	1
1331	ك ف ت	1
1332	ك ف ر	525
1333	ك ف ف	15
1334	ك ف ل	10
1335	ك ف ي	33
1336	ك ل ا	1
1337	ك ل ب	6
1338	ك ل ح	1
1339	ك ل ف	8
1340	ك ل ل	410
1341	ك ل م	75
1342	ك ل ي	2
1343	ك م	21
1344	ك م ا	59
1345	ك م ل	5
1346	ك م م	2
1347	ك م ه	2
1348	ك ن د	1
1349	ك ن ز	9
1350	ك ن س	1
1351	ك ن ن	12
1352	ك ه ف	6
1353	ك ه ل	2
1354	ك ه ن	2
1355	ك و ب	4
1356	ك و د	24
1357	ك و ر	3
1358	ك و ك ب	5
1359	ك و ن	1390
1360	ك و ي	1
1361	ك ي	10
1362	ك ي د	35
1363	ك ي ف	83
1364	ك ي ل	16
1365	ك ي ن	2
1366	ل	1394
1367	ل ا	1727
1368	ل ا ل ا	6
1369	ل ا ن	62
1370	ل ب ب	16
1371	ل ب ث	31
1372	ل ب د	2
1373	ل ب س	23
1374	ل ب ن	2
1375	ل ج ا	3
1376	ل ج ج	4
1377	ل ح د	6
1378	ل ح ف	1
1379	ل ح ق	6
1380	ل ح م	12
1381	ل ح ن	1
1382	ل ح ي	1
1383	ل د د	2
1384	ل د ن	18
1385	ل د ي	22
1386	ل ذ ذ	3
1387	ل ز ب	1
1388	ل ز م	5
1389	ل س ن	25
1390	ل ط ف	8
1391	ل ظ ي	2
1392	ل ع ب	20
1393	ل ع ل ل	129
1394	ل ع ن	41
1395	ل غ ب	2
1396	ل غ و	11
1397	ل ف ت	3
1398	ل ف ح	1
1399	ل ف ظ	1
1400	ل ف ف	3
1401	ل ف ي	3
1402	ل ق ب	1
1403	ل ق ح	1
1404	ل ق ط	2
1405	ل ق ف	3
1406	ل ق م	1
1407	ل ق م ا ن	2
1408	ل ق ي	146
1409	ل ك ن	130
1410	ل م	367
1411	ل م ا	42
1412	ل م ح	2
1413	ل م ز	4
1414	ل م س	5
1415	ل م م	2
1416	ل م م ا	165
1417	ل ن	106
1418	ل ه ب	3
1419	ل ه ث	2
1420	ل ه م	1
1421	ل ه و	16
1422	ل و	201
1423	ل و ت	3
1424	ل و ح	6
1425	ل و ذ	1
1426	ل و ط	27
1427	ل و ل ا	75
1428	ل و م	14
1429	ل و ن	9
1430	ل و ي	6
1431	ل ي ت	14
1432	ل ي س	89
1433	ل ي ل	92
1434	ل ي ن	5
1435	م ا	1743
1436	م ا ذ ا	27
1437	م ا ل	4
1438	م ا ي	10
1439	م ت ع	70
1440	م ت ن	3
1441	م ت ي	9
1442	م ث ل	169
1443	م ج ج	2
1444	م ج د	4
1445	م ج س	1
1446	م ح ص	2
1447	م ح ق	2
1448	م ح ل	1
1449	م ح ن	2
1450	م ح و	3
1451	م خ ر	2
1452	م خ ض	1
1453	م د د	32
1454	م د ن	17
1455	م د ي ن	10
1456	م ر ا	38
1457	م ر ت	1
1458	م ر ج	6
1459	م ر ح	3
1460	م ر د	5
1461	م ر ر	35
1462	م ر ض	24
1463	م ر و	1
1464	م ر ي	20
1465	م ر ي م	34
1466	م ز ج	3
1467	م ز ق	4
1468	م ز ن	1
1469	م س ح	15
1470	م س خ	1
1471	م س د	1
1472	م س س	61
1473	م س ك	27
1474	م س ي	1
1475	م ش ج	1
1476	م ش ي	23
1477	م ص ر	5
1478	م ض غ	3
1479	م ض ي	5
1480	م ط ر	15
1481	م ط و	1
1482	م ع	164
1483	م ع ز	1
1484	م ع ن	1
1485	م ع ي	1
1486	م ق ت	6
1487	م ك ث	7
1488	م ك ر	43
1489	م ك ك	1
1490	م ك ل	1
1491	م ك ن	18
1492	م ك و	1
1493	م ل ا	40
1494	م ل ح	2
1495	م ل ق	2
1496	م ل ك	206
1497	م ل ل	18
1498	م ل و	10
1499	م م ا	123
1500	م ن	3937
1501	م ن ع	17
1502	م ن ن	27
1503	م ن ي	22
1504	م ه د	16
1505	م ه ل	6
1506	م ه م ا	1
1507	م ه ن	4
1508	م و ت	165
1509	م و ج	7
1510	م و ر	3
1511	م و س	136
1512	م و ل	86
1513	م و ه	63
1514	م ي د	5
1515	م ي ر	1
1516	م ي ز	4
1517	م ي ل	6
1518	ن ا ي	3
1519	ن ب ا	160
1520	ن ب ت	26
1521	ن ب ذ	12
1522	ن ب ز	1
1523	ن ب ط	1
1524	ن ب ع	2
1525	ن ت ق	1
1526	ن ث ر	3
1527	ن ج د	1
1528	ن ج س	1
1529	ن ج ل	12
1530	ن ج م	13
1531	ن ج و	84
1532	ن ح ب	1
1533	ن ح ت	4
1534	ن ح ر	1
1535	ن ح س	3
1536	ن ح ل	2
1537	ن ح ن	86
1538	ن خ ر	1
1539	ن خ ل	20
1540	ن د د	6
1541	ن د م	7
1542	ن د ي	53
1543	ن ذ ر	130
1544	ن ز ع	20
1545	ن ز غ	6
1546	ن ز ف	2
1547	ن ز ل	293
1548	ن س ا	2
1549	ن س ب	3
1550	ن س خ	4
1551	ن س ر	1
1552	ن س ف	5
1553	ن س ك	7
1554	ن س ل	4
1555	ن س و	59
1556	ن س ي	45
1557	ن ش ا	28
1558	ن ش ر	21
1559	ن ش ز	5
1560	ن ش ط	2
1561	ن ص ب	32
1562	ن ص ت	2
1563	ن ص ح	13
1564	ن ص ر	158
1565	ن ص ف	7
1566	ن ص و	4
1567	ن ض ج	1
1568	ن ض خ	1
1569	ن ض د	3
1570	ن ض ر	3
1571	ن ط ح	1
1572	ن ط ف	12
1573	ن ط ق	12
1574	ن ظ ر	129
1575	ن ع ج	4
1576	ن ع س	2
1577	ن ع ق	1
1578	ن ع ل	1
1579	ن ع م	144
1580	ن غ ض	1
1581	ن ف ث	1
1582	ن ف ح	1
1583	ن ف خ	20
1584	ن ف د	5
1585	ن ف ذ	3
1586	ن ف ر	18
1587	ن ف س	297
1588	ن ف ش	2
1589	ن ف ع	50
1590	ن ف ق	111
1591	ن ف ل	4
1592	ن ف ي	1
1593	ن ق ب	3
1594	ن ق ذ	5
1595	ن ق ر	4
1596	ن ق ص	10
1597	ن ق ض	9
1598	ن ق ع	1
1599	ن ق م	17
1600	ن ك ب	2
1601	ن ك ث	7
1602	ن ك ح	23
1603	ن ك د	1
1604	ن ك ر	37
1605	ن ك س	3
1606	ن ك ص	2
1607	ن ك ف	3
1608	ن ك ل	5
1609	ن م ر ق	1
1610	ن م ل	4
1611	ن م م	1
1612	ن ه ج	1
1613	ن ه ر	113
1614	ن ه ي	56
1615	ن و ا	1
1616	ن و ب	18
1617	ن و ح	43
1618	ن و ر	194
1619	ن و س	241
1620	ن و ش	1
1621	ن و ص	1
1622	ن و ق	7
1623	ن و م	9
1624	ن و ن	1
1625	ن و ي	1
1626	ن ي ل	12
1627	ه ا ا	1
1628	ه ا ت	4
1629	ه ا ت ي	1
1630	ه ا ذ	274
1631	ه ا ك	1
1632	ه ا ه	4
1633	ه ب ط	8
1634	ه ب و	2
1635	ه ج د	1
1636	ه ج ر	31
1637	ه ج ع	1
1638	ه د د	1
1639	ه د م	1
1640	ه د ه د	1
1641	ه د ي	316
1642	ه ر ب	1
1643	ه ر ت	1
1644	ه ر ع	2
1645	ه ر ن	20
1646	ه ز ا	34
1647	ه ز ز	5
1648	ه ز ل	1
1649	ه ز م	3
1650	ه ش ش	1
1651	ه ش م	2
1652	ه ض م	2
1653	ه ط ع	3
1654	ه ل	93
1655	ه ل ع	1
1656	ه ل ك	68
1657	ه ل ل	5
1658	ه ل م	2
1659	ه م	444
1660	ه م د	1
1661	ه م ر	1
1662	ه م ز	3
1663	ه م س	1
1664	ه م م	9
1665	ه م ن	6
1666	ه ن	7
1667	ه ن ك	9
1668	ه ن ي	4
1669	ه و	479
1670	ه و د	21
1671	ه و ر	2
1672	ه و ن	26
1673	ه و ي	38
1674	ه ي	63
1675	ه ي ا	4
1676	ه ي ت	1
1677	ه ي ج	2
1678	ه ي ل	1
1679	ه ي م	2
1680	ه ي م ن	2
1681	ه ي ه	1
1682	ه ي ه ا	2
1683	و ا د	1
1684	و ا ل	1
1685	و ب ر	1
1686	و ب ق	2
1687	و ب ل	8
1688	و ت د	3
1689	و ت ر	3
1690	و ت ن	1
1691	و ث ق	34
1692	و ث ن	3
1693	و ج ب	1
1694	و ج د	107
1695	و ج س	3
1696	و ج ف	2
1697	و ج ل	5
1698	و ج ه	78
1699	و ح د	68
1700	و ح ش	1
1701	و ح ي	78
1702	و د د	29
1703	و د ع	4
1704	و د ق	2
1705	و د ي	12
1706	و ذ ر	45
1707	و ر ث	35
1708	و ر د	11
1709	و ر ق	4
1710	و ر ي	32
1711	و ز ر	27
1712	و ز ع	5
1713	و ز ن	23
1714	و س ط	5
1715	و س ع	32
1716	و س ق	2
1717	و س ل	2
1718	و س م	2
1719	و س ن	1
1720	و س و س	5
1721	و ش ي	1
1722	و ص ب	2
1723	و ص د	3
1724	و ص ف	14
1725	و ص ل	97
1726	و ص ي	32
1727	و ض ع	26
1728	و ض ن	1
1729	و ط ا	6
1730	و ط ر	2
1731	و ط ن	1
1732	و ع د	151
1733	و ع ظ	25
1734	و ع ي	7
1735	و ف د	1
1736	و ف ر	1
1737	و ف ض	1
1738	و ف ق	4
1739	و ف ي	66
1740	و ق ب	1
1741	و ق ت	13
1742	و ق د	11
1743	و ق ذ	1
1744	و ق ر	9
1745	و ق ع	24
1746	و ق ف	4
1747	و ق ي	258
1748	و ك ا	11
1749	و ك د	1
1750	و ك ز	1
1751	و ك ل	69
1752	و ل ج	14
1753	و ل د	102
1754	و ل ي	230
1755	و ن ي	1
1756	و ه ب	25
1757	و ه ج	1
1758	و ه ن	9
1759	و ه ي	1
1760	و ي ك	2
1761	و ي ل	40
1762	ي ا س	13
1763	ي ب س	4
1764	ي ت م	23
1765	ي ج ج	2
1766	ي د ي	122
1767	ي س ر	44
1768	ي س ع	2
1769	ي س ف	27
1770	ي ع ق	17
1771	ي غ ث	1
1772	ي ق ت	1
1773	ي ق ط ن	1
1774	ي ق ظ	1
1775	ي ق ن	28
1776	ي م م	11
1777	ي م ن	71
1778	ي ن س	4
1779	ي ن ع	1
1780	ي ه د	9
1781	ي و م	475
