verse_index,verse_id,english,chapter_number,verse_number
1,1:1,The Hebrew word rendered “God” is “ אֱלֹהִ֑ים ” (Elohim).,1,1
29,1:29,"“Behold”, from “ הִנֵּה ”, means look at, take notice, observe, see, or gaze at. It is often used as an interjection.",1,29
35,2:4,"When rendered in ALL CAPITAL LETTERS, “LORD” or “GOD” is the translation of God’s Proper Name (Hebrew “ יהוה ”, usually pronounced Yahweh).",2,4
43,2:12,"or, aromatic resin",2,12
49,2:18,"or, suitable for, or appropriate for.",2,18
80,3:24,"cherubim are powerful angelic creatures, messengers of God with wings. See Ezekiel 10.",3,24
81,4:1,"or, lay with, or, had relations with or, became pregnant",4,1
108,5:2,"“Adam” and “Man” are spelled with the exact same consonants in Hebrew, so this can be correctly translated either way.",5,2
142,6:4,"or, giants",6,4
153,6:15,"A cubit is the length from the tip of the middle finger to the elbow on a man’s arm, or about 18 inches or 46 centimeters.",6,15
180,7:20,"A cubit is the length from the tip of the middle finger to the elbow on a man’s arm, or about 18 inches or 46 centimeters.",7,20
269,11:2,LXX reads “from the east”.,11,2
306,12:7,"or, seed",12,7
307,12:8,LORD or GOD in all caps is from the Hebrew יהוה Yahweh except when otherwise noted as being from the short form יה Yah.,12,8
363,15:2,The word translated “Lord” is “Adonai”.,15,2
396,16:14,Beer Lahai Roi means “well of the one who lives and sees me”.,16,14
417,17:19,Isaac means “he laughs”.,17,19
431,18:6,1 seah is about 7 liters or 1.9 gallons or 0.8 pecks,18,6
480,19:22,Zoar means “little”.,19,22
517,21:3,Isaac means “He laughs”.,21,3
545,21:31,Beersheba can mean “well of the oath” or “well of seven”.,21,31
547,21:33,LORD or GOD in all caps is from the Hebrew יהוה Yahweh except when otherwise noted as being from the short form יה Yah.,21,33
562,22:14,"or, the LORD Jireh, or, the LORD Seeing",22,14
587,23:15,"A shekel is about 10 grams, so 400 shekels would be about 4 kg. or 8.8 pounds.",23,15
614,24:22,A shekel is about 10 grams or about 0.35 ounces.,24,22
689,25:30,“Edom” means “red”.,25,30
712,26:19,"Or, living. Or, fresh.",26,19
713,26:20,“Esek” means “contention”.,26,20
714,26:21,“Sitnah” means “hostility”.,26,21
715,26:22,“Rehoboth” means “broad places”.,26,22
726,26:33,Shibah means “oath” or “seven”. Beersheba means “well of the oath” or “well of the seven”,26,33
855,30:24,Joseph means “may he add”.,30,24
893,31:19,teraphim were household idols that may have been associated with inheritance rights to the household property.,31,19
921,31:47,“Jegar Sahadutha” means “Witness Heap” in Aramaic. “Galeed” means “Witness Heap” in Hebrew.,31,47
931,32:2,“Mahanaim” means “two camps”.,32,2
959,32:30,Peniel means “face of God”.,32,30
978,33:17,succoth means shelters or booths.,33,17
981,33:20,"El Elohe Israel means “God, the God of Israel” or “The God of Israel is mighty”.",33,20
998,34:17,"Hebrew has, literally, “daughter”",34,17
1030,35:18,“Benoni” means “son of my trouble”. “Benjamin” means “son of my right hand”.,35,18
1119,37:35,Sheol is the place of the dead.,37,35
1149,38:29,Perez means “breaking out”.,38,29
1150,38:30,Zerah means “scarlet” or “brightness”.,38,30
1247,41:51,“Manasseh” sounds like the Hebrew for “forget”.,41,51
1248,41:52,“Ephraim” sounds like the Hebrew for “twice fruitful”.,41,52
1291,42:38,Sheol is the place of the dead.,42,38
1354,44:29,Sheol is the place of the dead.,44,29
1356,44:31,Sheol is the place of the dead.,44,31
1542,1:9,"“Behold”, from “ הִנֵּה ”, means look at, take notice, observe, see, or gaze at. It is often used as an interjection.",51,9
1550,1:17,The Hebrew word rendered “God” is “ אֱלֹהִ֑ים ” (Elohim).,51,17
1565,2:10,“Moses” sounds like the Hebrew for “draw out”.,52,10
1577,2:22,“Gershom” sounds like the Hebrew for “an alien there”.,52,22
1582,3:2,"When rendered in ALL CAPITAL LETTERS, “LORD” or “GOD” is the translation of God’s Proper Name (Hebrew “ יהוה ”, usually pronounced Yahweh).",53,2
1595,3:15,LORD or GOD in all caps is from the Hebrew יהוה Yahweh except when otherwise noted as being from the short form יה Yah.,53,15
1612,4:10,The word translated “Lord” is “Adonai”.,54,10
1659,6:3,LORD or GOD in all caps is from the Hebrew יהוה Yahweh except when otherwise noted as being from the short form יה Yah.,56,3
1797,10:19,"“Red Sea” is the translation for the Hebrew “Yam Suf”, which could be more literally translated “Sea of Reeds” or “Sea of Cattails”. It refers to the body of water currently known as the Red Sea, or possibly to one of the bodies of water connected to it or near it.",60,19
1898,14:8,"or, defiantly.",64,8
1922,15:1,LORD or GOD in all caps is from the Hebrew יהוה Yahweh except when otherwise noted as being from the short form יה Yah.,65,1
1923,15:2,Hebrew: יה Yah,65,2
1924,15:3,LORD or GOD in all caps is from the Hebrew יהוה Yahweh except when otherwise noted as being from the short form יה Yah.,65,3
1944,15:23,Marah means bitter.,65,23
1964,16:16,An omer is about 2.2 liters or about 2.3 quarts,66,16
1979,16:31,“Manna” means “What is it?”,66,31
1984,16:36,1 ephah is about 22 liters or about 2/3 of a bushel,66,36
1991,17:7,Massah means testing. Meribah means quarreling.,67,7
1999,17:15,"Or, The LORD Nissi. LORD or GOD in all caps is from the Hebrew יהוה Yahweh except when otherwise noted as being from the short form יה Yah.",67,15
2000,17:16,Hebrew: יה Yah LORD or GOD in all caps is from the Hebrew יהוה Yahweh except when otherwise noted as being from the short form יה Yah.,67,16
2003,18:3,“Gershom” sounds like the Hebrew for “an alien there”.,68,3
2004,18:4,Eliezer means “God is my helper”.,68,4
2053,20:1,"After “God”, the Hebrew has the two letters “Aleph Tav” (the first and last letters of the Hebrew alphabet), not as a word, but as a grammatical marker.",70,1
2059,20:7,"LORD or GOD in all caps is from the Hebrew יהוה Yahweh except when otherwise noted as being from the short form יה Yah. or, You shall not take the name of the LORD your God in vain",70,7
2110,21:32,"A shekel is about 10 grams or about 0.35 ounces, so 30 shekels is about 300 grams or about 10.6 ounces.",71,32
2188,24:10,"or, lapis lazuli",74,10
2201,25:5,"or, fine leather",75,5
2206,25:10,"A cubit is the length from the tip of the middle finger to the elbow on a man’s arm, or about 18 inches or 46 centimeters.",75,10
2235,25:39,A talent is about 30 kilograms or 66 pounds or 965 Troy ounces,75,39
2238,26:2,"A cubit is the length from the tip of the middle finger to the elbow on a man’s arm, or about 18 inches or 46 centimeters.",76,2
2274,27:1,"A cubit is the length from the tip of the middle finger to the elbow on a man’s arm, or about 18 inches or 46 centimeters. The altar was to be about 2.3×2.3×1.4 meters or about 7½×7½×4½ feet.",77,1
2310,28:16,"A span is the length from the tip of a man’s thumb to the tip of his little finger when his hand is stretched out (about half a cubit, or 9 inches, or 22.8 cm.)",78,16
2312,28:18,"or, lapis lazuli",78,18
2377,29:40,"1 ephah is about 22 liters or about 2/3 of a bushel A hin is about 6.5 liters or 1.7 gallons, so a fourth of a hin is about 1.6 liters.",79,40
2385,30:2,"A cubit is the length from the tip of the middle finger to the elbow on a man’s arm, or about 18 inches or 46 centimeters.",80,2
2396,30:13,A shekel is about 10 grams or about 0.35 ounces. a gerah is about 0.5 grams or about 7.7 grains,80,13
2398,30:15,A shekel is about 10 grams or about 0.35 ounces.,80,15
2406,30:23,"A shekel is about 10 grams or about 0.35 ounces, so 500 shekels is about 5 kilograms or about 11 pounds.",80,23
2407,30:24,A hin is about 6.5 liters or 1.7 gallons.,80,24
2452,32:13,"or, seed",82,13
2502,34:5,LORD or GOD in all caps is from the Hebrew יהוה Yahweh except when otherwise noted as being from the short form יה Yah.,84,5
2576,36:9,"A cubit is the length from the tip of the middle finger to the elbow on a man’s arm, or about 18 inches or 46 centimeters.",86,9
2606,37:1,"A cubit is the length from the tip of the middle finger to the elbow on a man’s arm, or about 18 inches or 46 centimeters.",87,1
2629,37:24,A talent is about 30 kilograms or 66 pounds or 965 Troy ounces,87,24
2635,38:1,"A cubit is the length from the tip of the middle finger to the elbow on a man’s arm, or about 18 inches or 46 centimeters.",88,1
2658,38:24,A talent is about 30 kilograms or 66 pounds or 965 Troy ounces. A shekel is about 10 grams or about 0.32 Troy ounces.,88,24
2659,38:25,A talent is about 30 kilograms or 66 pounds A shekel is about 10 grams or about 0.35 ounces.,88,25
2660,38:26,a beka is about 5 grams or about 0.175 ounces A shekel is about 10 grams or about 0.35 ounces.,88,26
2661,38:27,A talent is about 30 kilograms or 66 pounds.,88,27
2662,38:28,"A shekel is about 10 grams or about 0.35 ounces, so 1775 shekels is about 17.75 kilograms or about 39 pounds.",88,28
2663,38:29,"A talent is about 30 kilograms or 66 pounds 70 talents + 2400 shekels is about 2124 kilograms, or 2.124 metric tons.",88,29
2674,39:9,"A span is the length from the tip of a man’s thumb to the tip of his little finger when his hand is stretched out (about half a cubit, or 9 inches, or 22.8 cm.)",89,9
2676,39:11,"or, lapis lazuli",89,11
2747,1:1,"When rendered in ALL CAPITAL LETTERS, “LORD” or “GOD” is the translation of God’s Proper Name (Hebrew “ יהוה ”, usually pronounced Yahweh).",91,1
2776,2:13,The Hebrew word rendered “God” is “ אֱלֹהִ֑ים ” (Elohim).,92,13
2842,5:11,1 ephah is about 22 liters or about 2/3 of a bushel,95,11
2846,5:15,A shekel is about 10 grams or about 0.35 ounces.,95,15
2870,6:20,1 ephah is about 22 liters or about 2/3 of a bushel,96,20
2994,10:16,"“Behold”, from “ הִנֵּה ”, means look at, take notice, observe, see, or gaze at. It is often used as an interjection.",100,16
3003,11:5,"or rock badger, or cony",101,5
3101,13:48,warp and woof are the vertical and horizontal threads in woven cloth,103,48
3122,14:10,1 ephah is about 22 liters or about 2/3 of a bushel a log is a liquid measure of about 300 ml or 10 ounces,104,10
3133,14:21,1 ephah is about 22 liters or about 2/3 of a bushel a log is a liquid measure of about 300 ml or 10 ounces,104,21
3273,18:21,LORD or GOD in all caps is from the Hebrew יהוה Yahweh except when otherwise noted as being from the short form יה Yah.,108,21
3294,19:12,LORD or GOD in all caps is from the Hebrew יהוה Yahweh except when otherwise noted as being from the short form יה Yah.,109,12
3298,19:16,"literally, “blood”",109,16
3305,19:23,"literally, “uncircumcised”",109,23
3318,19:36,1 ephah is about 22 liters or about 2/3 of a bushel A hin is about 6.5 liters or 1.7 gallons.,109,36
3321,20:2,"or, seed",110,2
3372,22:2,LORD or GOD in all caps is from the Hebrew יהוה Yahweh except when otherwise noted as being from the short form יה Yah.,112,2
3402,22:32,LORD or GOD in all caps is from the Hebrew יהוה Yahweh except when otherwise noted as being from the short form יה Yah.,112,32
3416,23:13,1 ephah is about 22 liters or about 2/3 of a bushel A hin is about 6.5 liters or 1.7 gallons.,113,13
3420,23:17,1 ephah is about 22 liters or about 2/3 of a bushel,113,17
3437,23:34,"or, feast of tents, or Succoth",113,34
3445,23:42,"or, booths or, booths",113,42
3446,23:43,"or, booths",113,43
3452,24:5,1 ephah is about 22 liters or about 2/3 of a bushel,114,5
3574,27:3,A shekel is about 10 grams or about 0.35 ounces.,117,3
3587,27:16,1 homer is about 220 liters or 6 bushels A shekel is about 10 grams or about 0.35 ounces.,117,16
3596,27:25,A gerah is about 0.5 grams or about 7.7 grains. A shekel is about 10 grams or about 0.35 ounces.,117,25
3606,1:1,"When rendered in ALL CAPITAL LETTERS, “LORD” or “GOD” is the translation of God’s Proper Name (Hebrew “ יהוה ”, usually pronounced Yahweh).",118,1
3621,1:16,"or, chiefs, or, leaders",118,16
3705,3:12,"“Behold”, from “ הִנֵּה ”, means look at, take notice, observe, see, or gaze at. It is often used as an interjection.",120,12
3727,3:34,"+ 22,000 is the sum rounded to 2 significant digits. The sum of the Gershonites, Kohathites, and Merarites given above is 22,300, but the traditional Hebrew text has the number rounded to 2 significant digits, not 3 significant digits.",120,34
3740,3:47,A shekel is about 10 grams or about 0.35 ounces. A gerah is about 0.5 grams or about 7.7 grains.,120,47
3743,3:50,"A shekel is about 10 grams or about 0.35 ounces, so 1365 shekels is about 13.65 kilograms or about 30 pounds.",120,50
3808,5:15,1 ephah is about 22 liters or about 2/3 of a bushel,122,15
3821,5:28,"or, seed",122,28
3831,6:7,The Hebrew word rendered “God” is “ אֱלֹהִ֑ים ” (Elohim).,123,7
3864,7:13,A shekel is about 10 grams or about 0.35 ounces.,124,13
4028,11:3,Taberah means “burning”,128,3
4032,11:7,Bdellium is a resin extracted from certain African trees.,128,7
4056,11:31,"A cubit is the length from the tip of the middle finger to the elbow on a man’s arm, or about 18 inches or 46 centimeters.",128,31
4057,11:32,1 homer is about 220 liters or 6 bushels,128,32
4059,11:34,Kibroth Hattaavah means “graves of lust”,128,34
4109,13:33,"or, giants or, giants",130,33
4126,14:17,The word translated “Lord” is “Adonai.”,131,17
4158,15:4,1 ephah is about 22 liters or about 2/3 of a bushel A hin is about 6.5 liters or 1.7 gallons.,132,4
4160,15:6,1 ephah is about 22 liters or about 2/3 of a bushel,132,6
4163,15:9,1 ephah is about 22 liters or about 2/3 of a bushel,132,9
4192,15:38,"or, tassels (Hebrew צִיצִ֛ת) or, tassel",132,38
4193,15:39,"or, tassel",132,39
4225,16:30,Sheol is the place of the dead.,133,30
4228,16:33,Sheol is the place of the dead.,133,33
4274,18:16,A shekel is about 10 grams or about 0.35 ounces. A gerah is about 0.5 grams or about 7.7 grains.,135,16
4325,20:13,“Meribah” means “quarreling”.,137,13
4344,21:3,“Hormah” means “destruction”.,138,3
4583,28:5,1 ephah is about 22 liters or about 2/3 of a bushel A hin is about 6.5 liters or 1.7 gallons.,145,5
4585,28:7,"One hin is about 6.5 liters, so 1/4 hin is about 1.6 liters or 1.7 quarts.",145,7
4587,28:9,1 ephah is about 22 liters or about 2/3 of a bushel,145,9
4590,28:12,1 ephah is about 22 liters or about 2/3 of a bushel,145,12
4717,31:52,"A shekel is about 10 grams or about 0.35 ounces, so 16,750 shekels is about 167.5 kilograms or about 368.5 pounds.",148,52
4850,35:4,"A cubit is the length from the tip of the middle finger to the elbow on a man’s arm, or about 18 inches or 46 centimeters.",152,4
4896,1:3,"When rendered in ALL CAPITAL LETTERS, “LORD” or “GOD” is the translation of God’s Proper Name (Hebrew “ יהוה ”, usually pronounced Yahweh).",154,3
4899,1:6,The Hebrew word rendered “God” is “ אֱלֹהִ֑ים ” (Elohim).,154,6
4901,1:8,"“Behold”, from “ הִנֵּה ”, means look at, take notice, observe, see, or gaze at. It is often used as an interjection. or, seed",154,8
4987,3:11,"A cubit is the length from the tip of the middle finger to the elbow on a man’s arm, or about 18 inches or 46 centimeters.",156,11
5000,3:24,The word translated “Lord” is “Adonai.”,156,24
5065,5:11,"LORD or GOD in all caps is from the Hebrew יהוה Yahweh except when otherwise noted as being from the short form יה Yah. or, You shall not take the name of the LORD your God in vain;",158,11
5483,22:12,"or, tassels",175,12
5490,22:19,"A shekel is about 10 grams or about 0.35 ounces, so 100 shekels is about a kilogram or 2.2 pounds.",175,19
5500,22:29,A shekel is about 10 grams or about 0.35 ounces.,175,29
5519,23:18,"literally, dog",176,18
5572,26:5,"or, forefather",179,5
5606,27:20,"i.e., has sexual relations with",180,20
5670,28:58,LORD or GOD in all caps is from the Hebrew יהוה Yahweh except when otherwise noted as being from the short form יה Yah.,181,58
5781,32:22,Sheol is the place of the dead.,185,22
5802,32:43,"For this verse, LXX reads: Rejoice, you heavens, with him, and let all the angels of God worship him; rejoice you Gentiles, with his people, and let all the sons of God strengthen themselves in him; for he will avenge the blood of his sons, and he will give vengeance, and recompense justice to his enemies, and will reward them that hate him; and the Lord shall purge the land of his people.",185,43
5813,33:2,"another manuscript reads “He came with myriads of holy ones from the south, from his mountain slopes.”",186,2
5827,33:16,"i.e., the burning bush of Exodus 3:3-4 .",186,16
5843,34:3,"or, Negev",187,3
5853,1:1,"When rendered in ALL CAPITAL LETTERS, “LORD” or “GOD” is the translation of God’s Proper Name (Hebrew “ יהוה ”, usually pronounced Yahweh).",188,1
5861,1:9,The Hebrew word rendered “God” is “ אֱלֹהִ֑ים ” (Elohim).,188,9
5872,2:2,"“Behold”, from “ הִנֵּה ”, means look at, take notice, observe, see, or gaze at. It is often used as an interjection.",189,2
5898,3:4,"A cubit is the length from the tip of the middle finger to the elbow on a man’s arm, or about 18 inches or 46 centimeters, so 2,000 cubits is about 920 meters.",190,4
5905,3:11,The word translated “Lord” is “Adonai.”,190,11
5907,3:13,"When rendered in ALL CAPITAL LETTERS, “LORD” or “GOD” is the translation of God’s Proper Name (Hebrew “ יהוה ”, usually pronounced Yahweh).",190,13
5944,5:9,“Gilgal” sounds like the Hebrew for “roll.”,192,9
5998,7:21,A shekel is about 10 grams or about 0.35 ounces.,194,21
6047,9:9,LORD or GOD in all caps is from the Hebrew יהוה Yahweh except when otherwise noted as being from the short form יה Yah.,196,9
6480,24:3,"or, seed",211,3
6509,24:32,Hebrew: kesitahs. A kesitah was a kind of silver coin.,211,32
6511,1:1,"When rendered in ALL CAPITAL LETTERS, “LORD” or “GOD” is the translation of God’s Proper Name (Hebrew “ יהוה ”, usually pronounced Yahweh).",212,1
6512,1:2,"“Behold”, from “ הִנֵּה ”, means look at, take notice, observe, see, or gaze at. It is often used as an interjection.",212,2
6517,1:7,The Hebrew word rendered “God” is “ אֱלֹהִ֑ים ” (Elohim).,212,7
6551,2:5,“Bochim” means “weepers”.,213,5
6585,3:16,"A cubit is the length from the tip of the middle finger to the elbow on a man’s arm, or about 18 inches or 46 centimeters.",214,16
6593,3:24,"or, “relieving himself”.",214,24
6670,6:15,The word translated “Lord” is “Adonai.”,217,15
6674,6:19,1 ephah is about 22 liters or about 2/3 of a bushel,217,19
6679,6:24,"or, Shalom",217,24
6687,6:32,“Jerub-Baal” means “Let Baal contend”.,217,32
6746,8:26,"A shekel is about 10 grams or about 0.32 Troy ounces, so 1700 shekels is about 17 kilograms or 37.4 pounds.",219,26
6776,9:21,"“Beer” is Hebrew for “well”, i.e., a village named for its well.",220,21
6903,13:18,"or, wonderful",224,18
6947,15:17,“Ramath” means “hill” and “Lehi” means “jawbone”.,226,17
6986,17:5,teraphim were household idols that may have been associated with inheritance rights to the household property.,228,5
7008,18:14,teraphim were household idols that may have been associated with inheritance rights to the household property.,229,14
7134,1:6,"When rendered in ALL CAPITAL LETTERS, “LORD” or “GOD” is the translation of God’s Proper Name (Hebrew “ יהוה ”, usually pronounced Yahweh).",233,6
7143,1:15,"“Behold”, from “ הִנֵּה ”, means look at, take notice, observe, see, or gaze at. It is often used as an interjection.",233,15
7144,1:16,The Hebrew word rendered “God” is “ אֱלֹהִ֑ים ” (Elohim).,233,16
7148,1:20,“Naomi” means “pleasant”. “Mara” means “bitter”.,233,20
7167,2:17,1 ephah is about 22 liters or about 2/3 of a bushel,234,17
7203,4:12,"or, seed",236,12
7216,1:3,"When rendered in ALL CAPITAL LETTERS, “LORD” or “GOD” is the translation of God’s Proper Name (Hebrew “ יהוה ”, usually pronounced Yahweh).",237,3
7230,1:17,The Hebrew word rendered “God” is “ אֱלֹהִ֑ים ” (Elohim).,237,17
7233,1:20,Samuel sounds like the Hebrew for “heard by God.”,237,20
7237,1:24,1 ephah is about 22 liters or about 2/3 of a bushel,237,24
7247,2:6,Sheol is the place of the dead.,238,6
7261,2:20,"or, seed",238,20
7272,2:31,"“Behold”, from “ הִנֵּה ”, means look at, take notice, observe, see, or gaze at. It is often used as an interjection.",238,31
7274,2:33,"or, blind your eyes with tears",238,33
7319,4:21,“Ichabod” means “no glory”.,240,21
7365,7:12,“Ebenezer” means “stone of help”.,243,12
7400,9:8,"A shekel is about 10 grams or about 0.35 ounces, so 1/4 shekel would be a small coin of about 2.5 grams.",245,8
7487,13:1,The traditional Hebrew text omits “thirty” and “forty-”. The blanks are filled in here from a few manuscripts of the Septuagint.,249,1
7507,13:21,"A payim (or pim) was 2/3 shekel of silver, or 0.26 ounces, or 7.6 grams",249,21
7584,15:23,teraphim were household idols that may have been associated with inheritance rights to the household property.,251,23
7623,17:4,"A cubit is the length from the tip of the middle finger to the elbow on a man’s arm, or about 18 inches or 46 centimeters. A span is the length from the tip of a man’s thumb to the tip of his little finger when his hand is stretched out (about half a cubit, or 9 inches, or 22.8 cm.) Therefore, Goliath was about 9 feet and 9 inches or 2.97 meters tall.",253,4
7624,17:5,"A shekel is about 10 grams or about 0.35 ounces, so 5000 shekels is about 50 kilograms or 110 pounds.",253,5
7626,17:7,"A shekel is about 10 grams or about 0.35 ounces, so 600 shekels is about 6 kilograms or about 13 pounds.",253,7
7636,17:17,1 ephah is about 22 liters or about 2/3 of a bushel,253,17
7720,19:13,teraphim were household idols that may have been associated with inheritance rights to the household property.,255,13
7839,23:28,“Sela Hammahlekoth” means “rock of parting”.,259,28
7880,25:18,1 seah is about 7 liters or 1.9 gallons or 0.8 pecks,261,18
7884,25:22,"or, male.",261,22
7887,25:25,“Nabal” means “foolish”.,261,25
7896,25:34,"or, one male.",261,34
8023,31:13,"or, salt cedar",267,13
8025,1:2,"“Behold”, from “ הִנֵּה ”, means look at, take notice, observe, see, or gaze at. It is often used as an interjection.",268,2
8035,1:12,"When rendered in ALL CAPITAL LETTERS, “LORD” or “GOD” is the translation of God’s Proper Name (Hebrew “ יהוה ”, usually pronounced Yahweh).",268,12
8066,2:16,“Helkath Hazzurim” means “field of daggers”.,269,16
8077,2:27,The Hebrew word rendered “God” is “ אֱלֹהִ֑ים ” (Elohim).,269,27
8129,4:8,"or, seed",271,8
8153,5:20,“Baal Perazim” means “Lord who breaks out”.,272,20
8166,6:8,“Perez Uzzah” means “outbreak against Uzzah”.,273,8
8199,7:18,The word translated “Lord” is “Adonai.”,274,18
8312,12:25,“Jedidiah” means “loved by the LORD”.,279,25
8317,12:30,A talent is about 30 kilograms or 66 pounds or 965 Troy ounces,279,30
8383,14:26,"A shekel is about 10 grams or about 0.35 ounces, so 200 shekels is about 2 kilograms or about 4.4 pounds.",281,26
8609,22:6,Sheol is the place of the dead.,289,6
8717,24:24,"A shekel is about 10 grams or about 0.35 ounces, so 50 shekels is about 0.5 kilograms or 1.1 pounds.",291,24
8732,1:14,"“Behold”, from “ הִנֵּה ”, means look at, take notice, observe, see, or gaze at. It is often used as an interjection.",292,14
8735,1:17,"When rendered in ALL CAPITAL LETTERS, “LORD” or “GOD” is the translation of God’s Proper Name (Hebrew “ יהוה ”, usually pronounced Yahweh). The Hebrew word rendered “God” is “ אֱלֹהִ֑ים ” (Elohim).",292,17
8777,2:6,Sheol is the place of the dead.,293,6
8780,2:9,Sheol is the place of the dead.,293,9
8797,2:26,The word translated “Lord” is “Adonai.”,293,26
8804,2:33,"or, seed",293,33
8867,4:22,"1 cor is the same as a homer, or about 55.9 U. S. gallons (liquid) or 211 liters or 6 bushels",295,22
8890,5:11,"20,000 cors would be about 120,000 bushels or about 4.2 megaliters of wheat, which would weigh about 3,270 metric tons. 20 cors is about 1,100 gallons or about 4220 liters.",296,11
8899,6:2,"A cubit is the length from the tip of the middle finger to the elbow on a man’s arm, or about 18 inches or 46 centimeters.",297,2
8920,6:23,"“Cherubim” is plural of “cherub”, an angelic being.",297,23
8937,7:2,"A cubit is the length from the tip of the middle finger to the elbow on a man’s arm, or about 18 inches or 46 centimeters.",298,2
8973,7:38,"1 bath is one tenth of a cor, or about 5.6 U. S. gallons or 21 liters, so 40 baths was about 224 gallons or 840 liters.",298,38
9065,9:13,“Cabul” sounds like Hebrew for “good-for-nothing”.,300,13
9066,9:14,"A talent is about 30 kilograms or 66 pounds or 965 Troy ounces, so 120 talents is about 3.6 metric tons",300,14
9080,9:28,"A talent is about 30 kilograms or 66 pounds or 965 Troy ounces, so 420 talents is about 12.6 metric tons",300,28
9091,10:11,"possibly an Indian sandalwood, with nice grain and a pleasant scent, and good for woodworking",301,11
9094,10:14,"A talent is about 30 kilograms or 66 pounds or 965 Troy ounces, so 666 talents is about 20 metric tons",301,14
9096,10:16,"A shekel is about 10 grams or about 0.32 Troy ounces, so 600 shekels is about 6 kilograms or 13.2 pounds or 192 Troy ounces.",301,16
9097,10:17,A mina is about 600 grams or 1.3 U. S. pounds.,301,17
9109,10:29,A shekel is about 10 grams or about 0.35 ounces.,301,29
9229,14:10,"or, male",305,10
9234,14:15,"That is, the Euphrates.",305,15
9295,16:11,"or, male",307,11
9308,16:24,A talent is about 30 kilograms or 66 pounds.,307,24
9374,18:32,1 seah is about 7 liters or 1.9 gallons or 0.8 pecks,309,32
9448,20:39,A talent is about 30 kilograms or 66 pounds,311,39
9473,21:21,"or, male",312,21
9537,1:3,"When rendered in ALL CAPITAL LETTERS, “LORD” or “GOD” is the translation of God’s Proper Name (Hebrew “ יהוה ”, usually pronounced Yahweh). The Hebrew word rendered “God” is “ אֱלֹהִ֑ים ” (Elohim).",314,3
9543,1:9,"“Behold”, from “ הִנֵּה ”, means look at, take notice, observe, see, or gaze at. It is often used as an interjection.",314,9
9653,5:5,A talent is about 30 kilograms or 66 pounds,318,5
9670,5:22,A talent is about 30 kilograms or 66 pounds,318,22
9675,5:27,"or, seed",318,27
9700,6:25,"A kab was about 2 liters, so a fourth of a kab would be about 500 milliliters or about a pint",319,25
9709,7:1,"1 seah is about 7 liters or 1.9 gallons or 0.8 pecks A shekel is about 10 grams or about 0.35 ounces. In this context, it was probably a silver coin weighing that much.",320,1
9714,7:6,The word translated “Lord” is “Adonai.”,320,6
9724,7:16,"1 seah is about 7 liters or 1.9 gallons or 0.8 pecks A shekel is about 10 grams or about 0.35 ounces. In this context, it was probably a silver coin weighing that much.",320,16
9726,7:18,"1 seah is about 7 liters or 1.9 gallons or 0.8 pecks A shekel is about 10 grams or about 0.35 ounces. In this context, it was probably a silver coin weighing that much.",320,18
9765,9:8,"or, male",322,8
9910,14:13,"A cubit is the length from the tip of the middle finger to the elbow on a man’s arm, or about 18 inches or 46 centimeters.",327,13
9945,15:19,"A talent is about 30 kilograms or 66 pounds, so 1000 talents is about 30 metric tons",328,19
9946,15:20,"A shekel is about 10 grams or about 0.35 ounces, so 50 shekels was about 0.5 kilograms or 1.1 pounds.",328,20
10011,17:27,Hebrew: them,330,27
10039,18:14,A talent is about 30 kilograms or 66 pounds or 965 Troy ounces,331,14
10190,23:24,teraphim were household idols.,336,24
10199,23:33,A talent is about 30 kilograms or 66 pounds or 965 Troy ounces,336,33
10240,25:17,"A cubit is the length from the tip of the middle finger to the elbow on a man’s arm, or about 18 inches or 46 centimeters.",338,17
10310,2:3,"When rendered in ALL CAPITAL LETTERS, “LORD” or “GOD” is the translation of God’s Proper Name (Hebrew “ יהוה ”, usually pronounced Yahweh).",340,3
10395,4:9,“Jabez” sounds similar to the Hebrew word for “pain”.,342,9
10396,4:10,The Hebrew word rendered “God” is “ אֱלֹהִ֑ים ” (Elohim).,342,10
10399,4:13,Greek and Vulgate add “and Meonothai”,342,13
10559,7:23,“Beriah” is similar to the Hebrew word for “misfortune”.,345,23
10617,9:1,"“Behold”, from “ הִנֵּה ”, means look at, take notice, observe, see, or gaze at. It is often used as an interjection.",347,1
10697,11:23,"A cubit is the length from the tip of the middle finger to the elbow on a man’s arm, or about 18 inches or 46 centimeters. Therefore this Egyptian was about 7 feet and 6 inches or 2.28 meters tall.",349,23
10786,14:11,“Baal Perazim” means “The Lord who breaks out”.,352,11
10834,16:13,"or, seed",354,13
10914,19:6,"A talent is about 30 kilograms or 66 pounds, so 1000 talents is about 30 metric tons",357,6
10924,19:16,"or, the Euphrates River",357,16
10929,20:2,A talent is about 30 kilograms or 66 pounds or 965 Troy ounces,358,2
10960,21:25,"A shekel is about 10 grams or about 0.32 Troy ounces, so 600 shekels was about 6 kilograms or about 192 Troy ounces.",359,25
10979,22:14,"A talent is about 30 kilograms or 66 pounds or 965 Troy ounces, so 100,000 talents is about 3 metric tons about 30,000 metric tons",360,14
11169,29:4,"A talent is about 30 kilograms or 66 pounds or 965 Troy ounces, so 3000 talents is about 90 metric tons about 210 metric tons",367,4
11172,29:7,"A talent is about 30 kilograms or 66 pounds or 965 Troy ounces, so 5000 talents is about 150 metric tons a daric was a gold coin issued by a Persian king, weighing about 8.4 grams or about 0.27 troy ounces each.",367,7
11196,1:1,"When rendered in ALL CAPITAL LETTERS, “LORD” or “GOD” is the translation of God’s Proper Name (Hebrew “ יהוה ”, usually pronounced Yahweh). The Hebrew word rendered “God” is “ אֱלֹהִ֑ים ” (Elohim).",368,1
11212,1:17,"The pieces of silver were probably shekels, so 600 pieces would be about 13.2 pounds or 6 kilograms of silver, and 150 would be about 3.3 pounds or 1.5 kilograms of silver. or, Aramean",368,17
11216,2:4,"“Behold”, from “ הִנֵּה ”, means look at, take notice, observe, see, or gaze at. It is often used as an interjection.",369,4
11222,2:10,"1 cor is the same as a homer, or about 55.9 U. S. gallons (liquid) or 211 liters or 6 bushels, so 20,000 cors of wheat would weigh about 545 metric tons 1 bath is one tenth of a cor, or about 5.6 U. S. gallons or 21 liters or 2.4 pecks. 20,000 baths of barley would weigh about 262 metric tons.",369,10
11225,2:13,"or, Huram, my father",369,13
11233,3:3,"A cubit is the length from the tip of the middle finger to the elbow on a man’s arm, or about 18 inches or 46 centimeters.",370,3
11238,3:8,"A talent is about 30 kilograms or 66 pounds or 965 Troy ounces, so 600 talents is about 18 metric tons",370,8
11239,3:9,"A shekel is about 10 grams or about 0.32 Troy ounces, so 50 shekels was about 0.5 kilograms or about 16 Troy ounces.",370,9
11248,4:1,"A cubit is the length from the tip of the middle finger to the elbow on a man’s arm, or about 18 inches or 46 centimeters.",371,1
11249,4:2,"or, pool, or, reservoir",371,2
11252,4:5,"A bath is about 5.6 U. S. gallons or 21.1 liters, so 3,000 baths is about 16,800 gallons or 63.3 kiloliters.",371,5
11263,4:16,“abi” means “his father”,371,16
11296,6:13,"A cubit is the length from the tip of the middle finger to the elbow on a man’s arm, or about 18 inches or 46 centimeters.",373,13
11360,8:13,"or, feast of tents (Sukkot)",375,13
11365,8:18,"A talent is about 30 kilograms or 66 pounds or 965 Troy ounces, so 450 talents is about 13.5 metric tons",375,18
11369,9:4,"or, she was breathless.",376,4
11374,9:9,"A talent is about 30 kilograms or 66 pounds or 965 Troy ounces, so 120 talents is about 3.6 metric tons",376,9
11375,9:10,"possibly Indian sandalwood, which has nice grain and a pleasant scent and is good for woodworking",376,10
11378,9:13,"A talent is about 30 kilograms or 66 pounds or 965 Troy ounces, so 666 talents is about 20 metric tons",376,13
11380,9:15,"A shekel is about 10 grams or about 0.32 Troy ounces, so 600 shekels was about 6 kilograms or about 192 Troy ounces.",376,15
11381,9:16,"A shekel is about 10 grams or about 0.32 Troy ounces, so 300 shekels was about 3 kilograms or about 96 Troy ounces.",376,16
11595,20:7,"or, seed",387,7
11614,20:26,“Beracah” means “blessing”.,387,26
11660,23:3,Hebrew He,390,3
11711,25:6,A talent is about 30 kilograms or 66 pounds,392,6
11714,25:9,A talent is about 30 kilograms or 66 pounds,392,9
11728,25:23,"A cubit is the length from the tip of the middle finger to the elbow on a man’s arm, or about 18 inches or 46 centimeters, so 400 cubits is about 200 yards or 184 meters.",392,23
11761,27:5,"A talent is about 30 kilograms or 66 pounds 1 cor is the same as a homer, or about 55.9 U. S. gallons (liquid) or 211 liters or 6 bushels. 10,000 cors of wheat would weigh about 1,640 metric tons. 10,000 cors of barley would weigh about 1,310 metric tons.",394,5
11897,32:21,"i.e., his own sons",399,21
11928,33:19,"or, the seers",400,19
11997,36:3,A talent is about 30 kilograms or 66 pounds or 965 Troy ounces,403,3
12018,1:1,"When rendered in ALL CAPITAL LETTERS, “LORD” or “GOD” is the translation of God’s Proper Name (Hebrew “ יהוה ”, usually pronounced Yahweh).",404,1
12019,1:2,The Hebrew word rendered “God” is “ אֱלֹהִ֑ים ” (Elohim).,404,2
12087,2:59,"or, seed",405,59
12097,2:69,"a daric was a gold coin issued by a Persian king, weighing about 8.4 grams or about 0.27 troy ounces each. A mina is about 600 grams or 1.3 U. S. pounds, so 5,000 minas is about 3 metric tons.",405,69
12155,6:3,"A cubit is the length from the tip of the middle finger to the elbow on a man’s arm, or about 18 inches or 46 centimeters.",409,3
12196,7:22,"A talent is about 30 kilograms or 66 pounds or 965 Troy ounces 1 cor is the same as a homer, or about 55.9 U. S. gallons (liquid) or 211 liters or 6 bushels. 1 bath is one tenth of a cor, or about 5.6 U. S. gallons or 21 liters or 2.4 pecks. 100 baths would be about 2,100 liters.",410,22
12228,8:26,A talent is about 30 kilograms or 66 pounds or 965 Troy ounces,411,26
12229,8:27,"a daric was a gold coin issued by a Persian king, weighing about 8.4 grams or about 0.27 troy ounces each.",411,27
12253,9:15,"“Behold”, from “ הִנֵּה ”, means look at, take notice, observe, see, or gaze at. It is often used as an interjection.",412,15
12301,1:4,The Hebrew word rendered “God” is “ אֱלֹהִ֑ים ” (Elohim).,414,4
12302,1:5,"When rendered in ALL CAPITAL LETTERS, “LORD” or “GOD” is the translation of God’s Proper Name (Hebrew “ יהוה ”, usually pronounced Yahweh).",414,5
12308,1:11,The word translated “Lord” is “Adonai.”,414,11
12341,3:13,"A cubit is the length from the tip of the middle finger to the elbow on a man’s arm, or about 18 inches or 46 centimeters.",416,13
12388,5:5,"“Behold”, from “ הִנֵּה ”, means look at, take notice, observe, see, or gaze at. It is often used as an interjection.",418,5
12398,5:15,A shekel is about 10 grams or about 0.35 ounces.,418,15
12482,7:61,"or, seed",420,61
12491,7:70,"a daric was a gold coin issued by a Persian king, weighing about 8.4 grams or about 0.27 troy ounces each.",420,70
12492,7:71,"A mina is about 600 grams or 1.3 U. S. pounds, so 2,200 minas is about 1.3 metric tons.",420,71
12509,8:15,"or, booths",421,15
12510,8:16,"or, booths",421,16
12511,8:17,"or, booths",421,17
12582,10:32,A shekel is about 10 grams or about 0.35 ounces.,423,32
12757,3:9,A talent is about 30 kilograms or 66 pounds or 965 Troy ounces,429,9
12794,5:14,"A cubit is the length from the tip of the middle finger to the elbow on a man’s arm, or about 18 inches or 46 centimeters.",431,14
12799,6:5,"“Behold”, from “ הִנֵּה ”, means look at, take notice, observe, see, or gaze at. It is often used as an interjection.",432,5
12817,7:9,"A cubit is the length from the tip of the middle finger to the elbow on a man’s arm, or about 18 inches or 46 centimeters.",433,9
12861,9:26,"Purim is the Hebrew plural for pur, which means lot.",435,26
12863,9:28,"or, seed",435,28
12871,1:1,The Hebrew word rendered “God” is “ אֱלֹהִ֑ים ” (Elohim).,437,1
12876,1:6,"When rendered in ALL CAPITAL LETTERS, “LORD” or “GOD” is the translation of God’s Proper Name (Hebrew “ יהוה ”, usually pronounced Yahweh).",437,6
12882,1:12,"“Behold”, from “ הִנֵּה ”, means look at, take notice, observe, see, or gaze at. It is often used as an interjection.",437,12
12977,5:25,"or, seed",441,25
13018,7:9,Sheol is the place of the dead.,443,9
13117,11:8,Sheol is the place of the dead.,447,8
13195,14:13,Sheol is the place of the dead.,450,13
13274,17:13,Sheol is the place of the dead.,453,13
13277,17:16,Sheol is the place of the dead.,453,16
13369,21:13,Sheol is the place of the dead.,457,13
13456,24:19,Sheol is the place of the dead.,460,19
13474,26:6,Sheol is the place of the dead. Abaddon means Destroyer.,462,6
13521,28:16,"or, lapis lazuli",464,16
13533,28:28,The word translated “Lord” is “Adonai.”,464,28
13637,32:8,"or, breath",468,8
13890,41:1,Leviathan is a name for a crocodile or similar creature.,477,1
13934,42:11,"literally, kesitah, a unit of money, probably silver",478,11
13942,1:2,"When rendered in ALL CAPITAL LETTERS, “LORD” or “GOD” is the translation of God’s Proper Name (Hebrew “ יהוה ”, usually pronounced Yahweh).",479,2
13948,2:2,The word “Anointed” is the same as the word for “Messiah” or “Christ”,480,2
13950,2:4,The word translated “Lord” is “Adonai.”,480,4
13958,2:12,"or, Kiss the son",480,12
13960,3:2,The Hebrew word rendered “God” is “ אֱלֹהִ֑ים ” (Elohim).,481,2
13991,6:5,Sheol is the place of the dead.,484,5
14010,7:14,"“Behold”, from “ הִנֵּה ”, means look at, take notice, observe, see, or gaze at. It is often used as an interjection.",485,14
14018,8:5,"Hebrew: Elohim. The word Elohim, used here, usually means “God”, but can also mean “gods”, “princes”, or “angels”. The Septuagint reads “angels” here. See also the quote from the Septuagint in Hebrews 2:7 .",486,5
14039,9:17,Sheol is the place of the dead.,487,17
14103,16:10,Sheol is the place of the dead.,494,10
14124,18:5,Sheol is the place of the dead.,496,5
14169,18:50,"or, seed",496,50
14221,22:16,"So Dead Sea Scrolls. Masoretic Text reads, “Like a lion, they pin my hands and feet.”",500,16
14323,30:3,Sheol is the place of the dead.,508,3
14349,31:17,Sheol is the place of the dead.,509,17
14390,34:1,"Psalm 34 is an acrostic poem, with each verse starting with a letter of the alphabet (ordered from Alef to Tav).",512,1
14557,42:1,The Hebrew word rendered “God” is “ אֱלֹהִ֑ים ” (Elohim).,520,1
14564,42:8,"When rendered in ALL CAPITAL LETTERS, “LORD” or “GOD” is the translation of God’s Proper Name (Hebrew “ יהוה ”, usually pronounced Yahweh).",520,8
14595,44:23,The word translated “Lord” is “Adonai.”,522,23
14616,46:1,Alamoth is a musical term.,524,1
14663,49:14,Sheol is the place of the dead. Sheol is the place of the dead.,527,14
14664,49:15,Sheol is the place of the dead.,527,15
14748,55:15,Sheol is the place of the dead.,533,15
14905,68:4,Hebrew: יה Yah,546,4
14917,68:16,LORD or GOD in all caps is from the Hebrew יהוה Yahweh except when otherwise noted as being from the short form יה Yah.,546,16
14919,68:18,Hebrew: יה Yah,546,18
14921,68:20,"When rendered in ALL CAPITAL LETTERS, “LORD” or “GOD” is the translation of God’s Proper Name (Hebrew “ יהוה ”, usually pronounced Yahweh).",546,20
15022,73:1,The Hebrew word rendered “God” is “ אֱלֹהִ֑ים ” (Elohim).,551,1
15041,73:20,The word translated “Lord” is “Adonai.”,551,20
15049,73:28,"When rendered in ALL CAPITAL LETTERS, “LORD” or “GOD” is the translation of God’s Proper Name (Hebrew “ יהוה ”, usually pronounced Yahweh).",551,28
15260,83:18,LORD or GOD in all caps is from the Hebrew יהוה Yahweh except when otherwise noted as being from the short form יה Yah.,561,18
15298,86:13,Sheol is the place of the dead.,564,13
15306,87:4,Rahab is a reference to Egypt.,565,4
15312,88:3,Sheol is the place of the dead.,566,3
15335,89:8,LORD or GOD in all caps is from the Hebrew יהוה Yahweh except when otherwise noted as being from the short form יה Yah. Hebrew: יה Yah,567,8
15375,89:48,Sheol is the place of the dead.,567,48
15380,90:1,The Hebrew word rendered “God” is “ אֱלֹהִ֑ים ” (Elohim). The word translated “Lord” is “Adonai.”,568,1
15392,90:13,"When rendered in ALL CAPITAL LETTERS, “LORD” or “GOD” is the translation of God’s Proper Name (Hebrew “ יהוה ”, usually pronounced Yahweh).",568,13
15433,94:1,LORD or GOD in all caps is from the Hebrew יהוה Yahweh except when otherwise noted as being from the short form יה Yah.,572,1
15439,94:7,Hebrew: יה Yah,572,7
15444,94:12,Hebrew: יה Yah,572,12
15486,97:7,LXX reads “angels” instead of “gods”.,575,7
15523,102:1,LORD or GOD in all caps is from the Hebrew יהוה Yahweh except when otherwise noted as being from the short form יה Yah.,580,1
15540,102:18,Hebrew: יה Yah,580,18
15573,104:1,LORD or GOD in all caps is from the Hebrew יהוה Yahweh except when otherwise noted as being from the short form יה Yah.,582,1
15576,104:4,"or, angels",582,4
15607,104:35,LORD or GOD in all caps is from the Hebrew יהוה Yahweh except when otherwise noted as being from the short form יה Yah. Hebrew: יה Yah,582,35
15608,105:1,LORD or GOD in all caps is from the Hebrew יהוה Yahweh except when otherwise noted as being from the short form יה Yah.,583,1
15652,105:45,Hebrew: יה Yah,583,45
15653,106:1,LORD or GOD in all caps is from the Hebrew יהוה Yahweh except when otherwise noted as being from the short form יה Yah.,584,1
15700,106:48,Hebrew: יה Yah,584,48
15701,107:1,"When rendered in ALL CAPITAL LETTERS, “LORD” or “GOD” is the translation of God’s Proper Name (Hebrew “ יהוה ”, usually pronounced Yahweh).",585,1
15711,107:11,The Hebrew word rendered “God” is “ אֱלֹהִ֑ים ” (Elohim).,585,11
15777,109:21,The word translated “Lord” is “Adonai.”,587,21
15795,111:1,"Hebrew: יה Yah. Psalm 111 is an acrostic poem, with each verse after the initial “Praise the LORD!” starting with a letter of the alphabet (ordered from Alef to Tav). LORD or GOD in all caps is from the Hebrew יהוה Yahweh except when otherwise noted as being from the short form יה Yah.",589,1
15805,112:1,"Hebrew: יה Yah. Psalm 112 is an acrostic poem, with each verse after the initial “Praise the LORD!” starting with a letter of the alphabet (ordered from Alef to Tav). LORD or GOD in all caps is from the Hebrew יהוה Yahweh except when otherwise noted as being from the short form יה Yah.",590,1
15815,113:1,Hebrew: יה Yah LORD or GOD in all caps is from the Hebrew יהוה‎ Yahweh except when otherwise noted as being from the short form יה Yah.,591,1
15823,113:9,Hebrew: יה Yah,591,9
15832,115:1,LORD or GOD in all caps is from the Hebrew יהוה Yahweh except when otherwise noted as being from the short form יה Yah.,593,1
15848,115:17,Hebrew: יה Yah,593,17
15849,115:18,Hebrew: יה Yah Hebrew: יה Yah,593,18
15850,116:1,LORD or GOD in all caps is from the Hebrew יהוה Yahweh except when otherwise noted as being from the short form יה Yah.,594,1
15852,116:3,Sheol is the place of the dead.,594,3
15868,116:19,Hebrew: יה Yah,594,19
15869,117:1,LORD or GOD in all caps is from the Hebrew יהוה Yahweh except when otherwise noted as being from the short form יה Yah.,595,1
15870,117:2,Hebrew: יה Yah,595,2
15871,118:1,LORD or GOD in all caps is from the Hebrew יהוה Yahweh except when otherwise noted as being from the short form יה Yah.,596,1
15875,118:5,Hebrew: יה Yah Hebrew: יה Yah,596,5
15884,118:14,Hebrew: יה Yah,596,14
15888,118:18,Hebrew: יה Yah,596,18
15889,118:19,Hebrew: יה Yah,596,19
15892,118:22,"Literally, head of the corner",596,22
16142,130:1,LORD or GOD in all caps is from the Hebrew יהוה Yahweh except when otherwise noted as being from the short form יה Yah.,608,1
16144,130:3,Hebrew: יה Yah,608,3
16177,135:1,Hebrew: יה Yah LORD or GOD in all caps is from the Hebrew יהוה Yahweh except when otherwise noted as being from the short form יה Yah.,613,1
16179,135:3,Hebrew: יה Yah,613,3
16180,135:4,Hebrew: יה Yah,613,4
16197,135:21,Hebrew: יה Yah,613,21
16233,138:1,"The word elohim, used here, usually means “God” but can also mean “gods”, “princes”, or “angels”.",616,1
16248,139:8,Sheol is the place of the dead.,617,8
16284,141:7,Sheol is the place of the dead.,619,7
16322,145:1,"This is an acrostic psalm, with every verse (including the second half of verse 13) starting with a consecutive letter of the Hebrew alphabet.",623,1
16334,145:13,Some manuscripts omit these last two lines.,623,13
16343,146:1,Hebrew: יה Yah LORD or GOD in all caps is from the Hebrew יהוה Yahweh except when otherwise noted as being from the short form יה Yah.,624,1
16352,146:10,Hebrew: יה Yah,624,10
16353,147:1,Hebrew: יה Yah,625,1
16354,147:2,LORD or GOD in all caps is from the Hebrew יהוה Yahweh except when otherwise noted as being from the short form יה Yah.,625,2
16372,147:20,Hebrew: יה Yah,625,20
16373,148:1,Hebrew: יה Yah LORD or GOD in all caps is from the Hebrew יהוה Yahweh except when otherwise noted as being from the short form יה Yah.,626,1
16386,148:14,Hebrew: יה Yah,626,14
16387,149:1,LORD or GOD in all caps is from the Hebrew יהוה Yahweh except when otherwise noted as being from the short form יה Yah.,627,1
16395,149:9,Hebrew: יה Yah,627,9
16396,150:1,Hebrew: יה Yah,628,1
16401,150:6,Hebrew: יה Yah Hebrew: יה Yah,628,6
16408,1:7,"When rendered in ALL CAPITAL LETTERS, “LORD” or “GOD” is the translation of God’s Proper Name (Hebrew “ יהוה ”, usually pronounced Yahweh).",629,7
16413,1:12,Sheol is the place of the dead.,629,12
16424,1:23,"“Behold”, from “ הִנֵּה ”, means look at, take notice, observe, see, or gaze at. It is often used as an interjection.",629,23
16439,2:5,The Hebrew word rendered “God” is “ אֱלֹהִ֑ים ” (Elohim).,630,5
16523,5:5,Sheol is the place of the dead.,633,5
16603,7:27,Sheol is the place of the dead.,635,27
16657,9:18,Sheol is the place of the dead.,637,18
16710,11:21,"or, seed",639,21
16819,15:11,Sheol is the place of the dead.,643,11
16832,15:24,Sheol is the place of the dead.,643,24
17059,23:14,Sheol is the place of the dead.,651,14
17190,27:20,Sheol is the place of the dead.,655,20
17268,30:16,Sheol is the place of the dead.,658,16
17295,31:10,"Proverbs 31:10-31 form an acrostic, with each verse starting with each letter of the Hebrew alphabet, in order.",659,10
17326,1:10,"“Behold”, from “ הִנֵּה ”, means look at, take notice, observe, see, or gaze at. It is often used as an interjection.",660,10
17329,1:13,The Hebrew word rendered “God” is “ אֱלֹהִ֑ים ” (Elohim).,660,13
17486,9:10,Sheol is the place of the dead.,668,10
17553,1:15,"“Behold”, from “ הִנֵּה ”, means look at, take notice, observe, see, or gaze at. It is often used as an interjection.",672,15
17647,8:6,Sheol is the place of the dead. Hebrew: יה Yah,679,6
17652,8:11,"A shekel is about 10 grams or about 0.35 ounces, so 1000 shekels is about 10 kilograms or about 22 pounds.",679,11
17657,1:2,"When rendered in ALL CAPITAL LETTERS, “LORD” or “GOD” is the translation of God’s Proper Name (Hebrew “ יהוה ”, usually pronounced Yahweh).",680,2
17659,1:4,"or, seed",680,4
17665,1:10,The Hebrew word rendered “God” is “ אֱלֹהִ֑ים ” (Elohim).,680,10
17679,1:24,The word translated “Lord” is “Adonai.”,680,24
17680,1:25,tin is a metal that is separated from silver during the refining and purification process.,680,25
17709,3:1,"“Behold”, from “ הִנֵּה ”, means look at, take notice, observe, see, or gaze at. It is often used as an interjection. When rendered in ALL CAPITAL LETTERS, “LORD” or “GOD” is the translation of God’s Proper Name (Hebrew “ יהוה ”, usually pronounced Yahweh).",682,1
17716,3:8,"When rendered in ALL CAPITAL LETTERS, “LORD” or “GOD” is the translation of God’s Proper Name (Hebrew “ יהוה ”, usually pronounced Yahweh).",682,8
17723,3:15,"When rendered in ALL CAPITAL LETTERS, “LORD” or “GOD” is the translation of God’s Proper Name (Hebrew “ יהוה ”, usually pronounced Yahweh).",682,15
17750,5:10,"literally, ten yokes, or the amount of land that ten yokes of oxen can plow in one day, which is about 10 acres or 4 hectares. 1 bath is about 22 liters or 5.8 U. S. gallons 1 homer is about 220 liters or 6 bushels 1 ephah is about 22 liters or 0.6 bushels or about 2 pecks—only one tenth of what was sown.",684,10
17754,5:14,Sheol is the place of the dead.,684,14
17797,7:14,“Immanuel” means “God with us”.,686,14
17806,7:23,"A shekel is about 10 grams or about 0.35 ounces, so 1000 shekels is about 10 kilograms or 22 pounds.",686,23
17809,8:1,"“Maher Shalal Hash Baz” means “quick to the plunder, swift to the prey”.",687,1
17867,10:16,"When rendered in ALL CAPITAL LETTERS, “LORD” or “GOD” is the translation of God’s Proper Name (Hebrew “ יהוה ”, usually pronounced Yahweh).",689,16
17871,10:20,"When rendered in ALL CAPITAL LETTERS, “LORD” or “GOD” is the translation of God’s Proper Name (Hebrew “ יהוה ”, usually pronounced Yahweh).",689,20
17874,10:23,"When rendered in ALL CAPITAL LETTERS, “LORD” or “GOD” is the translation of God’s Proper Name (Hebrew “ יהוה ”, usually pronounced Yahweh).",689,23
17902,12:1,LORD or GOD in all caps is from the Hebrew יהוה Yahweh except when otherwise noted as being from the short form יה Yah.,691,1
17903,12:2,Hebrew: יה Yah LORD or GOD in all caps is from the Hebrew יהוה Yahweh except when otherwise noted as being from the short form יה Yah.,691,2
17938,14:9,Sheol is the place of the dead.,693,9
17940,14:11,Sheol is the place of the dead.,693,11
17944,14:15,Sheol is the place of the dead.,693,15
18009,19:4,"When rendered in ALL CAPITAL LETTERS, “LORD” or “GOD” is the translation of God’s Proper Name (Hebrew “ יהוה ”, usually pronounced Yahweh).",698,4
18058,22:5,"When rendered in ALL CAPITAL LETTERS, “LORD” or “GOD” is the translation of God’s Proper Name (Hebrew “ יהוה ”, usually pronounced Yahweh).",701,5
18065,22:12,"When rendered in ALL CAPITAL LETTERS, “LORD” or “GOD” is the translation of God’s Proper Name (Hebrew “ יהוה ”, usually pronounced Yahweh).",701,12
18067,22:14,"When rendered in ALL CAPITAL LETTERS, “LORD” or “GOD” is the translation of God’s Proper Name (Hebrew “ יהוה ”, usually pronounced Yahweh).",701,14
18125,25:6,"literally, fat things",704,6
18135,26:4,LORD or GOD in all caps is from the Hebrew יהוה Yahweh except when otherwise noted as being from the short form יה Yah. Hebrew: יה Yah,705,4
18180,28:15,Sheol is the place of the dead.,707,15
18183,28:18,Sheol is the place of the dead.,707,18
18187,28:22,"When rendered in ALL CAPITAL LETTERS, “LORD” or “GOD” is the translation of God’s Proper Name (Hebrew “ יהוה ”, usually pronounced Yahweh).",707,22
18196,29:2,"or, Ariel",708,2
18318,34:14,"literally, lilith, which could also be a night demon or night monster",713,14
18392,38:1,LORD or GOD in all caps is from the Hebrew יהוה Yahweh except when otherwise noted as being from the short form יה Yah.,717,1
18401,38:10,Sheol is the place of the dead.,717,10
18402,38:11,Hebrew: יה Yah Hebrew: יה Yah,717,11
18409,38:18,Sheol is the place of the dead.,717,18
18567,45:5,"or, equip",724,5
18712,52:15,"or, sprinkle",731,15
18723,53:11,So read the Dead Sea Scrolls and Septuagint. Masoretic Text omits “the light”.,732,11
18775,57:9,Sheol is the place of the dead.,736,9
18845,61:1,LXX and DSS add: recovery of sight to the blind,740,1
18859,62:4,Hephzibah means “I delight in her”. Beulah means “married”,741,4
18949,1:2,"When rendered in ALL CAPITAL LETTERS, “LORD” or “GOD” is the translation of God’s Proper Name (Hebrew “ יהוה ”, usually pronounced Yahweh).",746,2
18953,1:6,"The word translated “Lord” is “Adonai.” “Behold”, from “ הִנֵּה ”, means look at, take notice, observe, see, or gaze at. It is often used as an interjection.",746,6
18983,2:17,The Hebrew word rendered “God” is “ אֱלֹהִ֑ים ” (Elohim).,747,17
18984,2:18,"i.e., the Euphrates River",747,18
18985,2:19,"When rendered in ALL CAPITAL LETTERS, “LORD” or “GOD” is the translation of God’s Proper Name (Hebrew “ יהוה ”, usually pronounced Yahweh).",747,19
19135,7:15,"or, seed",752,15
19426,20:3,“Magormissabib” means “surrounded by terror”,765,3
19741,32:9,A shekel is about 10 grams or about 0.35 ounces.,777,9
20056,46:10,"When rendered in ALL CAPITAL LETTERS, “LORD” or “GOD” is the translation of God’s Proper Name (Hebrew “ יהוה ”, usually pronounced Yahweh).",791,10
20082,48:1,"or, The stronghold",793,1
20192,50:25,"When rendered in ALL CAPITAL LETTERS, “LORD” or “GOD” is the translation of God’s Proper Name (Hebrew “ יהוה ”, usually pronounced Yahweh).",795,25
20298,52:21,"A cubit is the length from the tip of the middle finger to the elbow on a man’s arm, or about 18 inches or 46 centimeters.",797,21
20299,52:22,"A cubit is the length from the tip of the middle finger to the elbow on a man’s arm, or about 18 inches or 46 centimeters.",797,22
20316,1:5,"When rendered in ALL CAPITAL LETTERS, “LORD” or “GOD” is the translation of God’s Proper Name (Hebrew “ יהוה ”, usually pronounced Yahweh).",798,5
20325,1:14,The word translated “Lord” is “Adonai.”,798,14
20396,3:41,The Hebrew word rendered “God” is “ אֱלֹהִ֑ים ” (Elohim).,800,41
20466,1:1,The Hebrew word rendered “God” is “ אֱלֹהִ֑ים ” (Elohim).,803,1
20468,1:3,"When rendered in ALL CAPITAL LETTERS, “LORD” or “GOD” is the translation of God’s Proper Name (Hebrew “ יהוה ”, usually pronounced Yahweh).",803,3
20469,1:4,"“Behold”, from “ הִנֵּה ”, means look at, take notice, observe, see, or gaze at. It is often used as an interjection.",803,4
20491,1:26,"or, lapis lazuli",803,26
20497,2:4,The word translated “Lord” is “Adonai.”,804,4
20510,3:7,"Literally, have a hard forehead",805,7
20540,4:10,A shekel is about 10 grams or about 0.35 ounces.,806,10
20541,4:11,A hin is about 6.5 liters or 1.7 gallons.,806,11
20635,10:1,"or, lapis lazuli",812,1
20839,17:13,"or, seed",819,13
20925,20:29,“Bamah” means “High Place”.,822,29
20951,21:6,"literally, the breaking of your thighs",823,6
20966,21:21,teraphim were household idols that may have been associated with inheritance rights to the household property.,823,21
20984,22:7,"Literally, made light of father and mother.",824,7
21171,28:13,"or, lapis lazuli",830,13
21246,31:15,Sheol is the place of the dead.,833,15
21247,31:16,Sheol is the place of the dead.,833,16
21270,32:21,Sheol is the place of the dead.,834,21
21483,40:5,"A normal cubit is the length from the tip of the middle finger to the elbow on a man’s arm, or about 18 inches or 46 centimeters. A handbreadth is about 4.3 inches or 11 centimeters, so the long cubit described here would be about 22.3 inches or 57 centimeters long. Thus, a 6 long cubit measuring reed would have been about 3 yards 26.6 inches or about 3.42 meters long.",842,5
21529,41:2,"A cubit is the length from the tip of the middle finger to the elbow on a man’s arm, or about 18 inches or 46 centimeters.",843,2
21555,42:2,"A cubit is the length from the tip of the middle finger to the elbow on a man’s arm, or about 18 inches or 46 centimeters.",844,2
21586,43:13,"A normal cubit is the length from the tip of the middle finger to the elbow on a man’s arm, or about 18 inches or 46 centimeters. A hand width is about 4.3 inches or 11 cm. A span is the length from the tip of a man’s thumb to the tip of his little finger when his hand is stretched out (about half a cubit, or 9 inches, or 22.8 cm.)",845,13
21633,45:2,"A cubit is the length from the tip of the middle finger to the elbow on a man’s arm, or about 18 inches or 46 centimeters.",847,2
21641,45:10,1 ephah is about 22 liters or about 2/3 of a bushel,847,10
21642,45:11,1 homer is about 220 liters or 6 bushels,847,11
21643,45:12,A shekel is about 10 grams or about 0.35 ounces. a gerah is about 0.5 grams or about 7.7 grains A mina is about 600 grams or 1.3 U. S. pounds.,847,12
21645,45:14,"1 cor is the same as 1 homer in volume, and is about 211 liters, 55.9 gallons, or 6 bushels. 1 bath is about 21.1 liters, 5.59 gallons, or 2.4 pecks.",847,14
21655,45:24,1 ephah is about 22 liters or about 2/3 of a bushel A hin is about 6.5 liters or 1.7 gallons.,847,24
21661,46:5,A hin is about 6.5 liters or 1.7 gallons. 1 ephah is about 22 liters or about 2/3 of a bushel,848,5
21667,46:11,1 ephah is about 22 liters or about 2/3 of a bushel,848,11
21670,46:14,1 ephah is about 22 liters or about 2/3 of a bushel,848,14
21678,46:22,"A cubit is the length from the tip of the middle finger to the elbow on a man’s arm, or about 18 inches or 46 centimeters.",848,22
21683,47:3,"A cubit is the length from the tip of the middle finger to the elbow on a man’s arm, or about 18 inches or 46 centimeters.",849,3
21740,1:2,The word translated “Lord” is “Adonai.” The Hebrew word rendered “God” is “ אֱלֹהִ֑ים ” (Elohim).,851,2
21741,1:3,"or, seed",851,3
21790,2:31,"“Behold”, from “ הִנֵּה ”, means look at, take notice, observe, see, or gaze at. It is often used as an interjection.",852,31
21809,3:1,"A cubit is the length from the tip of the middle finger to the elbow on a man’s arm, or about 18 inches or 46 centimeters.",853,1
21833,3:25,"Or, the Son of God.",853,25
21991,9:2,"When rendered in ALL CAPITAL LETTERS, “LORD” or “GOD” is the translation of God’s Proper Name (Hebrew “ יהוה ”, usually pronounced Yahweh).",859,2
22014,9:25,“Anointed One” can also be translated “Messiah” (same as “Christ”).,859,25
22015,9:26,“Anointed One” can also be translated “Messiah” (same as “Christ”).,859,26
22020,10:4,"or, Tigris River",860,4
22096,1:1,"When rendered in ALL CAPITAL LETTERS, “LORD” or “GOD” is the translation of God’s Proper Name (Hebrew “ יהוה ”, usually pronounced Yahweh).",863,1
22101,1:6,Lo-Ruhamah means “not loved”.,863,6
22102,1:7,The Hebrew word rendered “God” is “ אֱלֹהִ֑ים ” (Elohim).,863,7
22104,1:9,Lo-Ammi means “not my people”.,863,9
22107,2:1,‘Ammi’ in Hebrew ‘Ruhamah’ in Hebrew,864,1
22112,2:6,"“Behold”, from “ הִנֵּה ”, means look at, take notice, observe, see, or gaze at. It is often used as an interjection.",864,6
22131,3:2,1 homer is about 220 liters or 6 bushels,865,2
22267,12:14,The word translated “Lord” is “Adonai.”,874,14
22281,13:14,Sheol is the place of the dead.,875,14
22293,1:1,"When rendered in ALL CAPITAL LETTERS, “LORD” or “GOD” is the translation of God’s Proper Name (Hebrew “ יהוה ”, usually pronounced Yahweh).",877,1
22305,1:13,The Hebrew word rendered “God” is “ אֱלֹהִ֑ים ” (Elohim).,877,13
22331,2:19,"“Behold”, from “ הִנֵּה ”, means look at, take notice, observe, see, or gaze at. It is often used as an interjection.",878,19
22367,1:2,"When rendered in ALL CAPITAL LETTERS, “LORD” or “GOD” is the translation of God’s Proper Name (Hebrew “ יהוה ”, usually pronounced Yahweh).",880,2
22373,1:8,The word translated “Lord” is “Adonai.”,880,8
22388,2:8,The Hebrew word rendered “God” is “ אֱלֹהִ֑ים ” (Elohim).,881,8
22393,2:13,"“Behold”, from “ הִנֵּה ”, means look at, take notice, observe, see, or gaze at. It is often used as an interjection.",881,13
22487,8:5,1 ephah is about 22 liters or about 2/3 of a bushel a normal shekel is about 10 grams or about 0.35 ounces.,887,5
22498,9:2,Sheol is the place of the dead.,888,2
22501,9:5,"When rendered in ALL CAPITAL LETTERS, “LORD” or “GOD” is the translation of God’s Proper Name (Hebrew “ יהוה ”, usually pronounced Yahweh).",888,5
22512,1:1,"The word translated “Lord” is “Adonai.” When rendered in ALL CAPITAL LETTERS, “LORD” or “GOD” is the translation of God’s Proper Name (Hebrew “ יהוה ”, usually pronounced Yahweh).",889,1
22513,1:2,"“Behold”, from “ הִנֵּה ”, means look at, take notice, observe, see, or gaze at. It is often used as an interjection.",889,2
22533,1:1,"When rendered in ALL CAPITAL LETTERS, “LORD” or “GOD” is the translation of God’s Proper Name (Hebrew “ יהוה ”, usually pronounced Yahweh).",890,1
22538,1:6,"or, gods or, gods",890,6
22541,1:9,The Hebrew word rendered “God” is “ אֱלֹהִ֑ים ” (Elohim).,890,9
22551,2:2,Sheol is the place of the dead.,891,2
22581,1:1,"When rendered in ALL CAPITAL LETTERS, “LORD” or “GOD” is the translation of God’s Proper Name (Hebrew “ יהוה ”, usually pronounced Yahweh).",894,1
22582,1:2,The word translated “Lord” is “Adonai.”,894,2
22583,1:3,"“Behold”, from “ הִנֵּה ”, means look at, take notice, observe, see, or gaze at. It is often used as an interjection.",894,3
22590,1:10,Beth Ophrah means literally “House of Dust.”,894,10
22616,3:7,The Hebrew word rendered “God” is “ אֱלֹהִ֑ים ” (Elohim).,896,7
22659,6:10,"An ephah is a measure of volume (about 22 liters or about 2/3 of a bushel), and a short ephah is made smaller than a full ephah for the purpose of cheating customers.",899,10
22687,1:2,"When rendered in ALL CAPITAL LETTERS, “LORD” or “GOD” is the translation of God’s Proper Name (Hebrew “ יהוה ”, usually pronounced Yahweh). The Hebrew word rendered “God” is “ אֱלֹהִ֑ים ” (Elohim).",901,2
22700,1:15,"“Behold”, from “ הִנֵּה ”, means look at, take notice, observe, see, or gaze at. It is often used as an interjection.",901,15
22721,3:8,"or, Thebes or, Nile",903,8
22734,1:2,"When rendered in ALL CAPITAL LETTERS, “LORD” or “GOD” is the translation of God’s Proper Name (Hebrew “ יהוה ”, usually pronounced Yahweh).",904,2
22738,1:6,"“Behold”, from “ הִנֵּה ”, means look at, take notice, observe, see, or gaze at. It is often used as an interjection.",904,6
22744,1:12,The Hebrew word rendered “God” is “ אֱלֹהִ֑ים ” (Elohim).,904,12
22754,2:5,Sheol is the place of the dead.,905,5
22788,3:19,The word translated “Lord” is “Adonai.”,906,19
22789,1:1,"When rendered in ALL CAPITAL LETTERS, “LORD” or “GOD” is the translation of God’s Proper Name (Hebrew “ יהוה ”, usually pronounced Yahweh).",907,1
22795,1:7,The word translated “Lord” is “Adonai.”,907,7
22813,2:7,The Hebrew word rendered “God” is “ אֱלֹהִ֑ים ” (Elohim).,908,7
22840,3:19,"“Behold”, from “ הִנֵּה ”, means look at, take notice, observe, see, or gaze at. It is often used as an interjection.",909,19
22842,1:1,"When rendered in ALL CAPITAL LETTERS, “LORD” or “GOD” is the translation of God’s Proper Name (Hebrew “ יהוה ”, usually pronounced Yahweh).",910,1
22850,1:9,"“Behold”, from “ הִנֵּה ”, means look at, take notice, observe, see, or gaze at. It is often used as an interjection.",910,9
22853,1:12,The Hebrew word rendered “God” is “ אֱלֹהִ֑ים ” (Elohim).,910,12
22880,1:1,"When rendered in ALL CAPITAL LETTERS, “LORD” or “GOD” is the translation of God’s Proper Name (Hebrew “ יהוה ”, usually pronounced Yahweh).",912,1
22887,1:8,"“Behold”, from “ הִנֵּה ”, means look at, take notice, observe, see, or gaze at. It is often used as an interjection.",912,8
22937,4:14,The word translated “Lord” is “Adonai.”,915,14
22939,5:2,"A cubit is the length from the tip of the middle finger to the elbow on a man’s arm, or about 18 inches or 46 centimeters.",916,2
22943,5:6,"An ephah is a measure of volume of about 22 liters, 5.8 U. S. gallons, or about 2/3 of a bushel.",916,6
22944,5:7,A talent is about 30 kilograms or 66 pounds. 1 ephah is about 22 liters or about 2/3 of a bushel,916,7
22963,6:15,The Hebrew word rendered “God” is “ אֱלֹהִ֑ים ” (Elohim).,917,15
23019,10:2,teraphim were household idols that may have been associated with inheritance rights to the household property.,921,2
23056,12:10,"After “me”, the Hebrew has the two letters “Aleph Tav” (the first and last letters of the Hebrew alphabet), not as a word, but as a grammatical marker.",923,10
23074,14:5,Septuagint reads “him” instead of “you”.,925,5
23090,14:21,"or, merchant",925,21
23091,1:1,"When rendered in ALL CAPITAL LETTERS, “LORD” or “GOD” is the translation of God’s Proper Name (Hebrew “ יהוה ”, usually pronounced Yahweh).",926,1
23099,1:9,The Hebrew word rendered “God” is “ אֱלֹהִ֑ים ” (Elohim).,926,9
23103,1:13,"“Behold”, from “ הִנֵּה ”, means look at, take notice, observe, see, or gaze at. It is often used as an interjection.",926,13
23104,1:14,The word translated “Lord” is “Adonai.”,926,14
23107,2:3,"or, seed",927,3
23146,1:1,Messiah (Hebrew) and Christ (Greek) both mean “Anointed One”,930,1
23151,1:6,NU omits “the king”.,930,6
23161,1:16,“Jesus” means “Salvation”.,930,16
23165,1:20,"“Behold”, from “ἰδοὺ”, means look at, take notice, observe, see, or gaze at. It is often used as an interjection.",930,20
23166,1:21,“Jesus” means “Salvation”.,930,21
23171,2:1,"The word for “wise men” (magoi) can also mean teachers, scientists, physicians, astrologers, seers, interpreters of dreams, or sorcerers.",931,1
23204,3:11,TR and NU add “and with fire”,932,11
23206,3:13,"i.e., the Jordan River",932,13
23220,4:10,TR and NU read “Go away” instead of “Get behind me”,933,10
23228,4:18,TR reads “Jesus” instead of “he”,933,18
23240,5:5,"or, land.",934,5
23253,5:18,"literally, iota or, serif",934,18
23257,5:22,"NU omits “without a cause”. “Raca” is an Aramaic insult, related to the word for “empty” and conveying the idea of empty-headedness. or, Hell",934,22
23261,5:26,"literally, kodrantes. A kodrantes was a small copper coin worth about 2 lepta (widow’s mites)—not enough to buy very much of anything.",934,26
23262,5:27,TR adds “to the ancients”.,934,27
23264,5:29,"or, Hell",934,29
23265,5:30,"or, Hell",934,30
23278,5:43,"not in the Bible, but see Qumran Manual of Discipline Ix, 21-26",934,43
23282,5:47,NU reads “Gentiles” instead of “tax collectors”.,934,47
23284,6:1,NU reads “acts of righteousness” instead of “charitable giving”,935,1
23296,6:13,"NU omits “For yours is the Kingdom, the power, and the glory forever. Amen.”",935,13
23310,6:27,"literally, cubit",935,27
23331,7:14,TR reads “Because” instead of “How”,936,14
23361,8:15,TR reads “them” instead of “him”,937,15
23374,8:28,NU reads “Gadarenes”,937,28
23393,9:13,NU omits “to repentance”.,938,13
23400,9:20,"or, tassel",938,20
23416,9:36,TR reads “weary” instead of “harassed”,938,36
23421,10:3,"NU omits “Lebbaeus, who was also called”",939,3
23426,10:8,"TR adds “raise the dead,”",939,8
23443,10:25,"Literally, Lord of the Flies, or the devil",939,25
23446,10:28,"or, Hell.",939,28
23447,10:29,An assarion is a small coin worth one tenth of a drachma or a sixteenth of a denarius. An assarion is approximately the wages of one half hour of agricultural labor.,939,29
23472,11:12,"or, plunder it.",940,12
23479,11:19,NU reads “actions” instead of “children”,940,19
23483,11:23,"or, Hell",940,23
23525,12:35,TR adds “of the heart”,941,35
23565,13:25,"darnel is a weed grass (probably bearded darnel or lolium temulentum) that looks very much like wheat until it is mature, when the difference becomes very apparent.",942,25
23573,13:33,"literally, three sata. Three sata is about 39 liters or a bit more than a bushel",942,33
23589,13:49,"or, end of the age.",942,49
23595,13:55,"or, Judah",942,55
23623,14:25,"The night was equally divided into four watches, so the fourth watch is approximately 3:00 a.m. to sunrise.",943,25
23625,14:27,"or, I AM!",943,27
23634,14:36,"or, tassel",943,36
23691,16:18,"Peter’s name, Petros in Greek, is the word for a specific rock or stone. Greek, petra, a rock mass or bedrock. or, Hell",945,18
23703,17:2,"or, transfigured",946,2
23722,17:21,NU omits verse 21.,946,21
23725,17:24,"A didrachma is a Greek silver coin worth 2 drachmas, about as much as 2 Roman denarii, or about 2 days’ wages. It was commonly used to pay the half-shekel temple tax, because 2 drachmas were worth one half shekel of silver. A shekel is about 10 grams or about 0.35 ounces.",946,24
23728,17:27,"A stater is a silver coin equivalent to four Attic or two Alexandrian drachmas, or a Jewish shekel: just exactly enough to cover the half-shekel temple tax for two people. A shekel is about 10 grams or about 0.35 ounces, usually in the form of a silver coin.",946,27
23737,18:9,"or, Hell",947,9
23739,18:11,NU omits verse 11.,947,11
23752,18:24,"Ten thousand talents (about 300 metric tons of silver) represents an extremely large sum of money, equivalent to about 60,000,000 denarii, where one denarius was typical of one day’s wages for agricultural labor.",947,24
23756,18:28,"100 denarii was about one sixtieth of a talent, or about 500 grams (1.1 pounds) of silver.",947,28
23780,19:17,So MT and TR. NU reads “Why do you ask me about what is good?”,948,17
23795,20:2,A denarius is a silver Roman coin worth 1/25th of a Roman aureus. This was a common wage for a day of farm labor.,949,2
23796,20:3,"Time was measured from sunrise to sunset, so the third hour would be about 9:00 a.m.",949,3
23798,20:5,noon and 3:00 p.m.,949,5
23799,20:6,5:00 p.m.,949,6
23819,20:26,TR reads “let him be” instead of “shall be”,949,26
23828,21:1,TR & NU read “Bethphage” instead of “Bethsphage”,950,1
23836,21:9,"“Hosanna” means “save us” or “help us, we pray”.",950,9
23897,22:24,"or, seed",951,24
23924,23:5,"phylacteries (tefillin in Hebrew) are small leather pouches that some Jewish men wear on their forehead and arm in prayer. They are used to carry a small scroll with some Scripture in it. See Deuteronomy 6:8 . or, tassels",952,5
23926,23:7,NU omits the second “Rabbi”.,952,7
23933,23:14,"Some Greek texts reverse the order of verses 13 and 14, and some omit verse 13, numbering verse 14 as 13. NU omits verse 14.",952,14
23934,23:15,"or, Hell",952,15
23940,23:21,NU reads “lives”,952,21
23942,23:23,"cumin is an aromatic seed from Cuminum cyminum, resembling caraway in flavor and appearance. It is used as a spice.",952,23
23944,23:25,TR reads “self-indulgence” instead of “unrighteousness”,952,25
23952,23:33,"or, Hell",952,33
23979,24:21,"or, oppression",953,21
23986,24:28,"or, eagles",953,28
23987,24:29,"or, oppression",953,29
23992,24:34,The word for “generation” (genea) can also be translated as “race.”,953,34
23994,24:36,NU adds “nor the son”,953,36
24016,25:7,The end of the wick of an oil lamp needs to be cut off periodically to avoid having it become clogged with carbon deposits. The wick height is also adjusted so that the flame burns evenly and gives good light without producing a lot of smoke.,954,7
24024,25:15,A talent is about 30 kilograms or 66 pounds (usually used to weigh silver unless otherwise specified),954,15
24049,25:40,The word for “brothers” here may be also correctly translated “brothers and sisters” or “siblings.”,954,40
24081,26:26,TR reads “blessed” instead of “gave thanks for”,955,26
24139,27:9,some manuscripts omit “Jeremiah”,956,9
24164,27:34,"or, vinegar Gall is a bitter-tasting, dark green oil from a wormwood plant that is alcoholic in its effect.",956,34
24165,27:35,"TR adds “that it might be fulfilled which was spoken by the prophet: ‘They divided my garments among them, and for my clothing they cast lots;’” [see Psalms 22:18 and John 19:24 ]",956,35
24171,27:41,TR omits “the Pharisees”,956,41
24175,27:45,noon 3:00 p.m.,956,45
24176,27:46,TR reads “lama” instead of “lima”,956,46
24206,28:10,The word for “brothers” here may be also correctly translated “brothers and sisters” or “siblings.”,957,10
24215,28:19,TR and NU add “therefore”,957,19
24218,1:2,"“Behold”, from “ἰδοὺ”, means look at, take notice, observe, see, or gaze at. It is often used as an interjection.",958,2
24220,1:4,"or, immersing",958,4
24224,1:8,The Greek word (en) translated here as “in” could also be translated as “with” in some contexts.,958,8
24247,1:31,NU omits “immediately”.,958,31
24318,3:29,"NU reads, guilty of an eternal sin.",960,29
24321,3:32,TR omits “your sisters”,960,32
24328,4:4,TR adds “of the air”,961,4
24345,4:21,"literally, a modion, a dry measuring basket containing about a peck (about 9 liters)",961,21
24441,6:33,TR reads “The multitudes” instead of “They”,963,33
24445,6:37,200 denarii was about 7 or 8 months wages for an agricultural laborer.,963,37
24452,6:44,TR adds “about”,963,44
24458,6:50,"or, “I AM!”",963,50
24464,6:56,"or, tassel",963,56
24475,7:11,Corban is a Hebrew word for an offering devoted to God.,964,11
24480,7:16,NU omits verse 16.,964,16
24483,7:19,"NU ends Jesus’ direct quote and question after “latrine”, ending the verse with “Thus he declared all foods clean.",964,19
24513,8:12,"The word translated “generation” here (genea) could also be translated “people”, “race”, or “family”.",965,12
24582,9:43,"or, Hell",966,43
24583,9:44,NU omits verse 44.,966,44
24584,9:45,"or, Hell",966,45
24585,9:46,NU omits verse 46.,966,46
24586,9:47,"or, Hell",966,47
24640,10:51,Rabboni is a transliteration of the Hebrew word for “great teacher.”,967,51
24642,11:1,TR & NU read “Bethphage” instead of “Bethsphage”,968,1
24650,11:9,"“Hosanna” means “save us” or “help us, we pray”.",968,9
24667,11:26,NU omits verse 26.,968,26
24716,12:42,"literally, lepta (or widow’s mites). Lepta are very small brass coins worth half a quadrans each, which is a quarter of the copper assarion. Lepta are worth less than 1% of an agricultural worker’s daily wages. A quadrans is a coin worth about 1/64 of a denarius. A denarius is about one day’s wages for an agricultural laborer.",969,42
24724,13:6,"or, “I AM!”",970,6
24748,13:30,"The word translated “generation” (genea) could also be translated “race”, “family”, or “people”.",970,30
24760,14:5,300 denarii was about a year’s wages for an agricultural laborer.,971,5
24791,14:36,"Abba is a Greek spelling for the Aramaic word for “Father” or “Daddy” used in a familiar, respectful, and loving way.",971,36
24852,15:25,9:00 a.m.,972,25
24855,15:28,NU omits verse 28.,972,28
24859,15:32,TR omits “him”,972,32
24860,15:33,"or, noon 3:00 p.m.",972,33
24882,16:8,"TR adds “quickly” One isolated manuscript omits verses 9-20 but adds this “short ending of Mark” to the end of verse 8: They told all that had been commanded them briefly to those around Peter. After that, Jesus himself sent them out, from east to west, with the sacred and imperishable proclamation of eternal salvation.",973,8
24883,16:9,"NU includes the text of verses 9-20, but mentions in a footnote that a few manuscripts omitted it. The translators of the World English Bible regard Mark 16:9-20 as reliable based on an overwhelming majority of textual evidence, including not only the authoritative Greek Majority Text New Testament, but also the TR and many of the manuscripts cited in the NU text.",973,9
24893,16:19,NU adds “Jesus”,973,19
24914,1:20,"“Behold”, from “ἰδοὺ”, means look at, take notice, observe, see, or gaze at. It is often used as an interjection.",974,20
24931,1:37,"or, “For everything spoken by God is possible.”",974,37
24949,1:55,"or, seed",974,55
24985,2:11,“Christ” means “Anointed One”.,975,11
25000,2:26,“Christ” (Greek) and “Messiah” (Hebrew) both mean “Anointed One”,975,26
25045,3:19,a tetrarch is one of four governors of a province TR reads “brother Philip’s” instead of “brother’s”,976,19
25059,3:33,"NU reads “Admin, the son of Arni” instead of “Aram”",976,33
25082,4:18,NU omits “to heal the broken hearted”,977,18
25173,6:26,TR adds “to you” TR adds “all”,979,26
25185,6:38,"literally, into your bosom.",979,38
25208,7:12,"The phrase “only born” is from the Greek word “μονογενη”, which is sometimes translated “only begotten” or “one and only”.",980,12
25227,7:31,"TR adds “But the Lord said,”",980,31
25249,8:3,TR reads “him” instead of “them”,981,3
25288,8:42,"The phrase “only born” is from the Greek word “μονογενη”, which is sometimes translated “only begotten” or “one and only”.",981,42
25290,8:44,"or, tassel",981,44
25303,9:1,TR reads “his twelve disciples” instead of “the twelve”,982,1
25312,9:10,NU omits “a desert region of”.,982,10
25325,9:23,"TR, NU add “daily”",982,23
25333,9:31,"literally, “exodus”",982,31
25340,9:38,"The phrase “only born” is from the Greek word “μονογενη”, which is sometimes translated “only begotten” or “one and only”.",982,38
25365,10:1,"literally, “before his face”",983,1
25379,10:15,"Hades is the lower realm of the dead, or Hell.",983,15
25465,12:5,"or, Hell",985,5
25466,12:6,An assarion was a small copper coin worth about an hour’s wages for an agricultural laborer.,985,6
25485,12:25,"A cubit is the length from the tip of the middle finger to the elbow on a man’s arm, or about 18 inches or 46 centimeters.",985,25
25519,12:59,"literally, lepton. A lepton is a very small brass Jewish coin worth half a Roman quadrans each, which is worth a quarter of the copper assarion. Lepta are worth less than 1% of an agricultural worker’s daily wages.",985,59
25540,13:21,"literally, three sata. 3 sata is about 39 liters or a bit more than a bushel.",986,21
25559,14:5,TR reads “donkey” instead of “son”,987,5
25578,14:24,"RP MT includes the last sentence. TR, NU, and FH MT omit: For many are called, but few are chosen.",987,24
25580,14:26,"or, hate",987,26
25597,15:8,A drachma coin was worth about a days wages for an agricultural laborer.,988,8
25627,16:6,100 batos is about 395 liters or 104 U. S. gallons.,989,6
25628,16:7,"100 cors = about 2,110 liters or 600 bushels.",989,7
25634,16:13,“Mammon” refers to riches or a false god of wealth.,989,13
25644,16:23,"or, Hell",989,23
25688,17:36,"Some Greek manuscripts add: “Two will be in the field: the one taken, and the other left.”",990,36
25745,19:13,10 minas was more than 3 years’ wages for an agricultural laborer.,992,13
25761,19:29,"TR, NU read “Bethpage” instead of “Bethsphage”",992,29
25781,20:1,TR adds “chief”,993,1
25789,20:9,NU (in brackets) and TR add “certain”,993,9
25829,21:2,"literally, “two lepta.” 2 lepta was about 1% of a day’s wages for an agricultural laborer.",994,2
25835,21:8,"or, I AM",994,8
25897,22:32,The word for “brothers” here may be also correctly translated “brothers and sisters” or “siblings.”,995,32
25953,23:17,NU omits verse 17.,996,17
25980,23:44,"Time was counted from sunrise, so the sixth hour was about noon. 3:00 p.m.",996,44
26005,24:13,60 stadia = about 11 kilometers or about 7 miles.,997,13
26050,1:5,The word translated “overcome” (κατέλαβεν) can also be translated “comprehended.” It refers to getting a grip on an enemy to defeat him.,998,5
26059,1:14,"The phrase “only born” is from the Greek word “μονογενους”, which is sometimes translated “only begotten” or “one and only”.",998,14
26062,1:17,“Christ” means “Anointed One”.,998,17
26063,1:18,"The phrase “only born” is from the Greek word “μονογενη”, which is sometimes translated “only begotten” or “one and only”. NU reads “God”",998,18
26074,1:29,"“Behold”, from “ἰδοὺ”, means look at, take notice, observe, see, or gaze at. It is often used as an interjection.",998,29
26084,1:39,4:00 p.m.,998,39
26086,1:41,“Messiah” (Hebrew) and “Christ” (Greek) both mean “Anointed One”.,998,41
26087,1:42,“Cephas” (Aramaic) and “Peter” (Greek) both mean “Rock”.,998,42
26102,2:6,"2 to 3 metretes is about 20 to 30 U. S. Gallons, or 75 to 115 liters.",999,6
26124,3:3,The word translated “anew” here and in John 3:7 (ἄνωθεν) also means “again” and “from above”.,1000,3
26129,3:8,"The same Greek word (πνεῦμα) means wind, breath, and spirit.",1000,8
26137,3:16,"The phrase “only born” is from the Greek word “μονογενη”, which is sometimes translated “only begotten” or “one and only”.",1000,16
26157,3:36,The same word can be translated “disobeys” or “disbelieves” in this context.,1000,36
26163,4:6,noon,1001,6
26182,4:25,“Messiah” (Hebrew) and “Christ” (Greek) both mean “Anointed One”.,1001,25
26209,4:52,1:00 p.m.,1001,52
26215,5:4,NU omits from “waiting” in verse 3 to the end of verse 4.,1002,4
26265,6:7,"A denarius was a silver coin worth about a day’s wages for an agricultural laborer, so 200 denarii would be between 6 and 7 month’s pay.",1003,7
26277,6:19,25 to 30 stadia is about 5 to 6 kilometers or about 3 to 4 miles,1003,19
26278,6:20,"or, I AM",1003,20
26289,6:31,"Greek and Hebrew use the same word for “heaven”, “the heavens”, “the sky”, and “the air”.",1003,31
26371,7:42,"or, seed",1004,42
26393,8:11,"NU includes John 7:53 – John 8:11, but puts brackets around it to indicate that the textual critics had less confidence that this was original.",1005,11
26406,8:24,"or, I AM",1005,24
26504,10:22,"The “Feast of the Dedication” is the Greek name for “Hanukkah”, a celebration of the rededication of the Temple.",1007,22
26540,11:16,“Didymus” means “Twin”.,1008,16
26542,11:18,15 stadia is about 2.8 kilometers or 1.7 miles,1008,18
26565,11:41,NU omits “from the place where the dead man was lying.”,1008,41
26584,12:3,"a Roman pound of 12 ounces, or about 340 grams",1009,3
26586,12:5,300 denarii was about a year’s wages for an agricultural laborer.,1009,5
26594,12:13,"“Hosanna” means “save us” or “help us, we pray”.",1009,13
26685,14:16,"Greek παρακλητον: Counselor, Helper, Intercessor, Advocate, and Comforter.",1011,16
26726,15:26,"Greek Parakletos: Counselor, Helper, Advocate, Intercessor, and Comforter.",1012,26
26730,16:3,TR adds “to you”,1013,3
26742,16:15,TR reads “will take” instead of “takes”,1013,15
26840,19:14,"“the sixth hour” would have been 6:00 a.m. according to the Roman timekeeping system, or noon for the Jewish timekeeping system in use, then.",1016,14
26854,19:28,"NU, TR read “knowing” instead of “seeing”",1016,28
26865,19:39,"100 Roman pounds of 12 ounces each, or about 72 pounds, or 33 Kilograms.",1016,39
26884,20:16,"Rabboni is a transliteration of the Hebrew word for “great teacher.” or, Master",1017,16
26892,20:24,"or, Twin",1017,24
26897,20:29,"TR adds “Thomas,”",1017,29
26901,21:2,"or, Twin",1018,2
26907,21:8,200 cubits is about 100 yards or about 91 meters,1018,8
26922,21:23,The word for “brothers” here may be also correctly translated “brothers and sisters” or “siblings.”,1018,23
26934,1:10,"“Behold”, from “ἰδοὺ”, means look at, take notice, observe, see, or gaze at. It is often used as an interjection.",1019,10
26965,2:15,about 9:00 a.m.,1020,15
26977,2:27,"or, Hell",1020,27
26980,2:30,“Christ” means “Anointed One”.,1020,30
26981,2:31,"or, Hell",1020,31
26998,3:1,3:00 p.m.,1021,1
27014,3:17,The word for “brothers” here may be also correctly translated “brothers and sisters” or “siblings.”,1021,17
27022,3:25,"or, seed",1021,25
27049,4:26,Christ (Greek) and Messiah (Hebrew) both mean Anointed One.,1022,26
27050,4:27,"nu adds “in this city,”",1022,27
27103,6:1,"The Hellenists used Greek language and culture, even though they were also of Hebrew descent.",1024,1
27140,7:23,The word for “brothers” here and where the context allows may be also correctly translated “brothers and sisters” or “siblings.”,1025,23
27154,7:37,TR adds “You shall listen to him.”,1025,37
27159,7:42,"This idiom could also be translated “host of heaven”, or “angelic beings”, or “heavenly bodies.”",1025,42
27214,8:37,"TR adds Philip said, “If you believe with all your heart, you may.” He answered, “I believe that Jesus Christ is the Son of God.”",1026,37
27222,9:5,TR adds “It’s hard for you to kick against the cattle prods.”,1027,5
27223,9:6,TR omits “But”,1027,6
27228,9:11,"or, Judas",1027,11
27245,9:28,TR and NU add “and going out”,1027,28
27246,9:29,TR and NU omit “Jesus” and reverse the order of verses 28 & 29. The Hellenists were Hebrews who used Greek language and culture.,1027,29
27247,9:30,The word for “brothers” here and where the context allows may also be correctly translated “brothers and sisters” or “siblings.”,1027,30
27253,9:36,“Dorcas” is Greek for “Gazelle.”,1027,36
27255,9:38,"Reading from NU, TR; MT omits “two men”",1027,38
27263,10:3,3:00 p.m.,1028,3
27266,10:6,TR adds “This one will tell you what it is necessary for you to do.”,1028,6
27279,10:19,Reading from TR and NU. MT omits “three”,1028,19
27290,10:30,3:00 p.m.,1028,30
27299,10:39,TR omits “also”,1028,39
27309,11:1,The word for “brothers” here and where context allows may also be correctly translated “brothers and sisters” or “siblings.”,1029,1
27328,11:20,A Hellenist is someone who keeps Greek customs and culture.,1029,20
27363,12:25,TR reads “from” instead of “to”,1030,25
27380,13:17,"TR, NU add “Israel”",1031,17
27386,13:23,"TR, NU read “a Savior, Jesus” instead of “salvation”",1031,23
27387,13:24,"TR, NU read “to all the people of Israel” instead of “to Israel”",1031,24
27401,13:38,The word for “brothers” here and where the context allows may also be correctly translated “brothers and sisters” or “siblings.”,1031,38
27417,14:2,"or, disobedient",1032,2
27432,14:17,TR reads “us” instead of “you”,1032,17
27444,15:1,The word for “brothers” here and where the context allows may also be correctly translated “brothers and sisters” or “siblings.”,1033,1
27454,15:11,TR adds “Christ”,1033,11
27465,15:22,The word for “brothers” here and where the context allows may also be correctly translated “brothers and sisters” or “siblings.”,1033,22
27477,15:34,Some manuscripts add: But it seemed good to Silas to stay there.,1033,34
27529,17:5,"TR reads “And the Jews who were unpersuaded, becoming envious and taking along” instead of “But the unpersuaded Jews took along”",1035,5
27530,17:6,The word for “brothers” here and where the context allows may be also correctly translated “brothers and sisters” or “siblings.”,1035,6
27542,17:18,TR omits “also”,1035,18
27576,18:18,The word for “brothers” here and where the context allows may also be correctly translated “brothers and sisters” or “siblings.”,1036,18
27590,19:4,NU omits Christ.,1037,4
27605,19:19,"The 50,000 pieces of silver here probably referred to 50,000 drachmas. If so, the value of the burned books was equivalent to about 160 man-years of wages for agricultural laborers",1037,19
27635,20:8,TR reads “they” instead of “we”,1038,8
27648,20:21,TR adds “Christ”,1038,21
27655,20:28,"TR, NU omit “the Lord and”",1038,28
27659,20:32,The word for “brothers” here and where the context allows may also be correctly translated “brothers and sisters” or “siblings.”,1038,32
27758,23:23,about 9:00 p.m.,1041,23
27776,24:6,"TR adds “We wanted to judge him according to our law,”",1042,6
27777,24:7,"TR adds “but the commanding officer, Lysias, came by and with great violence took him out of our hands,”",1042,7
27778,24:8,TR adds “commanding his accusers to come to you.”,1042,8
27870,27:14,"Or, “a northeaster”.",1045,14
27884,27:28,20 fathoms = 120 feet = 36.6 meters 15 fathoms = 90 feet = 27.4 meters,1045,28
27901,28:1,NU reads “we”,1046,1
27914,28:14,The word for “brothers” here and where context allows may also be correctly translated “brothers and sisters” or “siblings.”,1046,14
27929,28:29,NU omits verse 29.,1046,29
27932,1:1,“Christ” means “Anointed One”.,1047,1
27934,1:3,"or, seed",1047,3
28017,3:25,"or, a propitiation",1049,25
28093,7:1,The word for “brothers” here and where context allows may also be correctly translated “brothers and sisters” or “siblings.”,1053,1
28118,8:1,"NU omits “who don’t walk according to the flesh, but according to the Spirit”",1054,1
28132,8:15,"Abba is an Aramaic word for “Father” or “Daddy”, which can be used affectionately and respectfully in prayer to our Father in heaven.",1054,15
28146,8:29,The word for “brothers” here and where context allows may also be correctly translated “brothers and sisters” or “siblings.”,1054,29
28167,9:11,"NU puts the phrase “not of works, but of him who calls” at the beginning of verse 12 instead of the end of verse 11.",1055,11
28185,9:29,Greek: Sabaoth (or Hebrew: Tze’va’ot),1055,29
28189,9:33,"“Behold”, from “ἰδοὺ”, means look at, take notice, observe, see, or gaze at. It is often used as an interjection.",1055,33
28193,10:4,"or, completion, or end",1056,4
28235,11:25,The word for “brothers” here and where context allows may also be correctly translated “brothers and sisters” or “siblings.”,1057,25
28276,13:9,"TR adds “You shall not give false testimony,”",1059,9
28307,14:26,TR places verses 24-26 after Romans 16:24 as verses 25-27.,1060,26
28314,15:7,TR reads “us” instead of “you”,1061,7
28321,15:14,The word for “brothers” here and where context allows may also be correctly translated “brothers and sisters” or “siblings.”,1061,14
28341,16:1,"or, deacon",1062,1
28354,16:14,The word for “brothers” here and where context allows may also be correctly translated “brothers and sisters” or “siblings.”,1062,14
28365,16:25,"TR places Romans 14:24-26 at the end of Romans instead of at the end of chapter 14, and numbers these verses 16:25-27.",1062,25
28366,1:1,“Christ” means “Anointed One”.,1063,1
28375,1:10,The word for “brothers” here and where context allows may also be correctly translated “brothers and sisters” or “siblings.”,1063,10
28492,7:3,NU and TR have “what is owed her” instead of “the affection owed her”.,1069,3
28562,9:20,NU adds: though I myself am not under the law,1071,20
28578,10:9,NU reads “the Lord” instead of “Christ”.,1072,9
28605,11:3,"or, origin or, origin or, origin",1073,3
28638,12:2,or Gentiles,1074,2
28686,14:6,The word for “brothers” here and where context allows may also be correctly translated “brothers and sisters” or “siblings.”,1076,6
28769,15:49,"NU, TR read “we will” instead of “let’s”",1077,49
28770,15:50,The word for “brothers” here and where context allows may also be correctly translated “brothers and sisters” or “siblings.”,1077,50
28771,15:51,"“Behold”, from “ἰδοὺ”, means look at, take notice, observe, see, or gaze at. It is often used as an interjection.",1077,51
28775,15:55,"or, Hell",1077,55
28800,16:22,Greek: anathema. Aramaic: Maranatha!,1078,22
28803,1:1,“Christ” means “Anointed One”.,1079,1
28810,1:8,The word for “brothers” here and where context allows may also be correctly translated “brothers and sisters” or “siblings.”,1079,8
28813,1:11,+ MT: your; TR and NU: our,1079,11
28896,5:17,"“Behold”, from “ἰδοὺ”, means look at, take notice, observe, see, or gaze at. It is often used as an interjection.",1083,17
29013,11:22,"or, seed",1089,22
29060,1:1,“Christ” means “Anointed One”.,1092,1
29061,1:2,The word for “brothers” here and where context allows may also be correctly translated “brothers and sisters” or “siblings.”,1092,2
29079,1:20,"“Behold”, from “ἰδοὺ”, means look at, take notice, observe, see, or gaze at. It is often used as an interjection.",1092,20
29120,3:16,"or, seed or, seeds",1094,16
29139,4:6,"Abba is a Greek spelling for the Aramaic word for “Father” or “Daddy” used in a familiar, respectful, and loving way.",1095,6
29186,5:22,"or, faithfulness",1096,22
29209,1:1,“Christ” means “Anointed One”.,1098,1
29226,1:18,TR reads “understanding” instead of “hearts”,1098,18
29262,3:9,TR reads “fellowship” instead of “administration”,1100,9
29285,4:11,"or, pastors",1101,11
29301,4:27,"or, opportunity",1101,27
29356,6:17,"from the Greek “ῥῆμα” (rhema), which means “spoken word”",1103,17
29364,1:1,"“Christ” means “Anointed One”. or, superintendents, or bishops Or, deacons",1104,1
29368,1:5,The word translated “partnership” (κοινωνίᾳ) also means “fellowship” and “sharing”.,1104,5
29375,1:12,The word for “brothers” here and where context allows may also be correctly translated “brothers and sisters” or “siblings.”,1104,12
29376,1:13,"or, praetorian",1104,13
29389,1:26,"or, rejoicing",1104,26
29468,1:1,“Christ” means “Anointed One”.,1108,1
29469,1:2,The word for “brothers” here and where context allows may also be correctly translated “brothers and sisters” or “siblings.”,1108,2
29474,1:7,NU reads our,1108,7
29481,1:14,"TR adds “through his blood,”",1108,14
29563,1:1,“Christ” means “Anointed One”.,1112,1
29566,1:4,The word for “brothers” here and where context allows may also be correctly translated “brothers and sisters” or “siblings.”,1112,4
29591,2:19,TR adds “Christ”,1113,19
29609,4:4,"literally, possess his own vessel",1115,4
29654,1:3,The word for “brothers” here and where context allows may also be correctly translated “brothers and sisters” or “siblings.”,1117,3
29663,1:12,TR adds “Christ”,1117,12
29666,2:3,"or, falling away , or, defection",1118,3
29699,1:1,NU reads Christ Jesus and omits the Lord.,1120,1
29727,2:9,"The word for “not” is the negative particle “μη” which denies an expected idea, as opposed to the usual word for “not” (ου) which denies a fact. Thus “μη” in this context is denying an expected idea (that women can be properly dressed without good works).",1121,9
29734,3:1,"or, superintendent, or bishop",1122,1
29741,3:8,"or, Deacons.",1122,8
29743,3:10,"or, serve as deacons",1122,10
29745,3:12,"or, deacons",1122,12
29746,3:13,"or, served well as deacons",1122,13
29749,3:16,NU replaces “God” with “who”,1122,16
29769,5:4,TR adds “good and”,1124,4
29795,6:5,NU omits “Withdraw yourself from such.”,1125,5
29812,1:1,“Christ” means “Anointed One”.,1126,1
29837,2:8,"or, seed",1127,8
29848,2:19,TR reads “Christ” instead of “the Lord”,1127,19
29871,3:16,"or, Every writing inspired by God is",1128,16
29895,1:1,“Christ” means “Anointed One”.,1130,1
29941,1:1,“Christ” means “Anointed One”.,1133,1
29950,1:10,Onesimus means “useful”.,1133,10
29986,2:7,TR adds “and set him over the works of your hands”,1135,7
29990,2:11,The word for “brothers” here and where context allows may also be correctly translated “brothers and sisters” or “siblings.”,1135,11
29995,2:16,"or, seed",1135,16
30003,3:6,“Christ” means “Anointed One”.,1136,6
30102,8:8,"“Behold”, from “ἰδοὺ”, means look at, take notice, observe, see, or gaze at. It is often used as an interjection.",1141,8
30105,8:11,TR reads “neighbor” instead of “fellow citizen”,1141,11
30108,9:1,TR adds “tabernacle”,1142,1
30181,11:7,"or, reverence",1144,7
30187,11:13,TR adds “and being convinced of”,1144,13
30191,11:17,"The phrase “only born” is from the Greek word “μονογενη”, which is sometimes translated “only begotten” or “one and only”.",1144,17
30234,12:20,TR adds “or shot with an arrow”,1145,20
30269,1:1,“Christ” means “Anointed One”.,1147,1
30270,1:2,The word for “brothers” here and where context allows may also be correctly translated “brothers and sisters” or “siblings.”,1147,2
30289,1:21,"or, preserve your life.",1147,21
30297,2:2,"or, meeting",1148,2
30325,3:4,"“Behold”, from “ἰδοὺ”, means look at, take notice, observe, see, or gaze at. It is often used as an interjection.",1149,4
30327,3:6,"or, Hell",1149,6
30360,5:4,Greek: Sabaoth (or Hebrew: Tze’va’ot),1151,4
30368,5:12,TR reads “under judgment” instead of “into hypocrisy”,1151,12
30377,1:1,“Christ” means “Anointed One”.,1152,1
30389,1:13,"literally, “gird up the waist of your mind” or “put on the belt of the waist of your mind”",1152,13
30407,2:6,"“Behold”, from “ הִנֵּה ” or “ἰδοὺ”, means look at, take notice, observe, see, or gaze at. It is often used as an interjection.",1153,6
30422,2:21,TR reads “us” instead of “you”,1153,21
30425,2:24,"or, stripes",1153,24
30426,2:25,"“Overseer” is from the Greek ἐπίσκοπον, which can mean overseer, curator, guardian, or superintendent.",1153,25
30482,1:1,“Christ” means “Anointed One”.,1157,1
30491,1:10,The word for “brothers” here and where context allows may also be correctly translated “brothers and sisters” or “siblings.”,1157,10
30504,2:2,TR reads “destructive” instead of “immoral”,1158,2
30506,2:4,Tartarus is another name for Hell,1158,4
30545,1:3,“Christ” means “Anointed One”.,1160,3
30553,2:1,"Greek παρακλητον: Counselor, Helper, Intercessor, Advocate, and Comforter.",1161,1
30554,2:2,"“atoning sacrifice” is from the Greek “ιλασμος”, an appeasing, propitiating, or the means of appeasement or propitiation—the sacrifice that turns away God’s wrath because of our sin.",1161,2
30572,2:20,"Or, “know what is true”, or, “know all things”",1161,20
30575,2:23,MT omits: He who confesses the Son has the Father also.,1161,23
30614,4:9,"The phrase “only born” is from the Greek word “μονογενη”, which is sometimes translated “only begotten” or “one and only”.",1163,9
30615,4:10,"“atoning sacrifice” is from the Greek “ιλασμος”, an appeasing, propitiating, or the means of appeasement or propitiation—the sacrifice that turns away God’s wrath because of our sin.",1163,10
30624,4:19,NU omits “him”.,1163,19
30633,5:7,"Only a few recent manuscripts add “in heaven: the Father, the Word, and the Holy Spirit; and these three are one. And there are three that testify on earth:”",1164,7
30650,1:3,“Christ” means “Anointed One”.,1165,3
30675,1:1,"or, Judah “Christ” means “Anointed One”.",1167,1
30688,1:14,"“Behold”, from “ἰδοὺ”, means look at, take notice, observe, see, or gaze at. It is often used as an interjection.",1167,14
30698,1:24,TR and NU read “you”,1167,24
30700,1:1,"“Christ” means “Anointed One”. or, messenger (here and wherever angel is mentioned)",1168,1
30706,1:7,"“Behold”, from “ἰδοὺ”, means look at, take notice, observe, see, or gaze at. It is often used as an interjection.",1168,7
30707,1:8,TR adds “the Beginning and the End” TR omits “God”,1168,8
30710,1:11,"TR adds “I am the Alpha and the Omega, the First and the Last.” TR adds “which are in Asia”",1168,11
30717,1:18,"or, Hell",1168,18
30719,1:20,"or, messengers (here and wherever angels are mentioned)",1168,20
30722,2:3,TR adds “have labored and”,1169,3
30734,2:15,TR reads “which I hate” instead of “likewise”,1169,15
30736,2:17,"Manna is supernatural food, named after the Hebrew for “What is it?”. See Exodus 11:7-9 .",1169,17
30739,2:20,"TR, NU read “that” instead of “your”",1169,20
30750,3:2,NU & TR read “which were about to die” instead of “which you were about to throw away”.,1170,2
30762,3:14,"or, Source, or Head",1170,14
30778,4:8,Hodges/Farstad MT reads “holy” 9 times instead of 3.,1171,8
30781,4:11,"TR omits “and God, the Holy One,”",1171,11
30794,5:13,TR omits “Amen!”,1172,13
30795,5:14,TR adds “twenty-four” TR adds “the one living forever and ever”,1172,14
30801,6:6,A choenix is a dry volume measure that is a little more than a liter (a little more than a quart).,1173,6
30803,6:8,"or, Hell",1173,8
30806,6:11,The word for “brothers” here and where context allows may also be correctly translated “brothers and sisters” or “siblings.”,1173,11
30826,7:14,"or, oppression",1174,14
30836,8:7,TR omits “One third of the earth was burned up”,1175,7
30842,8:13,TR reads “angel” instead of “eagle”,1175,13
30844,9:2,TR adds “great”,1176,2
30853,9:11,"“Abaddon” is a Hebrew word that means “ruin”, “destruction”, or “the place of destruction” “Apollyon” means “Destroyer”.",1176,11
30858,9:16,"literally, “ten thousands of ten thousands”",1176,16
30863,9:21,"The word for “sorceries” (pharmakeia) also implies the use of potions, poisons, and drugs",1176,21
30874,10:11,TR reads “He” instead of “They”,1177,11
30891,11:17,TR adds “and who is coming”,1178,17
30910,12:17,"or, seed",1179,17
30911,13:1,NU reads he stood,1180,1
30920,13:10,"TR reads “If anyone leads into captivity, into captivity he goes. If anyone will kill with the sword, he must be killed with a sword.” instead of “If anyone is to go into captivity, he will go into captivity. If anyone is to be killed with the sword, he must be killed.”",1180,10
30924,13:14,NU omits “my own”,1180,14
30933,14:5,TR adds “before the throne of God”,1181,5
30948,14:20,1600 stadia = 296 kilometers or 184 miles,1181,20
30950,15:2,"TR adds “his mark,”",1182,2
30968,16:12,"or, east",1183,12
30977,16:21,A talent is about 30 kilograms or 66 pounds.,1183,21
30985,17:8,TR reads “yet is” instead of “shall be present”,1184,8
31036,19:17,TR reads “supper of the great God” instead of “great supper of God”,1186,17
31042,20:2,TR and NU omit “who deceives the whole inhabited earth”.,1187,2
31053,20:13,"or, Hell",1187,13
31054,20:14,"or, Hell",1187,14
31063,21:8,TR and NU omit “sinners” The word for “sorcerers” here also includes users of potions and drugs.,1188,8
31071,21:16,"12,012 stadia = 2,221 kilometers or 1,380 miles. TR reads 12,000 stadia instead of 12,012 stadia.",1188,16
31072,21:17,144 cubits is about 65.8 meters or 216 feet,1188,17
31074,21:19,"or, lapis lazuli",1188,19
31083,22:1,TR adds “pure”,1189,1
31096,22:14,NU reads “wash their robes” instead of “do his commandments”.,1189,14
31101,22:19,TR reads “Book” instead of “tree”,1189,19
