pdf_page,printed_page,block_order,text,clean_text,bbox,bbox_normalized
11,,1,GLOSSARY,GLOSSARY,"[212.75, 13.828, 294.215, 28.828]","[0.410794, 0.019348, 0.568092, 0.040336]"
11,,2,Hijrah,Hijrah,"[261.95, 34.29, 478.925, 44.77]","[0.505793, 0.047978, 0.924744, 0.062642]"
11,,2,Immigration of Muhammad from,Immigration of Muhammad from,"[261.95, 44.77, 478.925, 55.251]","[0.505793, 0.062642, 0.924744, 0.077307]"
11,,2,Mecca to Medina. Islamic Calendar,Mecca to Medina. Islamic Calendar,"[261.95, 55.251, 478.925, 65.732]","[0.505793, 0.077307, 0.924744, 0.091971]"
11,,2,began that year.,began that year.,"[261.95, 65.732, 478.925, 76.213]","[0.505793, 0.091971, 0.924744, 0.106636]"
11,,2,Hijrah Calendar,Hijrah Calendar,"[261.95, 76.213, 478.925, 86.694]","[0.505793, 0.106636, 0.924744, 0.121301]"
11,,2,Lunar Calendar. Names,Lunar Calendar. Names,"[261.95, 86.694, 478.925, 97.174]","[0.505793, 0.121301, 0.924744, 0.135965]"
11,,2,and numbers of the months are:,and numbers of the months are:,"[261.95, 97.174, 478.925, 107.655]","[0.505793, 0.135965, 0.924744, 0.15063]"
11,,2,1. Muharram.,1. Muharram.,"[261.95, 107.655, 478.925, 118.136]","[0.505793, 0.15063, 0.924744, 0.165294]"
11,,2,2. Safar.,2. Safar.,"[261.95, 118.136, 478.925, 128.617]","[0.505793, 0.165294, 0.924744, 0.179959]"
11,,2,3. Rabi‘ I.,3. Rabi‘ I.,"[261.95, 128.617, 478.925, 139.097]","[0.505793, 0.179959, 0.924744, 0.194623]"
11,,2,4. Rabi‘ II.,4. Rabi‘ II.,"[261.95, 139.097, 478.925, 149.578]","[0.505793, 0.194623, 0.924744, 0.209288]"
11,,2,5. Jumada I.,5. Jumada I.,"[261.95, 149.578, 478.925, 160.059]","[0.505793, 0.209288, 0.924744, 0.223953]"
11,,2,6. Jumada II.,6. Jumada II.,"[261.95, 160.059, 478.925, 170.54]","[0.505793, 0.223953, 0.924744, 0.238617]"
11,,3,A. H.,A. H.,"[33.25, 35.49, 232.57, 41.652]","[0.064202, 0.049657, 0.449063, 0.058279]"
11,,3,After Hijrah (see Hijrah).,After Hijrah (see Hijrah).,"[33.25, 41.652, 232.57, 47.815]","[0.064202, 0.058279, 0.449063, 0.066902]"
11,,3,Aad,Aad,"[33.25, 47.815, 232.57, 53.977]","[0.064202, 0.066902, 0.449063, 0.075524]"
11,,3,Rebellious people of Irum. Com­,Rebellious people of Irum. Com,"[33.25, 53.977, 232.57, 60.14]","[0.064202, 0.075524, 0.449063, 0.084147]"
11,,4,munity to which Hood was sent.,munity to which Hood was sent.,"[33.7, 61.89, 242.65, 71.627]","[0.06507, 0.086595, 0.468527, 0.10022]"
11,,4,Ahzaab Parties; Battle of Al-Ahzaab.,Ahzaab Parties; Battle of Al-Ahzaab.,"[33.7, 71.627, 242.65, 81.365]","[0.06507, 0.10022, 0.468527, 0.113845]"
11,,4,Alem,Alem,"[33.7, 81.365, 242.65, 91.102]","[0.06507, 0.113845, 0.468527, 0.127469]"
11,,4,Religious scholar. Scientist. Knowl­,Religious scholar. Scientist. Knowl,"[33.7, 91.102, 242.65, 100.84]","[0.06507, 0.127469, 0.468527, 0.141094]"
11,,5,7. Rajab.,7. Rajab.,"[398.5, 97.54, 457.185, 109.156]","[0.769454, 0.136476, 0.882766, 0.15273]"
11,,5,8. Sha'ban.,8. Sha'ban.,"[398.5, 109.156, 457.185, 120.773]","[0.769454, 0.15273, 0.882766, 0.168984]"
11,,5,9. Ramadan.,9. Ramadan.,"[398.5, 120.773, 457.185, 132.39]","[0.769454, 0.168984, 0.882766, 0.185238]"
11,,6,edgeable person. Plural is ‘Ulama.,edgeable person. Plural is ‘Ulama.,"[33.95, 102.54, 253.315, 111.915]","[0.065553, 0.143472, 0.48912, 0.15659]"
11,,6,Al-Hamdu Lillah Praise be to God.,Al-Hamdu Lillah Praise be to God.,"[33.95, 111.915, 253.315, 121.29]","[0.065553, 0.15659, 0.48912, 0.169707]"
11,,6,Allah,Allah,"[33.95, 121.29, 253.315, 130.665]","[0.065553, 0.169707, 0.48912, 0.182825]"
11,,6,"God, The God, The only God.","God, The God, The only God.","[33.95, 130.665, 253.315, 140.04]","[0.065553, 0.182825, 0.48912, 0.195942]"
11,,6,Allahu Akbar,Allahu Akbar,"[33.95, 140.04, 253.315, 149.415]","[0.065553, 0.195942, 0.48912, 0.209059]"
11,,6,God is Great.,God is Great.,"[33.95, 149.415, 253.315, 158.79]","[0.065553, 0.209059, 0.48912, 0.222177]"
11,,6,Allat,Allat,"[33.95, 158.79, 253.315, 168.165]","[0.065553, 0.222177, 0.48912, 0.235294]"
11,,6,Idol of idolatrous Arabia before,Idol of idolatrous Arabia before,"[33.95, 168.165, 253.315, 177.54]","[0.065553, 0.235294, 0.48912, 0.248412]"
11,,6,Muhammad; claimed to be,Muhammad; claimed to be,"[33.95, 177.54, 253.315, 186.915]","[0.065553, 0.248412, 0.48912, 0.261529]"
11,,6,“daughter of God!”,“daughter of God!”,"[33.95, 186.915, 253.315, 196.29]","[0.065553, 0.261529, 0.48912, 0.274646]"
11,,6,Arafat,Arafat,"[33.95, 196.29, 253.315, 205.665]","[0.065553, 0.274646, 0.48912, 0.287764]"
11,,6,Knoll near Mecca where pilgrims,Knoll near Mecca where pilgrims,"[33.95, 205.665, 253.315, 215.04]","[0.065553, 0.287764, 0.48912, 0.300881]"
11,,6,spend a day of commemorating God,spend a day of commemorating God,"[33.95, 215.04, 253.315, 224.415]","[0.065553, 0.300881, 0.48912, 0.313999]"
11,,6,during Hajj or Umrah pilgrimage.,during Hajj or Umrah pilgrimage.,"[33.95, 224.415, 253.315, 233.79]","[0.065553, 0.313999, 0.48912, 0.327116]"
11,,6,Ansaar,Ansaar,"[33.95, 233.79, 253.315, 243.165]","[0.065553, 0.327116, 0.48912, 0.340233]"
11,,6,The helpers or allies. Inhabitants of,The helpers or allies. Inhabitants of,"[33.95, 243.165, 253.315, 252.54]","[0.065553, 0.340233, 0.48912, 0.353351]"
11,,6,Medina who were the first to,Medina who were the first to,"[33.95, 252.54, 253.315, 261.915]","[0.065553, 0.353351, 0.48912, 0.366468]"
11,,6,embrace Islam. They offered help,embrace Islam. They offered help,"[33.95, 261.915, 253.315, 271.29]","[0.065553, 0.366468, 0.48912, 0.379586]"
11,,6,to the immigrants who fled Mecca,to the immigrants who fled Mecca,"[33.95, 271.29, 253.315, 280.665]","[0.065553, 0.379586, 0.48912, 0.392703]"
11,,6,(see Muhajireen).,(see Muhajireen).,"[33.95, 280.665, 253.315, 290.04]","[0.065553, 0.392703, 0.48912, 0.40582]"
11,,6,Ayah,Ayah,"[33.95, 290.04, 253.315, 299.415]","[0.065553, 0.40582, 0.48912, 0.418938]"
11,,6,Sign. Miracle. Verse.,Sign. Miracle. Verse.,"[33.95, 299.415, 253.315, 308.79]","[0.065553, 0.418938, 0.48912, 0.432055]"
11,,6,Ayaat,Ayaat,"[33.95, 308.79, 253.315, 318.165]","[0.065553, 0.432055, 0.48912, 0.445172]"
11,,6,Plural of Ayah.,Plural of Ayah.,"[33.95, 318.165, 253.315, 327.54]","[0.065553, 0.445172, 0.48912, 0.45829]"
11,,6,"Ayyoub Job, a messenger of God.","Ayyoub Job, a messenger of God.","[33.95, 327.54, 253.315, 336.915]","[0.065553, 0.45829, 0.48912, 0.471407]"
11,,6,Azan,Azan,"[33.95, 336.915, 253.315, 346.29]","[0.065553, 0.471407, 0.48912, 0.484525]"
11,,6,The call to Salat prayer.,The call to Salat prayer.,"[33.95, 346.29, 253.315, 355.665]","[0.065553, 0.484525, 0.48912, 0.497642]"
11,,6,B. H.,B. H.,"[33.95, 355.665, 253.315, 365.04]","[0.065553, 0.497642, 0.48912, 0.510759]"
11,,6,Before Hijrah (see Hijrah),Before Hijrah (see Hijrah),"[33.95, 365.04, 253.315, 374.415]","[0.065553, 0.510759, 0.48912, 0.523877]"
11,,6,Badr,Badr,"[33.95, 374.415, 253.315, 383.79]","[0.065553, 0.523877, 0.48912, 0.536994]"
11,,6,Name of a place near Mecca. The,Name of a place near Mecca. The,"[33.95, 383.79, 253.315, 393.165]","[0.065553, 0.536994, 0.48912, 0.550112]"
11,,6,first battle between Muhammad’s,first battle between Muhammad’s,"[33.95, 393.165, 253.315, 402.54]","[0.065553, 0.550112, 0.48912, 0.563229]"
11,,6,followers and the idolators.,followers and the idolators.,"[33.95, 402.54, 253.315, 411.915]","[0.065553, 0.563229, 0.48912, 0.576346]"
11,,6,Basmalah First verse. Opening statement,Basmalah First verse. Opening statement,"[33.95, 411.915, 253.315, 421.29]","[0.065553, 0.576346, 0.48912, 0.589464]"
11,,6,"for every sura, except Sura 9.","for every sura, except Sura 9.","[33.95, 421.29, 253.315, 430.665]","[0.065553, 0.589464, 0.48912, 0.602581]"
11,,6,Bismillah,Bismillah,"[33.95, 430.665, 253.315, 440.04]","[0.065553, 0.602581, 0.48912, 0.615699]"
11,,6,In the name of God.,In the name of God.,"[33.95, 440.04, 253.315, 449.415]","[0.065553, 0.615699, 0.48912, 0.628816]"
11,,6,Gabriel Angel responsible for carrying,Gabriel Angel responsible for carrying,"[33.95, 449.415, 253.315, 458.79]","[0.065553, 0.628816, 0.48912, 0.641933]"
11,,7,10. Shawwal.,10. Shawwal.,"[262.45, 134.24, 469.462, 147.228]","[0.506758, 0.187827, 0.906471, 0.205999]"
11,,7,11. Zul Qi‘dah.,11. Zul Qi‘dah.,"[262.45, 147.228, 469.462, 160.216]","[0.506758, 0.205999, 0.906471, 0.224172]"
11,,7,12. Zul Hijjah.,12. Zul Hijjah.,"[262.45, 160.216, 469.462, 173.204]","[0.506758, 0.224172, 0.906471, 0.242345]"
11,,7,Hood,Hood,"[262.45, 173.204, 469.462, 186.192]","[0.506758, 0.242345, 0.906471, 0.260518]"
11,,7,Hunayn,Hunayn,"[262.45, 186.192, 469.462, 199.181]","[0.506758, 0.260518, 0.906471, 0.278691]"
11,,7,Iblis,Iblis,"[262.45, 199.181, 469.462, 212.169]","[0.506758, 0.278691, 0.906471, 0.296864]"
11,,8,Messenger of God. Sent to ‘Aad.,Messenger of God. Sent to ‘Aad.,"[262.45, 173.695, 464.163, 183.014]","[0.506758, 0.243032, 0.896241, 0.256072]"
11,,8,Battle of Hunain; a place.,Battle of Hunain; a place.,"[262.45, 183.014, 464.163, 192.334]","[0.506758, 0.256072, 0.896241, 0.269111]"
11,,8,Satan.,Satan.,"[262.45, 192.334, 464.163, 201.653]","[0.506758, 0.269111, 0.896241, 0.282151]"
11,,8,Imam,Imam,"[262.45, 201.653, 464.163, 210.973]","[0.506758, 0.282151, 0.896241, 0.295191]"
11,,8,Religious leader. Leader.,Religious leader. Leader.,"[262.45, 210.973, 464.163, 220.292]","[0.506758, 0.295191, 0.896241, 0.30823]"
11,,8,In Shaa Allah God willing.,In Shaa Allah God willing.,"[262.45, 220.292, 464.163, 229.612]","[0.506758, 0.30823, 0.896241, 0.32127]"
11,,8,Injeel,Injeel,"[262.45, 229.612, 464.163, 238.931]","[0.506758, 0.32127, 0.896241, 0.33431]"
11,,8,Gospel. Jesus’ scripture.,Gospel. Jesus’ scripture.,"[262.45, 238.931, 464.163, 248.251]","[0.506758, 0.33431, 0.896241, 0.34735]"
11,,8,Irum,Irum,"[262.45, 248.251, 464.163, 257.57]","[0.506758, 0.34735, 0.896241, 0.360389]"
11,,8,City where the community of ‘Aad,City where the community of ‘Aad,"[262.45, 257.57, 464.163, 266.89]","[0.506758, 0.360389, 0.896241, 0.373429]"
11,,9,"lived, and to which Hood was sent.","lived, and to which Hood was sent.","[262.7, 268.64, 487.505, 278.327]","[0.507241, 0.375877, 0.941311, 0.389431]"
11,,9,Islam,Islam,"[262.7, 278.327, 487.505, 288.013]","[0.507241, 0.389431, 0.941311, 0.402985]"
11,,9,Submission and devotion to God,Submission and devotion to God,"[262.7, 288.013, 487.505, 297.7]","[0.507241, 0.402985, 0.941311, 0.416539]"
11,,9,alone. The only religion acceptable,alone. The only religion acceptable,"[262.7, 297.7, 487.505, 307.387]","[0.507241, 0.416539, 0.941311, 0.430093]"
11,,9,by God (3:19).,by God (3:19).,"[262.7, 307.387, 487.505, 317.074]","[0.507241, 0.430093, 0.941311, 0.443647]"
11,,9,Israa’,Israa’,"[262.7, 317.074, 487.505, 326.761]","[0.507241, 0.443647, 0.941311, 0.4572]"
11,,9,"27th night of Ramadan , 13 B.H.","27th night of Ramadan, 13 B.H.","[262.7, 326.761, 487.505, 336.448]","[0.507241, 0.4572, 0.941311, 0.470754]"
11,,9,Night journey of Muhammad to the,Night journey of Muhammad to the,"[262.7, 336.448, 487.505, 346.135]","[0.507241, 0.470754, 0.941311, 0.484308]"
11,,9,highest Heaven where the Quran,highest Heaven where the Quran,"[262.7, 346.135, 487.505, 355.822]","[0.507241, 0.484308, 0.941311, 0.497862]"
11,,9,was placed in his soul. See “Night,was placed in his soul. See “Night,"[262.7, 355.822, 487.505, 365.509]","[0.507241, 0.497862, 0.941311, 0.511416]"
11,,9,of Power.”,of Power.”,"[262.7, 365.509, 487.505, 375.196]","[0.507241, 0.511416, 0.941311, 0.524969]"
11,,9,Jannah,Jannah,"[262.7, 375.196, 487.505, 384.882]","[0.507241, 0.524969, 0.941311, 0.538523]"
11,,9,Paradise. Heaven.,Paradise. Heaven.,"[262.7, 384.882, 487.505, 394.569]","[0.507241, 0.538523, 0.941311, 0.552077]"
11,,9,Jahannaum,Jahannaum,"[262.7, 394.569, 487.505, 404.256]","[0.507241, 0.552077, 0.941311, 0.565631]"
11,,9,Gehenna; Hell.,Gehenna; Hell.,"[262.7, 404.256, 487.505, 413.943]","[0.507241, 0.565631, 0.941311, 0.579185]"
11,,9,Jinns,Jinns,"[262.7, 413.943, 487.505, 423.63]","[0.507241, 0.579185, 0.941311, 0.592738]"
11,,9,"Descendants of Satan. Invisible,","Descendants of Satan. Invisible,","[262.7, 423.63, 487.505, 433.317]","[0.507241, 0.592738, 0.941311, 0.606292]"
11,,9,constant companions of every human,constant companions of every human,"[262.7, 433.317, 487.505, 443.004]","[0.507241, 0.606292, 0.941311, 0.619846]"
11,,9,being from birth to death. When,being from birth to death. When,"[262.7, 443.004, 487.505, 452.691]","[0.507241, 0.619846, 0.941311, 0.6334]"
11,,9,"freed upon death of the human being,","freed upon death of the human being,","[262.7, 452.691, 487.505, 462.378]","[0.507241, 0.6334, 0.941311, 0.646954]"
11,,9,they become Jinns.,they become Jinns.,"[262.7, 462.378, 487.505, 472.065]","[0.507241, 0.646954, 0.941311, 0.660507]"
11,,9,Jum'ah,Jum'ah,"[262.7, 472.065, 487.505, 481.752]","[0.507241, 0.660507, 0.941311, 0.674061]"
11,,9,Friday. The Friday Congregational,Friday. The Friday Congregational,"[262.7, 481.752, 487.505, 491.438]","[0.507241, 0.674061, 0.941311, 0.687615]"
11,,9,Prayer. Mandatory for all Muslim,Prayer. Mandatory for all Muslim,"[262.7, 491.438, 487.505, 501.125]","[0.507241, 0.687615, 0.941311, 0.701169]"
11,,9,men and women every Friday noon.,men and women every Friday noon.,"[262.7, 501.125, 487.505, 510.812]","[0.507241, 0.701169, 0.941311, 0.714723]"
11,,9,Ka'bah,Ka'bah,"[262.7, 510.812, 487.505, 520.499]","[0.507241, 0.714723, 0.941311, 0.728276]"
11,,9,A building in form of a cube. The,A building in form of a cube. The,"[262.7, 520.499, 487.505, 530.186]","[0.507241, 0.728276, 0.941311, 0.74183]"
11,,9,cube-shaped shrine built by,cube-shaped shrine built by,"[262.7, 530.186, 487.505, 539.873]","[0.507241, 0.74183, 0.941311, 0.755384]"
11,,9,Abraham in Mecca. The point,Abraham in Mecca. The point,"[262.7, 539.873, 487.505, 549.56]","[0.507241, 0.755384, 0.941311, 0.768938]"
11,,9,towards which Muslims face during,towards which Muslims face during,"[262.7, 549.56, 487.505, 559.247]","[0.507241, 0.768938, 0.941311, 0.782492]"
11,,9,their contact prayers (Salat).,their contact prayers (Salat).,"[262.7, 559.247, 487.505, 568.934]","[0.507241, 0.782492, 0.941311, 0.796045]"
11,,9,Kaafer,Kaafer,"[262.7, 568.934, 487.505, 578.621]","[0.507241, 0.796045, 0.941311, 0.809599]"
11,,9,Disbeliever. Heathen. Atheist.,Disbeliever. Heathen. Atheist.,"[262.7, 578.621, 487.505, 588.307]","[0.507241, 0.809599, 0.941311, 0.823153]"
11,,9,Kitab,Kitab,"[262.7, 588.307, 487.505, 597.994]","[0.507241, 0.823153, 0.941311, 0.836707]"
11,,9,Book. Scripture.,Book. Scripture.,"[262.7, 597.994, 487.505, 607.681]","[0.507241, 0.836707, 0.941311, 0.850261]"
11,,9,La Elaha Ella Allah. Islam’s creed: “There,La Elaha Ella Allah. Islam’s creed: “There,"[262.7, 607.681, 487.505, 617.368]","[0.507241, 0.850261, 0.941311, 0.863815]"
11,,9,is no other god besides God.”,is no other god besides God.”,"[262.7, 617.368, 487.505, 627.055]","[0.507241, 0.863815, 0.941311, 0.877368]"
11,,9,The First Commandment in all,The First Commandment in all,"[262.7, 627.055, 487.505, 636.742]","[0.507241, 0.877368, 0.941311, 0.890922]"
11,,9,scriptures.,scriptures.,"[262.7, 636.742, 487.505, 646.429]","[0.507241, 0.890922, 0.941311, 0.904476]"
11,,9,Laylat Al-Qadr (see Night of Power),Laylat Al-Qadr (see Night of Power),"[262.7, 646.429, 487.505, 656.116]","[0.507241, 0.904476, 0.941311, 0.91803]"
11,,9,Maa Shaa Allah,Maa Shaa Allah,"[262.7, 656.116, 487.505, 665.803]","[0.507241, 0.91803, 0.941311, 0.931584]"
11,,9,This is God’s will.,This is God’s will.,"[262.7, 665.803, 487.505, 675.49]","[0.507241, 0.931584, 0.941311, 0.945137]"
11,,10,God’s messages and revelations to,God’s messages and revelations to,"[37.1, 460.345, 250.415, 470.998]","[0.071636, 0.64411, 0.48352, 0.659016]"
11,,10,the planet Earth.,the planet Earth.,"[37.1, 470.998, 250.415, 481.652]","[0.071636, 0.659016, 0.48352, 0.673922]"
11,,10,Gematria The numerical values of the let­,Gematria The numerical values of the let,"[37.1, 481.652, 250.415, 492.305]","[0.071636, 0.673922, 0.48352, 0.688828]"
11,,10,ters of the alphabet prior to,ters of the alphabet prior to,"[37.1, 492.305, 250.415, 502.959]","[0.071636, 0.688828, 0.48352, 0.703734]"
11,,10,the invention of numerals.,the invention of numerals.,"[37.1, 502.959, 250.415, 513.612]","[0.071636, 0.703734, 0.48352, 0.71864]"
11,,10,Hadith,Hadith,"[37.1, 513.612, 250.415, 524.266]","[0.071636, 0.71864, 0.48352, 0.733547]"
11,,10,Narrations or utterances falsely at­,Narrations or utterances falsely at,"[37.1, 524.266, 250.415, 534.919]","[0.071636, 0.733547, 0.48352, 0.748453]"
11,,10,tributed to Muhammad. Appeared,tributed to Muhammad. Appeared,"[37.1, 534.919, 250.415, 545.573]","[0.071636, 0.748453, 0.48352, 0.763359]"
11,,10,250 years after Muhammad’s death.,250 years after Muhammad’s death.,"[37.1, 545.573, 250.415, 556.226]","[0.071636, 0.763359, 0.48352, 0.778265]"
11,,10,45:6 enjoins believers from uphold­,45:6 enjoins believers from uphold,"[37.1, 556.226, 250.415, 566.879]","[0.071636, 0.778265, 0.48352, 0.793171]"
11,,10,ing any Hadith besides the Quran.,ing any Hadith besides the Quran.,"[37.1, 566.879, 250.415, 577.533]","[0.071636, 0.793171, 0.48352, 0.808077]"
11,,10,Hajj,Hajj,"[37.1, 577.533, 250.415, 588.186]","[0.071636, 0.808077, 0.48352, 0.822984]"
11,,10,Pilgrimage to Mecca during the,Pilgrimage to Mecca during the,"[37.1, 588.186, 250.415, 598.84]","[0.071636, 0.822984, 0.48352, 0.83789]"
11,,11,Sacred Months (see Sacred Months).,Sacred Months (see Sacred Months).,"[37.549, 600.34, 255.173, 609.129]","[0.072502, 0.839988, 0.492707, 0.852286]"
11,,11,Halal,Halal,"[37.549, 609.129, 255.173, 617.917]","[0.072502, 0.852286, 0.492707, 0.864583]"
11,,11,Lawful; permitted.,Lawful; permitted.,"[37.549, 617.917, 255.173, 626.706]","[0.072502, 0.864583, 0.492707, 0.87688]"
11,,11,Haraam Unlawful; prohibited.,Haraam Unlawful; prohibited.,"[37.549, 626.706, 255.173, 635.495]","[0.072502, 0.87688, 0.492707, 0.889178]"
11,,11,Haram,Haram,"[37.549, 635.495, 255.173, 644.284]","[0.072502, 0.889178, 0.492707, 0.901475]"
11,,11,Sacred. “Al-Masjid Al-Haram” is,Sacred. “Al-Masjid Al-Haram” is,"[37.549, 644.284, 255.173, 653.073]","[0.072502, 0.901475, 0.492707, 0.913772]"
11,,11,the Sacred Mosque of Mecca.,the Sacred Mosque of Mecca.,"[37.549, 653.073, 255.173, 661.862]","[0.072502, 0.913772, 0.492707, 0.92607]"
11,,11,Hawwa,Hawwa,"[37.549, 661.862, 255.173, 670.651]","[0.072502, 0.92607, 0.492707, 0.938367]"
11,,11,Eve.,Eve.,"[37.549, 670.651, 255.173, 679.44]","[0.072502, 0.938367, 0.492707, 0.950664]"
12,,1,Seyam,Seyam,"[265.3, 16.095, 482.515, 25.484]","[0.512261, 0.02252, 0.931676, 0.035657]"
12,,1,Fasting; usually during the month of,Fasting; usually during the month of,"[265.3, 25.484, 482.515, 34.873]","[0.512261, 0.035657, 0.931676, 0.048793]"
12,,1,"Ramadan. Abstaining from food,","Ramadan. Abstaining from food,","[265.3, 34.873, 482.515, 44.261]","[0.512261, 0.048793, 0.931676, 0.06193]"
12,,1,"drink, and sex from dawn to sunset.","drink, and sex from dawn to sunset.","[265.3, 44.261, 482.515, 53.65]","[0.512261, 0.06193, 0.931676, 0.075067]"
12,,1,Also silence vows.,Also silence vows.,"[265.3, 53.65, 482.515, 63.039]","[0.512261, 0.075067, 0.931676, 0.088203]"
12,,1,Shaikh,Shaikh,"[265.3, 63.039, 482.515, 72.428]","[0.512261, 0.088203, 0.931676, 0.10134]"
12,,1,"Old man, or religious teacher, or","Old man, or religious teacher, or","[265.3, 72.428, 482.515, 81.817]","[0.512261, 0.10134, 0.931676, 0.114477]"
12,,1,head of the tribe.,head of the tribe.,"[265.3, 81.817, 482.515, 91.205]","[0.512261, 0.114477, 0.931676, 0.127613]"
12,,1,Shirk,Shirk,"[265.3, 91.205, 482.515, 100.594]","[0.512261, 0.127613, 0.931676, 0.14075]"
12,,1,Idolatry. Idol worship. Associating,Idolatry. Idol worship. Associating,"[265.3, 100.594, 482.515, 109.983]","[0.512261, 0.14075, 0.931676, 0.153887]"
12,,1,any other name with God’s name.,any other name with God’s name.,"[265.3, 109.983, 482.515, 119.372]","[0.512261, 0.153887, 0.931676, 0.167024]"
12,,1,Believing that any creatures,Believing that any creatures,"[265.3, 119.372, 482.515, 128.76]","[0.512261, 0.167024, 0.931676, 0.18016]"
12,,1,possess any kind of power to,possess any kind of power to,"[265.3, 128.76, 482.515, 138.149]","[0.512261, 0.18016, 0.931676, 0.193297]"
12,,1,benefit or harm.,benefit or harm.,"[265.3, 138.149, 482.515, 147.538]","[0.512261, 0.193297, 0.931676, 0.206434]"
12,,1,Subhan Allah,Subhan Allah,"[265.3, 147.538, 482.515, 156.927]","[0.512261, 0.206434, 0.931676, 0.21957]"
12,,1,God be glorified.,God be glorified.,"[265.3, 156.927, 482.515, 166.316]","[0.512261, 0.21957, 0.931676, 0.232707]"
12,,1,Subhanahu Wa Ta'aala,Subhanahu Wa Ta'aala,"[265.3, 166.316, 482.515, 175.704]","[0.512261, 0.232707, 0.931676, 0.245844]"
12,,1,Glory be to the,Glory be to the,"[265.3, 175.704, 482.515, 185.093]","[0.512261, 0.245844, 0.931676, 0.25898]"
12,,1,Most High.,Most High.,"[265.3, 185.093, 482.515, 194.482]","[0.512261, 0.25898, 0.931676, 0.272117]"
12,,1,Sunna,Sunna,"[265.3, 194.482, 482.515, 203.871]","[0.512261, 0.272117, 0.931676, 0.285254]"
12,,1,Practices attributed falsely to the,Practices attributed falsely to the,"[265.3, 203.871, 482.515, 213.26]","[0.512261, 0.285254, 0.931676, 0.29839]"
12,,1,prophet Muhammad; practiced by,prophet Muhammad; practiced by,"[265.3, 213.26, 482.515, 222.648]","[0.512261, 0.29839, 0.931676, 0.311527]"
12,,1,those who idolize Muhammad,those who idolize Muhammad,"[265.3, 222.648, 482.515, 232.037]","[0.512261, 0.311527, 0.931676, 0.324664]"
12,,1,"against his will. In Quran, God for­","against his will. In Quran, God for","[265.3, 232.037, 482.515, 241.426]","[0.512261, 0.324664, 0.931676, 0.3378]"
12,,1,"bids all Sunnas, except His Sunna.","bids all Sunnas, except His Sunna.","[265.3, 241.426, 482.515, 250.815]","[0.512261, 0.3378, 0.931676, 0.350937]"
12,,1,Shu'aib,Shu'aib,"[265.3, 250.815, 482.515, 260.204]","[0.512261, 0.350937, 0.931676, 0.364074]"
12,,1,of Midyan. Messenger of God.,of Midyan. Messenger of God.,"[265.3, 260.204, 482.515, 269.592]","[0.512261, 0.364074, 0.931676, 0.37721]"
12,,1,Sura,Sura,"[265.3, 269.592, 482.515, 278.981]","[0.512261, 0.37721, 0.931676, 0.390347]"
12,,1,Chapter in the Quran.,Chapter in the Quran.,"[265.3, 278.981, 482.515, 288.37]","[0.512261, 0.390347, 0.931676, 0.403484]"
12,,1,Talut,Talut,"[265.3, 288.37, 482.515, 297.759]","[0.512261, 0.403484, 0.931676, 0.416621]"
12,,1,Saul.,Saul.,"[265.3, 297.759, 482.515, 307.147]","[0.512261, 0.416621, 0.931676, 0.429757]"
12,,1,"Tayammum Dry, waterless, ablution.","Tayammum Dry, waterless, ablution.","[265.3, 307.147, 482.515, 316.536]","[0.512261, 0.429757, 0.931676, 0.442894]"
12,,1,Thamoud Rebellious people of Saaleh.,Thamoud Rebellious people of Saaleh.,"[265.3, 316.536, 482.515, 325.925]","[0.512261, 0.442894, 0.931676, 0.456031]"
12,,1,Uhud,Uhud,"[265.3, 325.925, 482.515, 335.314]","[0.512261, 0.456031, 0.931676, 0.469167]"
12,,1,Mountain near Medina. Battle of.,Mountain near Medina. Battle of.,"[265.3, 335.314, 482.515, 344.703]","[0.512261, 0.469167, 0.931676, 0.482304]"
12,,1,Ulama,Ulama,"[265.3, 344.703, 482.515, 354.091]","[0.512261, 0.482304, 0.931676, 0.495441]"
12,,1,Religious scholars; plural of,Religious scholars; plural of,"[265.3, 354.091, 482.515, 363.48]","[0.512261, 0.495441, 0.931676, 0.508577]"
12,,1,“ Alem.”,“ Alem.”,"[265.3, 363.48, 482.515, 372.869]","[0.512261, 0.508577, 0.931676, 0.521714]"
12,,1,Umrah,Umrah,"[265.3, 372.869, 482.515, 382.258]","[0.512261, 0.521714, 0.931676, 0.534851]"
12,,1,Pilgrimage to Mecca any time of the,Pilgrimage to Mecca any time of the,"[265.3, 382.258, 482.515, 391.647]","[0.512261, 0.534851, 0.931676, 0.547987]"
12,,1,"year, including the Sacred Months","year, including the Sacred Months","[265.3, 391.647, 482.515, 401.035]","[0.512261, 0.547987, 0.931676, 0.561124]"
12,,1,(see Hajj & Sacred Months).,(see Hajj & Sacred Months).,"[265.3, 401.035, 482.515, 410.424]","[0.512261, 0.561124, 0.931676, 0.574261]"
12,,1,Uzzah,Uzzah,"[265.3, 410.424, 482.515, 419.813]","[0.512261, 0.574261, 0.931676, 0.587397]"
12,,1,Idol of idolatrous Arabia before,Idol of idolatrous Arabia before,"[265.3, 419.813, 482.515, 429.202]","[0.512261, 0.587397, 0.931676, 0.600534]"
12,,1,Muhammad; claimed to be,Muhammad; claimed to be,"[265.3, 429.202, 482.515, 438.59]","[0.512261, 0.600534, 0.931676, 0.613671]"
12,,1,‘daughter of God.’,‘daughter of God.’,"[265.3, 438.59, 482.515, 447.979]","[0.512261, 0.613671, 0.931676, 0.626807]"
12,,1,Wudu’,Wudu’,"[265.3, 447.979, 482.515, 457.368]","[0.512261, 0.626807, 0.931676, 0.639944]"
12,,1,Ablution.,Ablution.,"[265.3, 457.368, 482.515, 466.757]","[0.512261, 0.639944, 0.931676, 0.653081]"
12,,1,Yahya,Yahya,"[265.3, 466.757, 482.515, 476.146]","[0.512261, 0.653081, 0.931676, 0.666218]"
12,,1,John,John,"[265.3, 476.146, 482.515, 485.534]","[0.512261, 0.666218, 0.931676, 0.679354]"
12,,1,Yathrib Ancient name of Medina.,Yathrib Ancient name of Medina.,"[265.3, 485.534, 482.515, 494.923]","[0.512261, 0.679354, 0.931676, 0.692491]"
12,,1,Yousuf,Yousuf,"[265.3, 494.923, 482.515, 504.312]","[0.512261, 0.692491, 0.931676, 0.705628]"
12,,1,Joseph,Joseph,"[265.3, 504.312, 482.515, 513.701]","[0.512261, 0.705628, 0.931676, 0.718764]"
12,,1,Zakat,Zakat,"[265.3, 513.701, 482.515, 523.09]","[0.512261, 0.718764, 0.931676, 0.731901]"
12,,1,Obligatory charity; 2.5% of one’s,Obligatory charity; 2.5% of one’s,"[265.3, 523.09, 482.515, 532.478]","[0.512261, 0.731901, 0.931676, 0.745038]"
12,,1,net income that must be given upon,net income that must be given upon,"[265.3, 532.478, 482.515, 541.867]","[0.512261, 0.745038, 0.931676, 0.758174]"
12,,1,receiving such income to needy,receiving such income to needy,"[265.3, 541.867, 482.515, 551.256]","[0.512261, 0.758174, 0.931676, 0.771311]"
12,,1,people according to a specific,people according to a specific,"[265.3, 551.256, 482.515, 560.645]","[0.512261, 0.771311, 0.931676, 0.784448]"
12,,1,distribution system.,distribution system.,"[265.3, 560.645, 482.515, 570.034]","[0.512261, 0.784448, 0.931676, 0.797584]"
12,,1,Zul Qarnain The one with two horns. Mes­,Zul Qarnain The one with two horns. Mes,"[265.3, 570.034, 482.515, 579.422]","[0.512261, 0.797584, 0.931676, 0.810721]"
12,,1,senger of God who helped confine,senger of God who helped confine,"[265.3, 579.422, 482.515, 588.811]","[0.512261, 0.810721, 0.931676, 0.823858]"
12,,1,Gog & Magog. Most probably,Gog & Magog. Most probably,"[265.3, 588.811, 482.515, 598.2]","[0.512261, 0.823858, 0.931676, 0.836994]"
12,,1,Buddha.,Buddha.,"[265.3, 598.2, 482.515, 607.589]","[0.512261, 0.836994, 0.931676, 0.850131]"
12,,2,Manaat Idol of idolatrous Arabia before,Manaat Idol of idolatrous Arabia before,"[38.049, 16.845, 256.767, 27.82]","[0.073468, 0.023569, 0.495784, 0.038925]"
12,,2,Muhammad; claimed to be,Muhammad; claimed to be,"[38.049, 27.82, 256.767, 38.795]","[0.073468, 0.038925, 0.495784, 0.054281]"
12,,2,“daughter of God.”,“daughter of God.”,"[38.049, 38.795, 256.767, 49.769]","[0.073468, 0.054281, 0.495784, 0.069637]"
12,,2,Midyan Ancient community north of Sinai.,Midyan Ancient community north of Sinai.,"[38.049, 49.769, 256.767, 60.744]","[0.073468, 0.069637, 0.495784, 0.084993]"
12,,2,Community of Shu’aib.,Community of Shu’aib.,"[38.049, 60.744, 256.767, 71.719]","[0.073468, 0.084993, 0.495784, 0.100349]"
12,,2,Mu’azzin,Mu’azzin,"[38.049, 71.719, 256.767, 82.694]","[0.073468, 0.100349, 0.495784, 0.115704]"
12,,2,One who chants the Azan. Caller,One who chants the Azan. Caller,"[38.049, 82.694, 256.767, 93.669]","[0.073468, 0.115704, 0.495784, 0.13106]"
12,,2,to the Salat prayer. Announcer.,to the Salat prayer. Announcer.,"[38.049, 93.669, 256.767, 104.644]","[0.073468, 0.13106, 0.495784, 0.146416]"
12,,2,Muhajireen,Muhajireen,"[38.049, 104.644, 256.767, 115.618]","[0.073468, 0.146416, 0.495784, 0.161772]"
12,,2,Plural of Muhajir; immigrants,Plural of Muhajir; immigrants,"[38.049, 115.618, 256.767, 126.593]","[0.073468, 0.161772, 0.495784, 0.177128]"
12,,2,who fled Mecca to Medina because,who fled Mecca to Medina because,"[38.049, 126.593, 256.767, 137.568]","[0.073468, 0.177128, 0.495784, 0.192484]"
12,,2,of persecution.,of persecution.,"[38.049, 137.568, 256.767, 148.543]","[0.073468, 0.192484, 0.495784, 0.207839]"
12,,2,Mullas,Mullas,"[38.049, 148.543, 256.767, 159.518]","[0.073468, 0.207839, 0.495784, 0.223195]"
12,,2,Religious teachers.,Religious teachers.,"[38.049, 159.518, 256.767, 170.492]","[0.073468, 0.223195, 0.495784, 0.238551]"
12,,2,Mu’men Believer who got rid of all doubt;,Mu’men Believer who got rid of all doubt;,"[38.049, 170.492, 256.767, 181.467]","[0.073468, 0.238551, 0.495784, 0.253907]"
12,,2,higher rank than “Muslim.”,higher rank than “Muslim.”,"[38.049, 181.467, 256.767, 192.442]","[0.073468, 0.253907, 0.495784, 0.269263]"
12,,2,Munafeq Hypocrite.,Munafeq Hypocrite.,"[38.049, 192.442, 256.767, 203.417]","[0.073468, 0.269263, 0.495784, 0.284618]"
12,,2,Mushrik Idol worshiper. Idolater. (See Shirk.),Mushrik Idol worshiper. Idolater. (See Shirk.),"[38.049, 203.417, 256.767, 214.392]","[0.073468, 0.284618, 0.495784, 0.299974]"
12,,2,Muslim One who decided to submit to God,Muslim One who decided to submit to God,"[38.049, 214.392, 256.767, 225.366]","[0.073468, 0.299974, 0.495784, 0.31533]"
12,,2,"and uphold His commandments,","and uphold His commandments,","[38.049, 225.366, 256.767, 236.341]","[0.073468, 0.31533, 0.495784, 0.330686]"
12,,2,but he may still has doubts.,but he may still has doubts.,"[38.049, 236.341, 256.767, 247.316]","[0.073468, 0.330686, 0.495784, 0.346042]"
12,,2,Nabi,Nabi,"[38.049, 247.316, 256.767, 258.291]","[0.073468, 0.346042, 0.495784, 0.361398]"
12,,2,Prophet; a messenger of God who,Prophet; a messenger of God who,"[38.049, 258.291, 256.767, 269.266]","[0.073468, 0.361398, 0.495784, 0.376753]"
12,,2,delivers a new scripture. Muham­,delivers a new scripture. Muham,"[38.049, 269.266, 256.767, 280.24]","[0.073468, 0.376753, 0.495784, 0.392109]"
12,,2,"mad was the final Nabi, because he","mad was the final Nabi, because he","[38.049, 280.24, 256.767, 291.215]","[0.073468, 0.392109, 0.495784, 0.407465]"
12,,2,delivered the final scripture.,delivered the final scripture.,"[38.049, 291.215, 256.767, 302.19]","[0.073468, 0.407465, 0.495784, 0.422821]"
12,,2,Night of Power Night of Destiny or Laylat,Night of Power Night of Destiny or Laylat,"[38.049, 302.19, 256.767, 313.165]","[0.073468, 0.422821, 0.495784, 0.438177]"
12,,2,"Al-Qadr. 27th night of Ramadan,","Al-Qadr. 27th night of Ramadan,","[38.049, 313.165, 256.767, 324.14]","[0.073468, 0.438177, 0.495784, 0.453533]"
12,,3,13 B.H. Night during which the,13 B.H. Night during which the,"[38.5, 325.695, 260.265, 335.829]","[0.074339, 0.455709, 0.502539, 0.469888]"
12,,3,Quran was revealed. Muhammad,Quran was revealed. Muhammad,"[38.5, 335.829, 260.265, 345.962]","[0.074339, 0.469888, 0.502539, 0.484067]"
12,,3,was taken to the highest Heaven,was taken to the highest Heaven,"[38.5, 345.962, 260.265, 356.096]","[0.074339, 0.484067, 0.502539, 0.498246]"
12,,3,to receive the Quran.,to receive the Quran.,"[38.5, 356.096, 260.265, 366.23]","[0.074339, 0.498246, 0.502539, 0.512424]"
12,,3,Qaaroon Wealthy slave driver. A Hebrew,Qaaroon Wealthy slave driver. A Hebrew,"[38.5, 366.23, 260.265, 376.363]","[0.074339, 0.512424, 0.502539, 0.526603]"
12,,3,traitor who served Pharaoh by,traitor who served Pharaoh by,"[38.5, 376.363, 260.265, 386.497]","[0.074339, 0.526603, 0.502539, 0.540782]"
12,,3,enslaving his own people.,enslaving his own people.,"[38.5, 386.497, 260.265, 396.631]","[0.074339, 0.540782, 0.502539, 0.554961]"
12,,3,Qiblah,Qiblah,"[38.5, 396.631, 260.265, 406.764]","[0.074339, 0.554961, 0.502539, 0.56914]"
12,,3,Direction Muslims face during their,Direction Muslims face during their,"[38.5, 406.764, 260.265, 416.898]","[0.074339, 0.56914, 0.502539, 0.583319]"
12,,3,contact prayers (Salat).,contact prayers (Salat).,"[38.5, 416.898, 260.265, 427.032]","[0.074339, 0.583319, 0.502539, 0.597498]"
12,,3,Rak'ah,Rak'ah,"[38.5, 427.032, 260.265, 437.165]","[0.074339, 0.597498, 0.502539, 0.611677]"
12,,3,One unit of contact prayer (Salat).,One unit of contact prayer (Salat).,"[38.5, 437.165, 260.265, 447.299]","[0.074339, 0.611677, 0.502539, 0.625856]"
12,,3,Rasoul,Rasoul,"[38.5, 447.299, 260.265, 457.433]","[0.074339, 0.625856, 0.502539, 0.640035]"
12,,3,"Messenger of God, or prophet, who","Messenger of God, or prophet, who","[38.5, 457.433, 260.265, 467.566]","[0.074339, 0.640035, 0.502539, 0.654214]"
12,,3,may or may not deliver a new,may or may not deliver a new,"[38.5, 467.566, 260.265, 477.7]","[0.074339, 0.654214, 0.502539, 0.668392]"
12,,3,scripture (see Nabi). Every Nabi was,scripture (see Nabi). Every Nabi was,"[38.5, 477.7, 260.265, 487.834]","[0.074339, 0.668392, 0.502539, 0.682571]"
12,,3,"a Rasoul, but not every Rasoul is","a Rasoul, but not every Rasoul is","[38.5, 487.834, 260.265, 497.967]","[0.074339, 0.682571, 0.502539, 0.69675]"
12,,3,a Nabi. See definitions in 3:81.,a Nabi. See definitions in 3:81.,"[38.5, 497.967, 260.265, 508.101]","[0.074339, 0.69675, 0.502539, 0.710929]"
12,,3,Saaleh,Saaleh,"[38.5, 508.101, 260.265, 518.235]","[0.074339, 0.710929, 0.502539, 0.725108]"
12,,3,Messenger of God.,Messenger of God.,"[38.5, 518.235, 260.265, 528.368]","[0.074339, 0.725108, 0.502539, 0.739287]"
12,,3,Sacred Months,Sacred Months,"[38.5, 528.368, 260.265, 538.502]","[0.074339, 0.739287, 0.502539, 0.753466]"
12,,3,"The 12th, 1st, 2nd, and 3rd","The 12th, 1st, 2nd, and 3rd","[38.5, 538.502, 260.265, 548.636]","[0.074339, 0.753466, 0.502539, 0.767645]"
12,,3,months of the Islamic Calendar.,months of the Islamic Calendar.,"[38.5, 548.636, 260.265, 558.769]","[0.074339, 0.767645, 0.502539, 0.781824]"
12,,3,Months during which Muslims,Months during which Muslims,"[38.5, 558.769, 260.265, 568.903]","[0.074339, 0.781824, 0.502539, 0.796003]"
12,,3,observe Hajj.,observe Hajj.,"[38.5, 568.903, 260.265, 579.037]","[0.074339, 0.796003, 0.502539, 0.810182]"
12,,3,Sacred Mosque Al-Masjid Al-Haraam. The,Sacred Mosque Al-Masjid Al-Haraam. The,"[38.5, 579.037, 260.265, 589.17]","[0.074339, 0.810182, 0.502539, 0.82436]"
12,,3,"great mosque in Mecca, where the","great mosque in Mecca, where the","[38.5, 589.17, 260.265, 599.304]","[0.074339, 0.82436, 0.502539, 0.838539]"
12,,3,Ka’bah is located.,Ka’bah is located.,"[38.5, 599.304, 260.265, 609.438]","[0.074339, 0.838539, 0.502539, 0.852718]"
12,,3,Salam,Salam,"[38.5, 609.438, 260.265, 619.571]","[0.074339, 0.852718, 0.502539, 0.866897]"
12,,3,Peace. Greeting.,Peace. Greeting.,"[38.5, 619.571, 260.265, 629.705]","[0.074339, 0.866897, 0.502539, 0.881076]"
12,,3,Salamun Alaikum Peace be unto you;,Salamun Alaikum Peace be unto you;,"[38.5, 629.705, 260.265, 639.839]","[0.074339, 0.881076, 0.502539, 0.895255]"
12,,3,greeting,greeting,"[38.5, 639.839, 260.265, 649.972]","[0.074339, 0.895255, 0.502539, 0.909434]"
12,,3,Salat,Salat,"[38.5, 649.972, 260.265, 660.106]","[0.074339, 0.909434, 0.502539, 0.923613]"
12,,3,"Daily contact prayers -  dawn, noon,","Daily contact prayers - dawn, noon,","[38.5, 660.106, 260.265, 670.24]","[0.074339, 0.923613, 0.502539, 0.937792]"
12,,4,"afternoon, sunset, & night prayers.","afternoon, sunset, & night prayers.","[85.3, 671.59, 247.252, 682.09]","[0.164704, 0.939681, 0.477413, 0.954372]"
