document_slug,document_title,pdf_page,printed_page,segment,bbox_normalized,raw_ocr,normalized_text,quran_reference,match_score,ocr_confidence,status
english_meanings_of_the_quran,English Meanings of the Quran,2,,1,"[0.24, 0.04, 0.76, 0.92]",بِسۡمِ ٱللَّهِ ٱلرَّحۡمَـٰنِ ٱلرَّحِیمِ ﴿١﴾ ٱلۡحَمۡدُ لِلَّهِ رَبِّ ٱلۡعَـٰلَمِینَ ﴿٢﴾ ٱلرَّحۡمَـٰنِ ٱلرَّحِیمِ ﴿٣﴾ مَـٰلِكِ یَوۡمِ ٱلدِّینِ ﴿٤﴾ إِیَّاكَ نَعۡبُدُ وَإِیَّاكَ نَسۡتَعِینُ ﴿٥﴾ ٱهۡدِنَا ٱلصِّرَ ٰ⁠طَ ٱلۡمُسۡتَقِیمَ ﴿٦﴾ صِرَ ٰ⁠طَ ٱلَّذِینَ أَنۡعَمۡتَ عَلَیۡهِمۡ غَیۡرِ ٱلۡمَغۡضُوبِ عَلَیۡهِمۡ وَلَا ٱلضَّاۤلِّینَ ﴿٧﴾,بِسۡمِ ٱللَّهِ ٱلرَّحۡمَـٰنِ ٱلرَّحِیمِ ﴿١﴾ ٱلۡحَمۡدُ لِلَّهِ رَبِّ ٱلۡعَـٰلَمِینَ ﴿٢﴾ ٱلرَّحۡمَـٰنِ ٱلرَّحِیمِ ﴿٣﴾ مَـٰلِكِ یَوۡمِ ٱلدِّینِ ﴿٤﴾ إِیَّاكَ نَعۡبُدُ وَإِیَّاكَ نَسۡتَعِینُ ﴿٥﴾ ٱهۡدِنَا ٱلصِّرَ ٰ⁠طَ ٱلۡمُسۡتَقِیمَ ﴿٦﴾ صِرَ ٰ⁠طَ ٱلَّذِینَ أَنۡعَمۡتَ عَلَیۡهِمۡ غَیۡرِ ٱلۡمَغۡضُوبِ عَلَیۡهِمۡ وَلَا ٱلضَّاۤلِّینَ ﴿٧﴾,1:1-7,100,100,canonical_quran_match
english_meanings_of_the_quran,English Meanings of the Quran,7,,1,"[0.24, 0.04, 0.76, 0.92]",بِسۡمِ ٱللَّهِ ٱلرَّحۡمَـٰنِ ٱلرَّحِیمِ الۤمۤ ﴿١﴾ ذَ ٰ⁠لِكَ ٱلۡكِتَـٰبُ لَا رَیۡبَۛ فِیهِۛ هُدࣰى لِّلۡمُتَّقِینَ ﴿٢﴾ ٱلَّذِینَ یُؤۡمِنُونَ بِٱلۡغَیۡبِ وَیُقِیمُونَ ٱلصَّلَوٰةَ وَمِمَّا رَزَقۡنَـٰهُمۡ یُنفِقُونَ ﴿٣﴾ وَٱلَّذِینَ یُؤۡمِنُونَ بِمَاۤ أُنزِلَ إِلَیۡكَ وَمَاۤ أُنزِلَ مِن قَبۡلِكَ وَبِٱلۡـَٔاخِرَةِ هُمۡ یُوقِنُونَ ﴿٤﴾,بِسۡمِ ٱللَّهِ ٱلرَّحۡمَـٰنِ ٱلرَّحِیمِ الۤمۤ ﴿١﴾ ذَ ٰ⁠لِكَ ٱلۡكِتَـٰبُ لَا رَیۡبَۛ فِیهِۛ هُدࣰى لِّلۡمُتَّقِینَ ﴿٢﴾ ٱلَّذِینَ یُؤۡمِنُونَ بِٱلۡغَیۡبِ وَیُقِیمُونَ ٱلصَّلَوٰةَ وَمِمَّا رَزَقۡنَـٰهُمۡ یُنفِقُونَ ﴿٣﴾ وَٱلَّذِینَ یُؤۡمِنُونَ بِمَاۤ أُنزِلَ إِلَیۡكَ وَمَاۤ أُنزِلَ مِن قَبۡلِكَ وَبِٱلۡـَٔاخِرَةِ هُمۡ یُوقِنُونَ ﴿٤﴾,2:1-4,100,100,canonical_quran_match
english_meanings_of_the_quran,English Meanings of the Quran,9,,1,"[0.04, 0.03, 0.96, 0.96]",أُو۟لَـٰۤىِٕكَ عَلَىٰ هُدࣰى مِّن رَّبِّهِمۡۖ وَأُو۟لَـٰۤىِٕكَ هُمُ ٱلۡمُفۡلِحُونَ ﴿٥﴾ إِنَّ ٱلَّذِینَ كَفَرُوا۟ سَوَاۤءٌ عَلَیۡهِمۡ ءَأَنذَرۡتَهُمۡ أَمۡ لَمۡ تُنذِرۡهُمۡ لَا یُؤۡمِنُونَ ﴿٦﴾ خَتَمَ ٱللَّهُ عَلَىٰ قُلُوبِهِمۡ وَعَلَىٰ سَمۡعِهِمۡۖ وَعَلَىٰۤ أَبۡصَـٰرِهِمۡ غِشَـٰوَةࣱۖ وَلَهُمۡ عَذَابٌ عَظِیمࣱ ﴿٧﴾ وَمِنَ ٱلنَّاسِ مَن یَقُولُ ءَامَنَّا بِٱللَّهِ وَبِٱلۡیَوۡمِ ٱلۡـَٔاخِرِ وَمَا هُم بِمُؤۡمِنِینَ ﴿٨﴾ یُخَـٰدِعُونَ ٱللَّهَ وَٱلَّذِینَ ءَامَنُوا۟ وَمَا یَخۡدَعُونَ إِلَّاۤ أَنفُسَهُمۡ وَمَا یَشۡعُرُونَ ﴿٩﴾ فِی قُلُوبِهِم مَّرَضࣱ فَزَادَهُمُ ٱللَّهُ مَرَضࣰاۖ وَلَهُمۡ عَذَابٌ أَلِیمُۢ بِمَا كَانُوا۟ یَكۡذِبُونَ ﴿١٠﴾ وَإِذَا قِیلَ لَهُمۡ لَا تُفۡسِدُوا۟ فِی ٱلۡأَرۡضِ قَالُوۤا۟ إِنَّمَا نَحۡنُ مُصۡلِحُونَ ﴿١١﴾ أَلَاۤ إِنَّهُمۡ هُمُ ٱلۡمُفۡسِدُونَ وَلَـٰكِن لَّا یَشۡعُرُونَ ﴿١٢﴾ وَإِذَا قِیلَ لَهُمۡ ءَامِنُوا۟ كَمَاۤ ءَامَنَ ٱلنَّاسُ قَالُوۤا۟ أَنُؤۡمِنُ كَمَاۤ ءَامَنَ ٱلسُّفَهَاۤءُۗ أَلَاۤ إِنَّهُمۡ هُمُ ٱلسُّفَهَاۤءُ وَلَـٰكِن لَّا یَعۡلَمُونَ ﴿١٣﴾ وَإِذَا لَقُوا۟ ٱلَّذِینَ ءَامَنُوا۟ قَالُوۤا۟ ءَامَنَّا وَإِذَا خَلَوۡا۟ إِلَىٰ شَیَـٰطِینِهِمۡ قَالُوۤا۟ إِنَّا مَعَكُمۡ إِنَّمَا نَحۡنُ مُسۡتَهۡزِءُونَ ﴿١٤﴾ ٱللَّهُ یَسۡتَهۡزِئُ بِهِمۡ وَیَمُدُّهُمۡ فِی طُغۡیَـٰنِهِمۡ یَعۡمَهُونَ ﴿١٥﴾ أُو۟لَـٰۤىِٕكَ ٱلَّذِینَ ٱشۡتَرَوُا۟ ٱلضَّلَـٰلَةَ بِٱلۡهُدَىٰ فَمَا رَبِحَت تِّجَـٰرَتُهُمۡ وَمَا كَانُوا۟ مُهۡتَدِینَ ﴿١٦﴾ مَثَلُهُمۡ كَمَثَلِ ٱلَّذِی ٱسۡتَوۡقَدَ نَارࣰا فَلَمَّاۤ أَضَاۤءَتۡ مَا حَوۡلَهُۥ ذَهَبَ ٱللَّهُ بِنُورِهِمۡ وَتَرَكَهُمۡ فِی ظُلُمَـٰتࣲ لَّا یُبۡصِرُونَ ﴿١٧﴾ صُمُّۢ بُكۡمٌ عُمۡیࣱ فَهُمۡ لَا یَرۡجِعُونَ ﴿١٨﴾,أُو۟لَـٰۤىِٕكَ عَلَىٰ هُدࣰى مِّن رَّبِّهِمۡۖ وَأُو۟لَـٰۤىِٕكَ هُمُ ٱلۡمُفۡلِحُونَ ﴿٥﴾ إِنَّ ٱلَّذِینَ كَفَرُوا۟ سَوَاۤءٌ عَلَیۡهِمۡ ءَأَنذَرۡتَهُمۡ أَمۡ لَمۡ تُنذِرۡهُمۡ لَا یُؤۡمِنُونَ ﴿٦﴾ خَتَمَ ٱللَّهُ عَلَىٰ قُلُوبِهِمۡ وَعَلَىٰ سَمۡعِهِمۡۖ وَعَلَىٰۤ أَبۡصَـٰرِهِمۡ غِشَـٰوَةࣱۖ وَلَهُمۡ عَذَابٌ عَظِیمࣱ ﴿٧﴾ وَمِنَ ٱلنَّاسِ مَن یَقُولُ ءَامَنَّا بِٱللَّهِ وَبِٱلۡیَوۡمِ ٱلۡـَٔاخِرِ وَمَا هُم بِمُؤۡمِنِینَ ﴿٨﴾ یُخَـٰدِعُونَ ٱللَّهَ وَٱلَّذِینَ ءَامَنُوا۟ وَمَا یَخۡدَعُونَ إِلَّاۤ أَنفُسَهُمۡ وَمَا یَشۡعُرُونَ ﴿٩﴾ فِی قُلُوبِهِم مَّرَضࣱ فَزَادَهُمُ ٱللَّهُ مَرَضࣰاۖ وَلَهُمۡ عَذَابٌ أَلِیمُۢ بِمَا كَانُوا۟ یَكۡذِبُونَ ﴿١٠﴾ وَإِذَا قِیلَ لَهُمۡ لَا تُفۡسِدُوا۟ فِی ٱلۡأَرۡضِ قَالُوۤا۟ إِنَّمَا نَحۡنُ مُصۡلِحُونَ ﴿١١﴾ أَلَاۤ إِنَّهُمۡ هُمُ ٱلۡمُفۡسِدُونَ وَلَـٰكِن لَّا یَشۡعُرُونَ ﴿١٢﴾ وَإِذَا قِیلَ لَهُمۡ ءَامِنُوا۟ كَمَاۤ ءَامَنَ ٱلنَّاسُ قَالُوۤا۟ أَنُؤۡمِنُ كَمَاۤ ءَامَنَ ٱلسُّفَهَاۤءُۗ أَلَاۤ إِنَّهُمۡ هُمُ ٱلسُّفَهَاۤءُ وَلَـٰكِن لَّا یَعۡلَمُونَ ﴿١٣﴾ وَإِذَا لَقُوا۟ ٱلَّذِینَ ءَامَنُوا۟ قَالُوۤا۟ ءَامَنَّا وَإِذَا خَلَوۡا۟ إِلَىٰ شَیَـٰطِینِهِمۡ قَالُوۤا۟ إِنَّا مَعَكُمۡ إِنَّمَا نَحۡنُ مُسۡتَهۡزِءُونَ ﴿١٤﴾ ٱللَّهُ یَسۡتَهۡزِئُ بِهِمۡ وَیَمُدُّهُمۡ فِی طُغۡیَـٰنِهِمۡ یَعۡمَهُونَ ﴿١٥﴾ أُو۟لَـٰۤىِٕكَ ٱلَّذِینَ ٱشۡتَرَوُا۟ ٱلضَّلَـٰلَةَ بِٱلۡهُدَىٰ فَمَا رَبِحَت تِّجَـٰرَتُهُمۡ وَمَا كَانُوا۟ مُهۡتَدِینَ ﴿١٦﴾ مَثَلُهُمۡ كَمَثَلِ ٱلَّذِی ٱسۡتَوۡقَدَ نَارࣰا فَلَمَّاۤ أَضَاۤءَتۡ مَا حَوۡلَهُۥ ذَهَبَ ٱللَّهُ بِنُورِهِمۡ وَتَرَكَهُمۡ فِی ظُلُمَـٰتࣲ لَّا یُبۡصِرُونَ ﴿١٧﴾ صُمُّۢ بُكۡمٌ عُمۡیࣱ فَهُمۡ لَا یَرۡجِعُونَ ﴿١٨﴾,2:5-18,100,100,canonical_quran_match
english_meanings_of_the_quran,English Meanings of the Quran,11,,1,"[0.04, 0.03, 0.96, 0.96]",أَوۡ كَصَیِّبࣲ مِّنَ ٱلسَّمَاۤءِ فِیهِ ظُلُمَـٰتࣱ وَرَعۡدࣱ وَبَرۡقࣱ یَجۡعَلُونَ أَصَـٰبِعَهُمۡ فِیۤ ءَاذَانِهِم مِّنَ ٱلصَّوَ ٰ⁠عِقِ حَذَرَ ٱلۡمَوۡتِۚ وَٱللَّهُ مُحِیطُۢ بِٱلۡكَـٰفِرِینَ ﴿١٩﴾ یَكَادُ ٱلۡبَرۡقُ یَخۡطَفُ أَبۡصَـٰرَهُمۡۖ كُلَّمَاۤ أَضَاۤءَ لَهُم مَّشَوۡا۟ فِیهِ وَإِذَاۤ أَظۡلَمَ عَلَیۡهِمۡ قَامُوا۟ۚ وَلَوۡ شَاۤءَ ٱللَّهُ لَذَهَبَ بِسَمۡعِهِمۡ وَأَبۡصَـٰرِهِمۡۚ إِنَّ ٱللَّهَ عَلَىٰ كُلِّ شَیۡءࣲ قَدِیرࣱ ﴿٢٠﴾ یَـٰۤأَیُّهَا ٱلنَّاسُ ٱعۡبُدُوا۟ رَبَّكُمُ ٱلَّذِی خَلَقَكُمۡ وَٱلَّذِینَ مِن قَبۡلِكُمۡ لَعَلَّكُمۡ تَتَّقُونَ ﴿٢١﴾ ٱلَّذِی جَعَلَ لَكُمُ ٱلۡأَرۡضَ فِرَ ٰ⁠شࣰا وَٱلسَّمَاۤءَ بِنَاۤءࣰ وَأَنزَلَ مِنَ ٱلسَّمَاۤءِ مَاۤءࣰ فَأَخۡرَجَ بِهِۦ مِنَ ٱلثَّمَرَ ٰ⁠تِ رِزۡقࣰا لَّكُمۡۖ فَلَا تَجۡعَلُوا۟ لِلَّهِ أَندَادࣰا وَأَنتُمۡ تَعۡلَمُونَ ﴿٢٢﴾ وَإِن كُنتُمۡ فِی رَیۡبࣲ مِّمَّا نَزَّلۡنَا عَلَىٰ عَبۡدِنَا فَأۡتُوا۟ بِسُورَةࣲ مِّن مِّثۡلِهِۦ وَٱدۡعُوا۟ شُهَدَاۤءَكُم مِّن دُونِ ٱللَّهِ إِن كُنتُمۡ صَـٰدِقِینَ ﴿٢٣﴾ فَإِن لَّمۡ تَفۡعَلُوا۟ وَلَن تَفۡعَلُوا۟ فَٱتَّقُوا۟ ٱلنَّارَ ٱلَّتِی وَقُودُهَا ٱلنَّاسُ وَٱلۡحِجَارَةُۖ أُعِدَّتۡ لِلۡكَـٰفِرِینَ ﴿٢٤﴾ وَبَشِّرِ ٱلَّذِینَ ءَامَنُوا۟ وَعَمِلُوا۟ ٱلصَّـٰلِحَـٰتِ أَنَّ لَهُمۡ جَنَّـٰتࣲ تَجۡرِی مِن تَحۡتِهَا ٱلۡأَنۡهَـٰرُۖ كُلَّمَا رُزِقُوا۟ مِنۡهَا مِن ثَمَرَةࣲ رِّزۡقࣰا قَالُوا۟ هَـٰذَا ٱلَّذِی رُزِقۡنَا مِن قَبۡلُۖ وَأُتُوا۟ بِهِۦ مُتَشَـٰبِهࣰاۖ وَلَهُمۡ فِیهَاۤ أَزۡوَ ٰ⁠جࣱ مُّطَهَّرَةࣱۖ وَهُمۡ فِیهَا خَـٰلِدُونَ ﴿٢٥﴾ ۞ إِنَّ ٱللَّهَ لَا یَسۡتَحۡیِۦۤ أَن یَضۡرِبَ مَثَلࣰا مَّا بَعُوضَةࣰ فَمَا فَوۡقَهَاۚ فَأَمَّا ٱلَّذِینَ ءَامَنُوا۟ فَیَعۡلَمُونَ أَنَّهُ ٱلۡحَقُّ مِن رَّبِّهِمۡۖ وَأَمَّا ٱلَّذِینَ كَفَرُوا۟ فَیَقُولُونَ مَاذَاۤ أَرَادَ ٱللَّهُ بِهَـٰذَا مَثَلࣰاۘ یُضِلُّ بِهِۦ كَثِیرࣰا وَیَهۡدِی بِهِۦ كَثِیرࣰاۚ وَمَا یُضِلُّ بِهِۦۤ إِلَّا ٱلۡفَـٰسِقِینَ ﴿٢٦﴾,أَوۡ كَصَیِّبࣲ مِّنَ ٱلسَّمَاۤءِ فِیهِ ظُلُمَـٰتࣱ وَرَعۡدࣱ وَبَرۡقࣱ یَجۡعَلُونَ أَصَـٰبِعَهُمۡ فِیۤ ءَاذَانِهِم مِّنَ ٱلصَّوَ ٰ⁠عِقِ حَذَرَ ٱلۡمَوۡتِۚ وَٱللَّهُ مُحِیطُۢ بِٱلۡكَـٰفِرِینَ ﴿١٩﴾ یَكَادُ ٱلۡبَرۡقُ یَخۡطَفُ أَبۡصَـٰرَهُمۡۖ كُلَّمَاۤ أَضَاۤءَ لَهُم مَّشَوۡا۟ فِیهِ وَإِذَاۤ أَظۡلَمَ عَلَیۡهِمۡ قَامُوا۟ۚ وَلَوۡ شَاۤءَ ٱللَّهُ لَذَهَبَ بِسَمۡعِهِمۡ وَأَبۡصَـٰرِهِمۡۚ إِنَّ ٱللَّهَ عَلَىٰ كُلِّ شَیۡءࣲ قَدِیرࣱ ﴿٢٠﴾ یَـٰۤأَیُّهَا ٱلنَّاسُ ٱعۡبُدُوا۟ رَبَّكُمُ ٱلَّذِی خَلَقَكُمۡ وَٱلَّذِینَ مِن قَبۡلِكُمۡ لَعَلَّكُمۡ تَتَّقُونَ ﴿٢١﴾ ٱلَّذِی جَعَلَ لَكُمُ ٱلۡأَرۡضَ فِرَ ٰ⁠شࣰا وَٱلسَّمَاۤءَ بِنَاۤءࣰ وَأَنزَلَ مِنَ ٱلسَّمَاۤءِ مَاۤءࣰ فَأَخۡرَجَ بِهِۦ مِنَ ٱلثَّمَرَ ٰ⁠تِ رِزۡقࣰا لَّكُمۡۖ فَلَا تَجۡعَلُوا۟ لِلَّهِ أَندَادࣰا وَأَنتُمۡ تَعۡلَمُونَ ﴿٢٢﴾ وَإِن كُنتُمۡ فِی رَیۡبࣲ مِّمَّا نَزَّلۡنَا عَلَىٰ عَبۡدِنَا فَأۡتُوا۟ بِسُورَةࣲ مِّن مِّثۡلِهِۦ وَٱدۡعُوا۟ شُهَدَاۤءَكُم مِّن دُونِ ٱللَّهِ إِن كُنتُمۡ صَـٰدِقِینَ ﴿٢٣﴾ فَإِن لَّمۡ تَفۡعَلُوا۟ وَلَن تَفۡعَلُوا۟ فَٱتَّقُوا۟ ٱلنَّارَ ٱلَّتِی وَقُودُهَا ٱلنَّاسُ وَٱلۡحِجَارَةُۖ أُعِدَّتۡ لِلۡكَـٰفِرِینَ ﴿٢٤﴾ وَبَشِّرِ ٱلَّذِینَ ءَامَنُوا۟ وَعَمِلُوا۟ ٱلصَّـٰلِحَـٰتِ أَنَّ لَهُمۡ جَنَّـٰتࣲ تَجۡرِی مِن تَحۡتِهَا ٱلۡأَنۡهَـٰرُۖ كُلَّمَا رُزِقُوا۟ مِنۡهَا مِن ثَمَرَةࣲ رِّزۡقࣰا قَالُوا۟ هَـٰذَا ٱلَّذِی رُزِقۡنَا مِن قَبۡلُۖ وَأُتُوا۟ بِهِۦ مُتَشَـٰبِهࣰاۖ وَلَهُمۡ فِیهَاۤ أَزۡوَ ٰ⁠جࣱ مُّطَهَّرَةࣱۖ وَهُمۡ فِیهَا خَـٰلِدُونَ ﴿٢٥﴾ ۞ إِنَّ ٱللَّهَ لَا یَسۡتَحۡیِۦۤ أَن یَضۡرِبَ مَثَلࣰا مَّا بَعُوضَةࣰ فَمَا فَوۡقَهَاۚ فَأَمَّا ٱلَّذِینَ ءَامَنُوا۟ فَیَعۡلَمُونَ أَنَّهُ ٱلۡحَقُّ مِن رَّبِّهِمۡۖ وَأَمَّا ٱلَّذِینَ كَفَرُوا۟ فَیَقُولُونَ مَاذَاۤ أَرَادَ ٱللَّهُ بِهَـٰذَا مَثَلࣰاۘ یُضِلُّ بِهِۦ كَثِیرࣰا وَیَهۡدِی بِهِۦ كَثِیرࣰاۚ وَمَا یُضِلُّ بِهِۦۤ إِلَّا ٱلۡفَـٰسِقِینَ ﴿٢٦﴾,2:19-26,100,100,canonical_quran_match
english_meanings_of_the_quran,English Meanings of the Quran,13,,1,"[0.03, 0.02, 0.97, 0.46]",ٱلَّذِینَ یَنقُضُونَ عَهۡدَ ٱللَّهِ مِنۢ بَعۡدِ مِیثَـٰقِهِۦ وَیَقۡطَعُونَ مَاۤ أَمَرَ ٱللَّهُ بِهِۦۤ أَن یُوصَلَ وَیُفۡسِدُونَ فِی ٱلۡأَرۡضِۚ أُو۟لَـٰۤىِٕكَ هُمُ ٱلۡخَـٰسِرُونَ ﴿٢٧﴾ كَیۡفَ تَكۡفُرُونَ بِٱللَّهِ وَكُنتُمۡ أَمۡوَ ٰ⁠تࣰا فَأَحۡیَـٰكُمۡۖ ثُمَّ یُمِیتُكُمۡ ثُمَّ یُحۡیِیكُمۡ ثُمَّ إِلَیۡهِ تُرۡجَعُونَ ﴿٢٨﴾ هُوَ ٱلَّذِی خَلَقَ لَكُم مَّا فِی ٱلۡأَرۡضِ جَمِیعࣰا ثُمَّ ٱسۡتَوَىٰۤ إِلَى ٱلسَّمَاۤءِ فَسَوَّىٰهُنَّ سَبۡعَ سَمَـٰوَ ٰ⁠تࣲۚ وَهُوَ بِكُلِّ شَیۡءٍ عَلِیمࣱ ﴿٢٩﴾,ٱلَّذِینَ یَنقُضُونَ عَهۡدَ ٱللَّهِ مِنۢ بَعۡدِ مِیثَـٰقِهِۦ وَیَقۡطَعُونَ مَاۤ أَمَرَ ٱللَّهُ بِهِۦۤ أَن یُوصَلَ وَیُفۡسِدُونَ فِی ٱلۡأَرۡضِۚ أُو۟لَـٰۤىِٕكَ هُمُ ٱلۡخَـٰسِرُونَ ﴿٢٧﴾ كَیۡفَ تَكۡفُرُونَ بِٱللَّهِ وَكُنتُمۡ أَمۡوَ ٰ⁠تࣰا فَأَحۡیَـٰكُمۡۖ ثُمَّ یُمِیتُكُمۡ ثُمَّ یُحۡیِیكُمۡ ثُمَّ إِلَیۡهِ تُرۡجَعُونَ ﴿٢٨﴾ هُوَ ٱلَّذِی خَلَقَ لَكُم مَّا فِی ٱلۡأَرۡضِ جَمِیعࣰا ثُمَّ ٱسۡتَوَىٰۤ إِلَى ٱلسَّمَاۤءِ فَسَوَّىٰهُنَّ سَبۡعَ سَمَـٰوَ ٰ⁠تࣲۚ وَهُوَ بِكُلِّ شَیۡءٍ عَلِیمࣱ ﴿٢٩﴾,2:27-29,100,100,canonical_quran_match
miracle_of_quran_mysterious_alphabets,Miracle of the Quran - Significance of the Mysterious Alphabets,35,,1,"[0.271146, 0.287532, 0.822436, 0.306192]",(A.L.M.R.) 85 Mim مقا‎ Alif دمسععه 13 مه هه‎ 80-----,فَمَا كَانَ دَعۡوَىٰهُمۡ إِذۡ جَاۤءَهُم بَأۡسُنَاۤ إِلَّاۤ أَن قَالُوۤا۟ إِنَّا كُنَّا ظَـٰلِمِینَ,7:5,48.0,52.92,canonical_quran_match
miracle_of_quran_mysterious_alphabets,Miracle of the Quran - Significance of the Mysterious Alphabets,40,24,1,"[0.326935, 0.052587, 0.35093, 0.176421]",ع ع ص ع عا يي اي ييا,ع ع ص ع عا يي اي ييا,,0,60.53,ocr_unverified_arabic
miracle_of_quran_mysterious_alphabets,Miracle of the Quran - Significance of the Mysterious Alphabets,40,24,2,"[0.65087, 0.667515, 0.726455, 0.684054]",.أ 'هااديوه‎,.أ 'هااديوه‎,,0,25.41,ocr_unverified_arabic
miracle_of_quran_mysterious_alphabets,Miracle of the Quran - Significance of the Mysterious Alphabets,52,36,1,"[0.138572, 0.572519, 0.809238, 0.608142]","5662 110071076117605 لالز‎
317 0 407 50 40920127 71١2571711 118s 520 7842 120 كنز‎","5662 110071076117605 لالز‎
317 0 407 50 40920127 71١2571711 118s 520 7842 120 كنز‎",,0,29.73,ocr_unverified_arabic
miracle_of_quran_mysterious_alphabets,Miracle of the Quran - Significance of the Mysterious Alphabets,53,37,1,"[0.184163, 0.053859, 0.684463, 0.071247]","120267264 4625701215118 13062530 1082330 2340232 ,لازنا","120267264 4625701215118 13062530 1082330 2340232 ,لازنا",,0,37.99,ocr_unverified_arabic
miracle_of_quran_mysterious_alphabets,Miracle of the Quran - Significance of the Mysterious Alphabets,53,37,2,"[0.182364, 0.814673, 0.54889, 0.829092]",منغ ه١2م22م611‏,منغ ه١2م22م611‏,,0,6.2,ocr_unverified_arabic
miracle_of_quran_mysterious_alphabets,Miracle of the Quran - Significance of the Mysterious Alphabets,53,37,3,"[0.179364, 0.867684, 0.54829, 0.885072]",06 مم 1170 اهم,06 مم 1170 اهم,,0,34.68,ocr_unverified_arabic
miracle_of_quran_mysterious_alphabets,Miracle of the Quran - Significance of the Mysterious Alphabets,58,,1,"[0.172765, 0.556404, 0.853629, 0.581425]",360 70 157 291 93 12 الاققة”‎,360 70 157 291 93 12 الاققة”‎,,0,80.29,ocr_unverified_arabic
miracle_of_quran_mysterious_alphabets,Miracle of the Quran - Significance of the Mysterious Alphabets,58,,2,"[0.175165, 0.647583, 0.856029, 0.723494]","346 74 182 292 6) 19 آناا‎
326 84a 220 326 61 17 1 مالا‎
219 a3 112 15 36 9 لكوم‎","346 74 182 292 6) 19 آناا‎
326 84a 220 326 61 17 1 مالا‎
219 a3 112 15 36 9 لكوم‎",,0,77.14666666666666,ocr_unverified_arabic
miracle_of_quran_mysterious_alphabets,Miracle of the Quran - Significance of the Mysterious Alphabets,59,120,1,"[0.361128, 0.126378, 0.85003, 0.846056]","ل سم سن سس صن بن زم زو اح عن حجن نم جر ت ع افد د اا نت انم نم الت ات نه جح ات م لج نع حت عن الم 6 الج صن ان ع6 ع 90 << 2 نه عمس ان بن ات يي لس
39 الك‎ 15
ا ع ن ن ن ب wu‏ 00 لها ال لز نم لط لى مسرا سم اع مما ان لاه شر بى
سس سمه","ل سم سن سس صن بن زم زو اح عن حجن نم جر ت ع افد د اا نت انم نم الت ات نه جح ات م لج نع حت عن الم 6 الج صن ان ع6 ع 90 << 2 نه عمس ان بن ات يي لس
39 الك‎ 15
ا ع ن ن ن ب wu‏ 00 لها ال لز نم لط لى مسرا سم اع مما ان لاه شر بى
سس سمه",,0,50.7175,ocr_unverified_arabic
miracle_of_quran_mysterious_alphabets,Miracle of the Quran - Significance of the Mysterious Alphabets,60,483,1,"[0.157768, 0.036472, 0.809838, 0.219254]","المر
كن نم لظ كا نه اج ديد ته","المر
كن نم لظ كا نه اج ديد ته",,0,58.43,ocr_unverified_arabic
miracle_of_quran_mysterious_alphabets,Miracle of the Quran - Significance of the Mysterious Alphabets,65,2000,1,"[0.24835, 0.085666, 0.282543, 0.094572]",1الانا‎,1الانا‎,,0,53.74,ocr_unverified_arabic
miracle_of_quran_mysterious_alphabets,Miracle of the Quran - Significance of the Mysterious Alphabets,65,2000,2,"[0.239952, 0.162002, 0.282543, 0.170908]",الالرقى‎,الالرقى‎,,0,0.0,ocr_unverified_arabic
miracle_of_quran_mysterious_alphabets,Miracle of the Quran - Significance of the Mysterious Alphabets,65,2000,3,"[0.24955, 0.252757, 0.285543, 0.278202]","لكلا‎
1 للا","لكلا‎
1 للا",,0,37.835,ocr_unverified_arabic
miracle_of_quran_mysterious_alphabets,Miracle of the Quran - Significance of the Mysterious Alphabets,65,2000,4,"[0.724055, 0.69084, 0.805639, 0.703138]",الألألالءاآ‎,الألألالءاآ‎,,0,6.17,ocr_unverified_arabic
miracle_of_quran_mysterious_alphabets,Miracle of the Quran - Significance of the Mysterious Alphabets,68,3,1,"[0.132573, 0.061493, 0.289142, 0.776506]","طسمه
م نممو د 5 2 5 585 8 0 OR‏ 2 555522 5 همات 3157 51925 25585
سم ROR‏ سم لس سح 80 60 60 20 63 60 20 انبا الما الب انمع نيا الا لما اتنا اننا لنه
aa‏ ي يا ين",ٱهۡدِنَا ٱلصِّرَ ٰ⁠طَ ٱلۡمُسۡتَقِیمَ,1:6,50.0,57.23,canonical_quran_match
miracle_of_quran_mysterious_alphabets,Miracle of the Quran - Significance of the Mysterious Alphabets,69,0,1,"[0.34853, 0.811281, 0.439712, 0.832485]","6 وال‎
444ددةه. وه‎","6 وال‎
444ددةه. وه‎",,0,51.005,ocr_unverified_arabic
miracle_of_quran_mysterious_alphabets,Miracle of the Quran - Significance of the Mysterious Alphabets,72,226,1,"[0.146371, 0.110263, 0.580684, 0.222646]","داواي وه ناه اي
لات",یَـٰۤأَیُّهَا ٱلَّذِینَ ءَامَنُوۤا۟ إِذَا قُمۡتُمۡ إِلَى ٱلصَّلَوٰةِ فَٱغۡسِلُوا۟ وُجُوهَكُمۡ وَأَیۡدِیَكُمۡ إِلَى ٱلۡمَرَافِقِ وَٱمۡسَحُوا۟ بِرُءُوسِكُمۡ وَأَرۡجُلَكُمۡ إِلَى ٱلۡكَعۡبَیۡنِۚ وَإِن كُنتُمۡ جُنُبࣰا فَٱطَّهَّرُوا۟ۚ وَإِن كُنتُم مَّرۡضَىٰۤ أَوۡ عَلَىٰ سَفَرٍ أَوۡ جَاۤءَ أَحَدࣱ مِّنكُم مِّنَ ٱلۡغَاۤىِٕطِ أَوۡ لَـٰمَسۡتُمُ ٱلنِّسَاۤءَ فَلَمۡ تَجِدُوا۟ مَاۤءࣰ فَتَیَمَّمُوا۟ صَعِیدࣰا طَیِّبࣰا فَٱمۡسَحُوا۟ بِوُجُوهِكُمۡ وَأَیۡدِیكُم مِّنۡهُۚ مَا یُرِیدُ ٱللَّهُ لِیَجۡعَلَ عَلَیۡكُم مِّنۡ حَرَجࣲ وَلَـٰكِن یُرِیدُ لِیُطَهِّرَكُمۡ وَلِیُتِمَّ نِعۡمَتَهُۥ عَلَیۡكُمۡ لَعَلَّكُمۡ تَشۡكُرُونَ,5:6,54.55,38.155,canonical_quran_match
miracle_of_quran_mysterious_alphabets,Miracle of the Quran - Significance of the Mysterious Alphabets,72,226,2,"[0.209358, 0.433842, 0.302939, 0.443172]",اللتيديين‎,اللتيديين‎,,0,25.54,ocr_unverified_arabic
miracle_of_quran_mysterious_alphabets,Miracle of the Quran - Significance of the Mysterious Alphabets,80,,1,"[0.218356, 0.424936, 0.856029, 0.447413]",تج ييه بيجن بويد (©) مة©‎ ----- --- 102666667 L,تج ييه بيجن بويد (©) مة©‎ ----- --- 102666667 L,,0,47.88,ocr_unverified_arabic
miracle_of_quran_mysterious_alphabets,Miracle of the Quran - Significance of the Mysterious Alphabets,107,6,1,"[0.302939, 0.226039, 0.692861, 0.724767]","مون نح ه 0 0 و و و و و 0 0 0 0 5 ن 5 0 © ه 5 ه 5 هن هن نان هن هن هن وان
سام دم دد ني‎
OD‏ OWANO لاحن Fw‏ كرا كرات لمم
شاحات- مم زم مر زوين مر ناعم زم زم زم امم زم نم اي‎
ANN‏ زرا هسم ضر هر موعن مر EDM Funan‏ ازيم رين مربن
وحن مم‎","مون نح ه 0 0 و و و و و 0 0 0 0 5 ن 5 0 © ه 5 ه 5 هن هن نان هن هن هن وان
سام دم دد ني‎
OD‏ OWANO لاحن Fw‏ كرا كرات لمم
شاحات- مم زم مر زوين مر ناعم زم زم زم امم زم نم اي‎
ANN‏ زرا هسم ضر هر موعن مر EDM Funan‏ ازيم رين مربن
وحن مم‎",,0,54.67166666666666,ocr_unverified_arabic
miracle_of_quran_mysterious_alphabets,Miracle of the Quran - Significance of the Mysterious Alphabets,115,,1,"[0.272945, 0.427481, 0.69886, 0.444869]",دنا‎ ' 241-15 -------- 0٠١85714286 0011,دنا‎ ' 241-15 -------- 0٠١85714286 0011,,0,70.59,ocr_unverified_arabic
miracle_of_quran_mysterious_alphabets,Miracle of the Quran - Significance of the Mysterious Alphabets,117,103,1,"[0.484103, 0.204835, 0.520096, 0.347328]","الما
PNR‏ جاتحم وحن مر
2-5 ما و","الما
PNR‏ جاتحم وحن مر
2-5 ما و",,0,52.27333333333333,ocr_unverified_arabic
miracle_of_quran_mysterious_alphabets,Miracle of the Quran - Significance of the Mysterious Alphabets,123,,1,"[0.206959, 0.391433, 0.646071, 0.403308]",41-3 امس سمه‎ 17 1,41-3 امس سمه‎ 17 1,,0,50.49,ocr_unverified_arabic
miracle_of_quran_mysterious_alphabets,Miracle of the Quran - Significance of the Mysterious Alphabets,125,111,1,"[0.191362, 0.116624, 0.778044, 0.129771]",902666667 L لمكم عمممة مممممم ممت‎,902666667 L لمكم عمممة مممممم ممت‎,,0,28.32,ocr_unverified_arabic
miracle_of_quran_mysterious_alphabets,Miracle of the Quran - Significance of the Mysterious Alphabets,130,116,1,"[0.209958, 0.635284, 0.778044, 0.658185]",تالاه‎ 20 62 111,تالاه‎ 20 62 111,,0,61.4,ocr_unverified_arabic
miracle_of_quran_mysterious_alphabets,Miracle of the Quran - Significance of the Mysterious Alphabets,131,117,1,"[0.189562, 0.326972, 0.788842, 0.347328]",524636364 10111 1*0 الفووةظ‎,524636364 10111 1*0 الفووةظ‎,,0,42.86,ocr_unverified_arabic
miracle_of_quran_mysterious_alphabets,Miracle of the Quran - Significance of the Mysterious Alphabets,143,,1,"[0.206959, 0.135708, 0.775045, 0.156489]",10-¢870276 xLII ا ص اه حم اه اه هات نه 5 5 ووووووهه‎ 5-5,10-¢870276 xLII ا ص اه حم اه اه هات نه 5 5 ووووووهه‎ 5-5,,0,40.07,ocr_unverified_arabic
miracle_of_quran_mysterious_alphabets,Miracle of the Quran - Significance of the Mysterious Alphabets,144,130,1,"[0.205159, 0.13274, 0.806239, 0.156913]",153 Liv ومممممممهة اممممام ممه‎,153 Liv ومممممممهة اممممام ممه‎,,0,43.45,ocr_unverified_arabic
miracle_of_quran_mysterious_alphabets,Miracle of the Quran - Significance of the Mysterious Alphabets,150,136,1,"[0.657469, 0.394826, 0.684463, 0.559796]","تدوو حاة حن
حاحاني م و وهو","تدوو حاة حن
حاحاني م و وهو",,0,46.705,ocr_unverified_arabic
miracle_of_quran_mysterious_alphabets,Miracle of the Quran - Significance of the Mysterious Alphabets,159,145,1,"[0.139772, 0.673452, 0.238152, 0.690416]",'8 لاسرال‎ 11-,'8 لاسرال‎ 11-,,0,65.83,ocr_unverified_arabic
miracle_of_quran_mysterious_alphabets,Miracle of the Quran - Significance of the Mysterious Alphabets,161,147,1,"[0.128374, 0.608567, 0.595681, 0.624682]","40 +0, '8 ناسنال‎ 41-","40 +0, '8 ناسنال‎ 41-",,0,69.43,ocr_unverified_arabic
miracle_of_quran_mysterious_alphabets,Miracle of the Quran - Significance of the Mysterious Alphabets,174,,1,"[0.160168, 0.556828, 0.835033, 0.578032]","بلباج , 0+ مشاه‎ 111-11","بلباج , 0+ مشاه‎ 111-11",,0,56.46,ocr_unverified_arabic
miracle_of_quran_mysterious_alphabets,Miracle of the Quran - Significance of the Mysterious Alphabets,184,170,1,"[0.172166, 0.168363, 0.793041, 0.179813]",19646755 XL ممه ممم ممه ممعم ممممه‎,19646755 XL ممه ممم ممه ممعم ممممه‎,,0,13.37,ocr_unverified_arabic
quran_visual_presentation_of_the_miracle,Quran - Visual Presentation of the Miracle,1,,1,"[0.05, 0.05, 0.95, 0.95]",بسم الله الرحمن الرحيم,بسم الله الرحمن الرحيم,,100,100,canonical_quran_match
quran_visual_presentation_of_the_miracle,Quran - Visual Presentation of the Miracle,1,,2,"[0.05, 0.05, 0.95, 0.95]",مسجد توسان,مسجد توسان,,100,100,canonical_quran_match
quran_visual_presentation_of_the_miracle,Quran - Visual Presentation of the Miracle,8,,1,"[0.197358, 0.37863, 0.794385, 0.507945]","CLS re جاه‎
. كنا درفي © از يتنا‎ iNet ne eA",وَقَالُوا۟ لَوۡلَاۤ أُنزِلَ عَلَیۡهِ ءَایَـٰتࣱ مِّن رَّبِّهِۦۚ قُلۡ إِنَّمَا ٱلۡـَٔایَـٰتُ عِندَ ٱللَّهِ وَإِنَّمَاۤ أَنَا۠ نَذِیرࣱ مُّبِینٌ,29:50,50.0,21.185,canonical_quran_match
quran_visual_presentation_of_the_miracle,Quran - Visual Presentation of the Miracle,12,,1,"[0.424394, 0.5427, 0.652464, 0.555923]",——— صُسُلْبجبجحبحمح‎ ll,——— صُسُلْبجبجحبحمح‎ ll,,0,0.0,ocr_unverified_arabic
quran_visual_presentation_of_the_miracle,Quran - Visual Presentation of the Miracle,14,10,1,"[0.128099, 0.707785, 0.832231, 0.756579]",3 سوير اها ىسوم ضذوراقاسه Ny‏,3 سوير اها ىسوم ضذوراقاسه Ny‏,,0,30.48,ocr_unverified_arabic
quran_visual_presentation_of_the_miracle,Quran - Visual Presentation of the Miracle,26,22,1,"[0.092127, 0.295604, 0.195142, 0.303297]",ححصصخد,ححصصخد,,0,12.27,ocr_unverified_arabic
quran_visual_presentation_of_the_miracle,Quran - Visual Presentation of the Miracle,30,,1,"[0.540017, 0.827093, 0.768324, 0.864537]",الم د يي,الم د يي,,0,41.38,ocr_unverified_arabic
quran_visual_presentation_of_the_miracle,Quran - Visual Presentation of the Miracle,48,44,1,"[0.180624, 0.112939, 0.838259, 0.13432]",و ووو ووو فووووووووةووووقةةدوووويووووةدوددوةء,و ووو ووو فووووووووةووووقةةدوووويووووةدوددوةء,,0,21.93,ocr_unverified_arabic
quran_visual_presentation_of_the_miracle,Quran - Visual Presentation of the Miracle,53,49,1,"[0.167364, 0.130315, 0.841841, 0.152402]",4 ةد ةةودودءدةددوءءةودوددودةدة.:ةودددوددوودوددوةء,4 ةد ةةودودءدةددوءءةودوددودةدة.:ةودددوددوودوددوةء,,0,2.22,ocr_unverified_arabic
quran_visual_presentation_of_the_miracle,Quran - Visual Presentation of the Miracle,69,65,1,"[0.170976, 0.13245, 0.846539, 0.15011]",وقي فق ةدو دوقو ددوةدوةددوءةووةوودةةةدفءةةدة.ةةة:ةةوةةدددة..,وقي فق ةدو دوقو ددوةدوةددوءةووةوودةةةدفءةةدة.ةةة:ةةوةةدددة..,,0,0.0,ocr_unverified_arabic
quran_visual_presentation_of_the_miracle,Quran - Visual Presentation of the Miracle,74,70,1,"[0.170549, 0.546307, 0.8802, 0.655458]","س- 60 رع ,g0=4',70=‏ = 3,90 =100, 200=4
ش 3002 رات -400, %=500, اخ =600, 3 =700
ض 8002 , 5 -900, ثم =1000","س- 60 رع ,g0=4',70=‏ = 3,90 =100, 200=4
ش 3002 رات -400, %=500, اخ =600, 3 =700
ض 8002 , 5 -900, ثم =1000",,0,67.58666666666666,ocr_unverified_arabic
quran_visual_presentation_of_the_miracle,Quran - Visual Presentation of the Miracle,83,,1,"[0.161506, 0.183425, 0.52636, 0.198895]",ووو وهة معدو دوق دة وو دودوود ةد‎,ووو وهة معدو دوق دة وو دودوود ةد‎,,0,39.77,ocr_unverified_arabic
quran_visual_presentation_of_the_miracle,Quran - Visual Presentation of the Miracle,84,,1,"[0.192982, 0.659304, 0.771094, 0.71397]","هه كدير انك الي‎ Ey
لسلس‎ 2
سعد‎ 3","هه كدير انك الي‎ Ey
لسلس‎ 2
سعد‎ 3",,0,38.45666666666667,ocr_unverified_arabic
quran_visual_presentation_of_the_miracle,Quran - Visual Presentation of the Miracle,87,82,1,"[0.291222, 0.784658, 0.645611, 0.846575]",اندوز واسزاكيره |,اندوز واسزاكيره |,,0,37.99,ocr_unverified_arabic
quran_visual_presentation_of_the_miracle,Quran - Visual Presentation of the Miracle,92,87,1,"[0.092451, 0.23026, 0.905004, 0.252347]",ae‏ i I عد بانجلا جد عبد جل جلا بإ ل دع علا RR‏ بأد جلا عل جل د علد جلا لاحل يد علا إد علا ب عاد seo‏ مد علا ب عله بذ لد جل af‏ ROR د جلا اد اد,ae‏ i I عد بانجلا جد عبد جل جلا بإ ل دع علا RR‏ بأد جلا عل جل د علد جلا لاحل يد علا إد علا ب عاد seo‏ مد علا ب عله بذ لد جل af‏ ROR د جلا اد اد,,0,41.0,ocr_unverified_arabic
quran_visual_presentation_of_the_miracle,Quran - Visual Presentation of the Miracle,94,89,1,"[0.207814, 0.847383, 0.9202, 0.969146]",Delis = رك‎ Js! ge وضم للناس‎,إِنَّ أَوَّلَ بَیۡتࣲ وُضِعَ لِلنَّاسِ لَلَّذِی بِبَكَّةَ مُبَارَكࣰا وَهُدࣰى لِّلۡعَـٰلَمِینَ,3:96,58.33,61.61,canonical_quran_match
quran_visual_presentation_of_the_miracle,Quran - Visual Presentation of the Miracle,95,90,1,"[0.186299, 0.298178, 0.806182, 0.3291]",شتت تت ووو,شتت تت ووو,,0,23.3,ocr_unverified_arabic
quran_visual_presentation_of_the_miracle,Quran - Visual Presentation of the Miracle,109,104,1,"[0.309091, 0.522026, 0.777686, 0.560022]",| تأت عبر لفرت‎ © ١ لاك كاف كذ‎ Kou |,| تأت عبر لفرت‎ © ١ لاك كاف كذ‎ Kou |,,0,44.86,ocr_unverified_arabic
quran_visual_presentation_of_the_miracle,Quran - Visual Presentation of the Miracle,109,104,2,"[0.324793, 0.810573, 0.757851, 0.854075]",17 هوني وفيت م انول ليلاي‎,17 هوني وفيت م انول ليلاي‎,,0,30.33,ocr_unverified_arabic
quran_visual_presentation_of_the_miracle,Quran - Visual Presentation of the Miracle,114,109,1,"[0.320165, 0.435475, 0.771193, 0.482702]",16تها طون ل لكوك اف‎ [SG,16تها طون ل لكوك اف‎ [SG,,0,33.15,ocr_unverified_arabic
quran_visual_presentation_of_the_miracle,Quran - Visual Presentation of the Miracle,114,109,2,"[0.298765, 0.605162, 0.816461, 0.65129]",Pi غ 1ن ركز مكانتياه وار راط‎ N,Pi غ 1ن ركز مكانتياه وار راط‎ N,,0,37.33,ocr_unverified_arabic
quran_visual_presentation_of_the_miracle,Quran - Visual Presentation of the Miracle,115,110,1,"[0.317395, 0.581089, 0.798021, 0.617922]",|! ابسن جاه بجع ةلاع يدترت‎ © 1|,|! ابسن جاه بجع ةلاع يدترت‎ © 1|,,0,33.46,ocr_unverified_arabic
quran_visual_presentation_of_the_miracle,Quran - Visual Presentation of the Miracle,123,118,1,"[0.184211, 0.517699, 0.267402, 0.527102]",لسلسم 2,لسلسم 2,,0,56.15,ocr_unverified_arabic
quran_visual_presentation_of_the_miracle,Quran - Visual Presentation of the Miracle,125,,1,"[0.662174, 0.318457, 0.870261, 0.348209]",I حدم رهم يصون‎ ©,I حدم رهم يصون‎ ©,,0,23.89,ocr_unverified_arabic
quran_visual_presentation_of_the_miracle,Quran - Visual Presentation of the Miracle,142,137,1,"[0.090075, 0.172737, 0.882402, 0.360375]","المجموع من الصفحة السابتة عرد nee‏ 2-------- 1204
) f ما | د د‎ /","المجموع من الصفحة السابتة عرد nee‏ 2-------- 1204
) f ما | د د‎ /",,0,57.16,ocr_unverified_arabic
quran_visual_presentation_of_the_miracle,Quran - Visual Presentation of the Miracle,143,138,1,"[0.167084, 0.119823, 0.739348, 0.205411]","ا‎ 3 33 XA كز +3 ا 3 6126 لا‎ 3 2+ 26 3 3+ 2163+
المجموع من الصفحة السابتة = عه ل woe‏","ا‎ 3 33 XA كز +3 ا 3 6126 لا‎ 3 2+ 26 3 3+ 2163+
المجموع من الصفحة السابتة = عه ل woe‏",,0,45.58,ocr_unverified_arabic
quran_visual_presentation_of_the_miracle,Quran - Visual Presentation of the Miracle,144,139,1,"[0.187656, 0.168874, 0.883236, 0.3383]","المجموع من الصفحة السابتة » اس ع لك
ا 000 ا ريه 5 1","المجموع من الصفحة السابتة » اس ع لك
ا 000 ا ريه 5 1",,0,45.92,ocr_unverified_arabic
quran_visual_presentation_of_the_miracle,Quran - Visual Presentation of the Miracle,148,143,1,"[0.040867, 0.208057, 0.566305, 0.243929]",المجموع من الصفحة السابقة 8 = --- 1787,المجموع من الصفحة السابقة 8 = --- 1787,,0,63.77,ocr_unverified_arabic
quran_visual_presentation_of_the_miracle,Quran - Visual Presentation of the Miracle,149,144,1,"[0.322446, 0.171823, 0.597152, 0.190055]",المجموع من الصفحة السابقة »,المجموع من الصفحة السابقة »,,0,88.43,ocr_unverified_arabic
quran_visual_presentation_of_the_miracle,Quran - Visual Presentation of the Miracle,157,37,1,"[0.375405, 0.466231, 0.696602, 0.517429]","بره تاودن‎ |
والاض ها","بره تاودن‎ |
والاض ها",,0,27.25,ocr_unverified_arabic
quran_visual_presentation_of_the_miracle,Quran - Visual Presentation of the Miracle,160,155,1,"[0.230192, 0.112583, 0.743119, 0.130243]","KI,‏ دعي ةددةةقةدةدةةةددرةدةةة.تدزدتدقيدةة فد","KI,‏ دعي ةددةةقةدةدةةةددرةدةةة.تدزدتدقيدةة فد",,0,3.66,ocr_unverified_arabic
quran_visual_presentation_of_the_miracle,Quran - Visual Presentation of the Miracle,164,,1,"[0.133001, 0.331312, 0.331671, 0.345645]",سسممه م ممم ممسيه | 7,سسممه م ممم ممسيه | 7,,0,22.99,ocr_unverified_arabic
quran_visual_presentation_of_the_miracle,Quran - Visual Presentation of the Miracle,164,,2,"[0.122195, 0.363837, 0.332502, 0.37376]",لس ع م عمد 10,لس ع م عمد 10,,0,35.67,ocr_unverified_arabic
quran_visual_presentation_of_the_miracle,Quran - Visual Presentation of the Miracle,164,,3,"[0.133832, 0.533627, 0.33749, 0.547409]",ابح يبن بت جم بع بين مت م ع ع 8,ابح يبن بت جم بع بين مت م ع ع 8,,0,30.46,ocr_unverified_arabic
quran_visual_presentation_of_the_miracle,Quran - Visual Presentation of the Miracle,164,,4,"[0.12552, 0.624035, 0.335827, 0.633958]",لس م سس 10,لس م سس 10,,0,36.82,ocr_unverified_arabic
quran_visual_presentation_of_the_miracle,Quran - Visual Presentation of the Miracle,164,,5,"[0.12552, 0.653252, 0.336658, 0.663727]",سس م م م ممم 10,سس م م م ممم 10,,0,42.05,ocr_unverified_arabic
quran_visual_presentation_of_the_miracle,Quran - Visual Presentation of the Miracle,165,160,1,"[0.124791, 0.155249, 0.886935, 0.241436]","٠: و فد مشةوة دو(‎
المجموع من الصفحة السابقة‎ ------8 024 ------ 548
| أ ديات سويت نه‎ 10","٠: و فد مشةوة دو(‎
المجموع من الصفحة السابقة‎ ------8 024 ------ 548
| أ ديات سويت نه‎ 10",,0,40.75333333333334,ocr_unverified_arabic
quran_visual_presentation_of_the_miracle,Quran - Visual Presentation of the Miracle,165,160,2,"[0.136516, 0.479558, 0.840871, 0.548619]","إن يي 11
9 للح ا 4 8","إن يي 11
9 للح ا 4 8",,0,56.754999999999995,ocr_unverified_arabic
quran_visual_presentation_of_the_miracle,Quran - Visual Presentation of the Miracle,168,163,1,"[0.324459, 0.162624, 0.599834, 0.187982]",المجموع من الصفحة السابقة ©,المجموع من الصفحة السابقة ©,,0,73.31,ocr_unverified_arabic
quran_visual_presentation_of_the_miracle,Quran - Visual Presentation of the Miracle,172,167,1,"[0.098827, 0.176796, 0.590452, 0.195028]",المجموع من الصفحة RL‏ = ------------- 194,المجموع من الصفحة RL‏ = ------------- 194,,0,69.41,ocr_unverified_arabic
quran_visual_presentation_of_the_miracle,Quran - Visual Presentation of the Miracle,172,167,2,"[0.335846, 0.299448, 0.832496, 0.380663]","ييل يعوسئ© الي عصاى‎
مَسَرْدِئْ © وَمَاسَلْك
|]‏ CANIS OES كج و تئهقال الم","ييل يعوسئ© الي عصاى‎
مَسَرْدِئْ © وَمَاسَلْك
|]‏ CANIS OES كج و تئهقال الم",,0,36.48666666666667,ocr_unverified_arabic
quran_visual_presentation_of_the_miracle,Quran - Visual Presentation of the Miracle,173,168,1,"[0.166253, 0.184268, 0.595533, 0.207921]",المجموع من الصفحة السابقة » 001ص,المجموع من الصفحة السابقة » 001ص,,0,82.27,ocr_unverified_arabic
quran_visual_presentation_of_the_miracle,Quran - Visual Presentation of the Miracle,174,169,1,"[0.10804, 0.192924, 0.886097, 0.302377]","المجموع من الصفحة السابقة « .------------ 285
8 امزاي اكوك رسف ةريره
تيت اللا
ل e‏ يكو ما 0 0","المجموع من الصفحة السابقة « .------------ 285
8 امزاي اكوك رسف ةريره
تيت اللا
ل e‏ يكو ما 0 0",,0,37.3975,ocr_unverified_arabic
quran_visual_presentation_of_the_miracle,Quran - Visual Presentation of the Miracle,178,173,1,"[0.344221, 0.179006, 0.589615, 0.206077]",المجموع من الصفحة السابقة,المجموع من الصفحة السابقة,,0,89.73,ocr_unverified_arabic
quran_visual_presentation_of_the_miracle,Quran - Visual Presentation of the Miracle,178,173,2,"[0.337521, 0.752486, 0.803183, 0.796685]",رماي ِتنَ © لياع‎ !,رماي ِتنَ © لياع‎ !,,0,33.16,ocr_unverified_arabic
quran_visual_presentation_of_the_miracle,Quran - Visual Presentation of the Miracle,182,177,1,"[0.314523, 0.170154, 0.588382, 0.188326]",المجموع من الصفحة السابقة *,المجموع من الصفحة السابقة *,,0,73.82,ocr_unverified_arabic
quran_visual_presentation_of_the_miracle,Quran - Visual Presentation of the Miracle,183,178,1,"[0.347571, 0.192818, 0.59464, 0.211602]",المجموع من الصفحة السابقة,المجموع من الصفحة السابقة,,0,91.04,ocr_unverified_arabic
quran_visual_presentation_of_the_miracle,Quran - Visual Presentation of the Miracle,184,,1,"[0.39069, 0.669421, 0.848712, 0.711295]",ركاذا تويب قلاع ناريت‎ (|,ركاذا تويب قلاع ناريت‎ (|,,0,9.5,ocr_unverified_arabic
quran_visual_presentation_of_the_miracle,Quran - Visual Presentation of the Miracle,189,184,1,"[0.129274, 0.428256, 0.75146, 0.471854]",5) Fer يومَاِْسَإناتتَار3ه‎ 8 1186,5) Fer يومَاِْسَإناتتَار3ه‎ 8 1186,,0,49.18,ocr_unverified_arabic
quran_visual_presentation_of_the_miracle,Quran - Visual Presentation of the Miracle,189,184,2,"[0.36447, 0.701987, 0.885738, 0.883002]","اانه 0 2 /
لادان يدو مله ee‏ ٍ","اانه 0 2 /
لادان يدو مله ee‏ ٍ",,0,26.18,ocr_unverified_arabic
quran_visual_presentation_of_the_miracle,Quran - Visual Presentation of the Miracle,192,187,1,"[0.474562, 0.578599, 0.650542, 0.62107]",لكر ارق 333,لكر ارق 333,,0,34.5,ocr_unverified_arabic
quran_visual_presentation_of_the_miracle,Quran - Visual Presentation of the Miracle,200,195,1,"[0.762144, 0.267403, 0.789782, 0.841989]","سا لسلس ل سل اسل لبا لل الا لي
ليها
ذ ال تم ان 00 هد 00 كي إل زن يد ني عه 06 00 نا إل 0١‏ كه لد اله","سا لسلس ل سل اسل لبا لل الا لي
ليها
ذ ال تم ان 00 هد 00 كي إل زن يد ني عه 06 00 نا إل 0١‏ كه لد اله",,0,48.24,ocr_unverified_arabic
quran_visual_presentation_of_the_miracle,Quran - Visual Presentation of the Miracle,206,201,1,"[0.159129, 0.154867, 0.839196, 0.46958]","فو ووو و قافو ووو قو وو ووو هو وو ومو فقوو وم وو وو فقوو ةو ةوةة<‎
© © 6 بج عورد في عر يد ي- يو بي ها
0 4 © عم رم رن لظ إلى يد تن
ص مه له إن يد
oe‏ سو مو مو مو","فو ووو و قافو ووو قو وو ووو هو وو ومو فقوو وم وو وو فقوو ةو ةوةة<‎
© © 6 بج عورد في عر يد ي- يو بي ها
0 4 © عم رم رن لظ إلى يد تن
ص مه له إن يد
oe‏ سو مو مو مو",,0,51.007999999999996,ocr_unverified_arabic
quran_visual_presentation_of_the_miracle,Quran - Visual Presentation of the Miracle,211,,1,"[0.58794, 0.594147, 0.724456, 0.625069]",=5 95.000000 الم‎,الم,,100.0,33.48,normalized_quranic_initials
quran_visual_presentation_of_the_miracle,Quran - Visual Presentation of the Miracle,213,,1,"[0.603175, 0.443954, 0.626566, 0.559912]",ا لج مم ان عم إن يد مم ويا,ا لج مم ان عم إن يد مم ويا,,0,62.54,ocr_unverified_arabic
quran_visual_presentation_of_the_miracle,Quran - Visual Presentation of the Miracle,216,211,1,"[0.155779, 0.759801, 0.883585, 0.775262]",سس _ سس اس اس سس يبب —_————_,سس _ سس اس اس سس يبب —_————_,,0,39.89,ocr_unverified_arabic
quran_visual_presentation_of_the_miracle,Quran - Visual Presentation of the Miracle,217,,1,"[0.163317, 0.925926, 0.857621, 0.929795]",.اس سس اس يسبب سسسب يبب ——,.اس سس اس يسبب سسسب يبب ——,,0,35.14,ocr_unverified_arabic
quran_visual_presentation_of_the_miracle,Quran - Visual Presentation of the Miracle,232,227,1,"[0.218593, 0.200331, 0.798157, 0.89128]","شا ب © 0 حه زم نن ند 00
ز DUN‏ HUE‏ AK DADE‏ VOU‏ سه زم 02 تن) ل"" إآل) ليد زم عه ADWAWUDONUN‏ ل"" نم نم حم كل ان زم زه نم ل5 زى إثن) عم لذي عو نو
صو موصن صو صو صو مو صو صو مو
ع © رم ذن) لني إن 09 يد تن ود
ابه دم ذم نم رع زم زم رع زم بع تن تن ين لن نه
و OD‏ عم رم زن ١«‏ إن كن لي 00 قي مد زم رن ذه
مم يه في
ل 06 م‎ © يد
هه ضام ها
امم ين الى و زم
ينا
هاه","شا ب © 0 حه زم نن ند 00
ز DUN‏ HUE‏ AK DADE‏ VOU‏ سه زم 02 تن) ل"" إآل) ليد زم عه ADWAWUDONUN‏ ل"" نم نم حم كل ان زم زه نم ل5 زى إثن) عم لذي عو نو
صو موصن صو صو صو مو صو صو مو
ع © رم ذن) لني إن 09 يد تن ود
ابه دم ذم نم رع زم زم رع زم بع تن تن ين لن نه
و OD‏ عم رم زن ١«‏ إن كن لي 00 قي مد زم رن ذه
مم يه في
ل 06 م‎ © يد
هه ضام ها
امم ين الى و زم
ينا
هاه",,0,49.89833333333333,ocr_unverified_arabic
quran_visual_presentation_of_the_miracle,Quran - Visual Presentation of the Miracle,242,,1,"[0.333058, 0.372183, 0.77438, 0.667949]","و و نا بد لظ 00 00 عم زم زم ون كن عد ون جر سم اج إن لك مر رن ترا
ع LOGE‏ Oem‏ © 2 © رع مم من وم زم مير مم صم مو زم سم مو
و ي ف ف انج قا أن لظ لد 0١‏ تن","و و نا بد لظ 00 00 عم زم زم ون كن عد ون جر سم اج إن لك مر رن ترا
ع LOGE‏ Oem‏ © 2 © رع مم من وم زم مير مم صم مو زم سم مو
و ي ف ف انج قا أن لظ لد 0١‏ تن",,0,48.32,ocr_unverified_arabic
quran_visual_presentation_of_the_miracle,Quran - Visual Presentation of the Miracle,243,238,1,"[0.101921, 0.729327, 0.899749, 0.92613]","Q 5 ,N ران‎ 55 oy HHM. حم‎ , YS. OF, TIS طس‎
TT.H. طه‎ , ‘ASQ. عسق‎ , ارو emmy ALM. الم‎
ALR. الى‎ , هررم المي Ass, ml and
K.H.Y.'A.SS. بيعص‎ ٠",بِسۡمِ ٱللَّهِ ٱلرَّحۡمَـٰنِ ٱلرَّحِیمِ,1:1,52.63,41.8225,canonical_quran_match
quran_visual_presentation_of_the_miracle,Quran - Visual Presentation of the Miracle,244,239,1,"[0.213568, 0.736755, 0.707705, 0.893488]","Fussilat (Elucidated) فسلت‎
Al-Shooraa (Consultation) الشورى‎
Al-Zukhruf (Vanity) الزخرف‎
سات بت ibe‏ م
عد جح جد
الا
ممه ع
Al-Qalam (The Pen) القلم‎",ٱلۡحَمۡدُ لِلَّهِ رَبِّ ٱلۡعَـٰلَمِینَ,1:2,55.17,78.50625,canonical_quran_match
quran_visual_presentation_of_the_miracle,Quran - Visual Presentation of the Miracle,245,,1,"[0.103076, 0.21708, 0.876143, 0.234711]",له جل جلا جلا 3 >3 جف جف جلا مل مل جل جل عأ عل جل جل عل جل لد مل 4ج جو لا جف جل ملعل جل عل لجل عقا جف جف ملت جلا جا جل ل جف جف جف جل A‏ RIKER,له جل جلا جلا 3 >3 جف جف جلا مل مل جل جل عأ عل جل جل عل جل لد مل 4ج جو لا جف جل ملعل جل عل لجل عقا جف جف ملت جلا جا جل ل جف جف جف جل A‏ RIKER,,0,46.0,ocr_unverified_arabic
quran_visual_presentation_of_the_miracle,Quran - Visual Presentation of the Miracle,248,243,1,"[0.159967, 0.126645, 0.821165, 0.14364]",فعء + .وه قو و يوءة فقوم وود وووفءدةوودودوووءةودددوةةودةوة<,فعء + .وه قو و يوءة فقوم وود وووفءدةوودودوووءةودددوةةودةوة<,,0,30.44,ocr_unverified_arabic
quran_visual_presentation_of_the_miracle,Quran - Visual Presentation of the Miracle,249,,1,"[0.0, 0.103846, 0.016529, 0.285714]",ب a‏ ماسوو سس بو,ب a‏ ماسوو سس بو,,0,19.44,ocr_unverified_arabic
quran_hadith_and_islam,"Quran, Hadith, and Islam",1,,1,"[0.05, 0.05, 0.95, 0.95]",بسم الله الرحمن الرحيم,بسم الله الرحمن الرحيم,1:1,100,100,canonical_quran_match
quran_hadith_and_islam,"Quran, Hadith, and Islam",4,,1,"[0.136622, 0.568659, 0.829222, 0.619548]",© يموق‎ دحك سو[ NNT َوأطيع‎ PS ire ss Zayas,وَأَقِیمُوا۟ ٱلصَّلَوٰةَ وَءَاتُوا۟ ٱلزَّكَوٰةَ وَأَطِیعُوا۟ ٱلرَّسُولَ لَعَلَّكُمۡ تُرۡحَمُونَ,24:56,57.14,29.61,canonical_quran_match
quran_hadith_and_islam,"Quran, Hadith, and Islam",9,,1,"[0.145597, 0.42936, 0.83871, 0.593267]","spa ويه ونَاسمالا,‎ ae pes
wI 7 ب‎ 4 جد ee
فلمو نولاق‎ oN Kee 0",وَإِذَا تُتۡلَىٰ عَلَیۡهِمۡ ءَایَاتُنَا بَیِّنَـٰتࣲ قَالَ ٱلَّذِینَ لَا یَرۡجُونَ لِقَاۤءَنَا ٱئۡتِ بِقُرۡءَانٍ غَیۡرِ هَـٰذَاۤ أَوۡ بَدِّلۡهُۚ قُلۡ مَا یَكُونُ لِیۤ أَنۡ أُبَدِّلَهُۥ مِن تِلۡقَاۤىِٕ نَفۡسِیۤۖ إِنۡ أَتَّبِعُ إِلَّا مَا یُوحَىٰۤ إِلَیَّۖ إِنِّیۤ أَخَافُ إِنۡ عَصَیۡتُ رَبِّی عَذَابَ یَوۡمٍ عَظِیمࣲ,10:15,52.17,30.833333333333332,canonical_quran_match
quran_hadith_and_islam,"Quran, Hadith, and Islam",18,15,1,"[0.16578, 0.497436, 0.636525, 0.567949]",دورول نسْتدَمَكه bs‏ ©,دورول نسْتدَمَكه bs‏ ©,,0,33.16,ocr_unverified_arabic
quran_hadith_and_islam,"Quran, Hadith, and Islam",20,17,1,"[0.068847, 0.583487, 0.92685, 0.746765]","3 كاه يعية تبره واتاجاء 2ن ©
dips aes rasa نه‎ i hse! ce الوا‎ Hf",أَن جَاۤءَهُ ٱلۡأَعۡمَىٰ,80:2,69.57,24.95,canonical_quran_match
quran_hadith_and_islam,"Quran, Hadith, and Islam",26,,1,"[0.126457, 0.586161, 0.895964, 0.69328]","eho جب ركز برد‎ ||“
| اعد انمه"" ( سورة القصس‎ )","eho جب ركز برد‎ ||“
| اعد انمه"" ( سورة القصس‎ )",,0,54.53,ocr_unverified_arabic
quran_hadith_and_islam,"Quran, Hadith, and Islam",29,,1,"[0.284734, 0.395508, 0.921955, 0.429819]",Le”‏ بسنتى وسنة الخلفا* الراشدين من بعدى 5 You,Le”‏ بسنتى وسنة الخلفا* الراشدين من بعدى 5 You,,0,79.06,ocr_unverified_arabic
quran_hadith_and_islam,"Quran, Hadith, and Islam",33,30,1,"[0.321492, 0.485275, 0.706927, 0.537772]",Avo يروس ولاهنما‎,قُل لَّاۤ أَمۡلِكُ لِنَفۡسِی ضَرࣰّا وَلَا نَفۡعًا إِلَّا مَا شَاۤءَ ٱللَّهُۗ لِكُلِّ أُمَّةٍ أَجَلٌۚ إِذَا جَاۤءَ أَجَلُهُمۡ فَلَا یَسۡتَـٔۡخِرُونَ سَاعَةࣰ وَلَا یَسۡتَقۡدِمُونَ,10:49,58.33,27.11,canonical_quran_match
quran_hadith_and_islam,"Quran, Hadith, and Islam",36,33,1,"[0.064991, 0.592705, 0.90208, 0.798176]","كذ الهم وفروهوعلييم م ا‎ 2 pay
“قر لع هبه‎ “A.C.
مون ]وت ذل كسد اماقرأ Eps‏",عَلَّمَ ٱلۡقُرۡءَانَ,55:2,66.67,28.38,canonical_quran_match
quran_hadith_and_islam,"Quran, Hadith, and Islam",37,34,1,"[0.104762, 0.397146, 0.916017, 0.636742]","«السابع ‏ النهى عن كتابة غير القران»
يع { ِ 489 لاسن بع لق اا عا ما ل سار لفاح للا و شاد د تكد
عن أبى سعيد الخدرى رضى الله عنه قال': قال رسول الله صلى الله
ote‏ حيس 2 ade‏ 5 جه مااع ” tA‏ es سي .”م
عَلِبْهِ وَسَلمِ : «لاتكتبوا Ee‏ سوى Ta‏ eS
2 لب oot‏ هه (
(احمد > ١‏ اص ١9١‏ ومسلم)","«السابع ‏ النهى عن كتابة غير القران»
يع { ِ 489 لاسن بع لق اا عا ما ل سار لفاح للا و شاد د تكد
عن أبى سعيد الخدرى رضى الله عنه قال': قال رسول الله صلى الله
ote‏ حيس 2 ade‏ 5 جه مااع ” tA‏ es سي .”م
عَلِبْهِ وَسَلمِ : «لاتكتبوا Ee‏ سوى Ta‏ eS
2 لب oot‏ هه (
(احمد > ١‏ اص ١9١‏ ومسلم)",,0,54.76285714285715,ocr_unverified_arabic
quran_hadith_and_islam,"Quran, Hadith, and Islam",45,,1,"[0.164468, 0.368269, 0.864556, 0.691951]","© وده الشْبورِعن أله أشنا عسو برا في سوراف كبا سو
Male ee وما وم و2 وساي‎
= “3 Aree ac lor ff تدع‎ لس da مم‎
al مَالْكَدِرنَ‎ ©",إِنَّ عِدَّةَ ٱلشُّهُورِ عِندَ ٱللَّهِ ٱثۡنَا عَشَرَ شَهۡرࣰا فِی كِتَـٰبِ ٱللَّهِ یَوۡمَ خَلَقَ ٱلسَّمَـٰوَ ٰ⁠تِ وَٱلۡأَرۡضَ مِنۡهَاۤ أَرۡبَعَةٌ حُرُمࣱۚ ذَ ٰ⁠لِكَ ٱلدِّینُ ٱلۡقَیِّمُۚ فَلَا تَظۡلِمُوا۟ فِیهِنَّ أَنفُسَكُمۡۚ وَقَـٰتِلُوا۟ ٱلۡمُشۡرِكِینَ كَاۤفَّةࣰ كَمَا یُقَـٰتِلُونَكُمۡ كَاۤفَّةࣰۚ وَٱعۡلَمُوۤا۟ أَنَّ ٱللَّهَ مَعَ ٱلۡمُتَّقِینَ,9:36,57.63,35.045,canonical_quran_match
quran_hadith_and_islam,"Quran, Hadith, and Islam",54,51,1,"[0.153571, 0.561404, 0.860714, 0.661222]","hereon Se eG د‎ (الكبف) ا
ii Maley بتاعا‎ OCC Ss
وه يم",وَمَنۡ أَظۡلَمُ مِمَّن ذُكِّرَ بِـَٔایَـٰتِ رَبِّهِۦ فَأَعۡرَضَ عَنۡهَا وَنَسِیَ مَا قَدَّمَتۡ یَدَاهُۚ إِنَّا جَعَلۡنَا عَلَىٰ قُلُوبِهِمۡ أَكِنَّةً أَن یَفۡقَهُوهُ وَفِیۤ ءَاذَانِهِمۡ وَقۡرࣰاۖ وَإِن تَدۡعُهُمۡ إِلَى ٱلۡهُدَىٰ فَلَن یَهۡتَدُوۤا۟ إِذًا أَبَدࣰا,18:57,50.0,42.18333333333333,canonical_quran_match
quran_hadith_and_islam,"Quran, Hadith, and Islam",60,57,1,"[0.153987, 0.223417, 0.807516, 0.465352]","SAG AGE Ee ob ) (الجاعية‎
هته يك‎
| ie oy as BME 0 ره ك0‎ 52,5
ولام نين دون PY‏ 1 PAYLIN © عدا",تِلۡكَ ءَایَـٰتُ ٱللَّهِ نَتۡلُوهَا عَلَیۡكَ بِٱلۡحَقِّۖ فَبِأَیِّ حَدِیثِۭ بَعۡدَ ٱللَّهِ وَءَایَـٰتِهِۦ یُؤۡمِنُونَ,45:6,54.55,36.7825,canonical_quran_match
quran_hadith_and_islam,"Quran, Hadith, and Islam",61,58,1,"[0.191189, 0.542683, 0.844555, 0.68459]","وها ل رع HL ARPA‏
رو لكا تين © رفير :ينا رهزا
3 لمن سام لكر انين عايأيره","وها ل رع HL ARPA‏
رو لكا تين © رفير :ينا رهزا
3 لمن سام لكر انين عايأيره",,0,30.11,ocr_unverified_arabic
quran_hadith_and_islam,"Quran, Hadith, and Islam",69,,1,"[0.182287, 0.735706, 0.711092, 0.787631]",َل الكت منصلا )114 :6(,أَفَغَیۡرَ ٱللَّهِ أَبۡتَغِی حَكَمࣰا وَهُوَ ٱلَّذِیۤ أَنزَلَ إِلَیۡكُمُ ٱلۡكِتَـٰبَ مُفَصَّلࣰاۚ وَٱلَّذِینَ ءَاتَیۡنَـٰهُمُ ٱلۡكِتَـٰبَ یَعۡلَمُونَ أَنَّهُۥ مُنَزَّلࣱ مِّن رَّبِّكَ بِٱلۡحَقِّۖ فَلَا تَكُونَنَّ مِنَ ٱلۡمُمۡتَرِینَ,6:114,66.67,56.6,canonical_quran_match
quran_hadith_and_islam,"Quran, Hadith, and Islam",90,87,1,"[0.203083, 0.438404, 0.757026, 0.481781]",nay لديم دون ذاه ا‎ @,وَإِذَا ذُكِرَ ٱللَّهُ وَحۡدَهُ ٱشۡمَأَزَّتۡ قُلُوبُ ٱلَّذِینَ لَا یُؤۡمِنُونَ بِٱلۡـَٔاخِرَةِۖ وَإِذَا ذُكِرَ ٱلَّذِینَ مِن دُونِهِۦۤ إِذَا هُمۡ یَسۡتَبۡشِرُونَ,39:45,66.67,32.17,canonical_quran_match
islam_volume_1,Islam - Volume 1,1,,1,"[0.05, 0.05, 0.95, 0.95]",بسم الله الرحمن الرحيم,بسم الله الرحمن الرحيم,1:1,100,100,canonical_quran_match
islam_volume_1,Islam - Volume 1,3,,1,"[0.263422, 0.32101, 0.607731, 0.357078]",نيد ]أن كلدك,نيد ]أن كلدك,,0,26.7,ocr_unverified_arabic
islam_volume_1,Islam - Volume 1,27,,1,"[0.234467, 0.344454, 0.648669, 0.429216]","5 ner لمت سرع سك‎ 2
OE Alsi يعرف‎",إِذۡ قَالَتِ ٱلۡمَلَـٰۤىِٕكَةُ یَـٰمَرۡیَمُ إِنَّ ٱللَّهَ یُبَشِّرُكِ بِكَلِمَةࣲ مِّنۡهُ ٱسۡمُهُ ٱلۡمَسِیحُ عِیسَى ٱبۡنُ مَرۡیَمَ وَجِیهࣰا فِی ٱلدُّنۡیَا وَٱلۡـَٔاخِرَةِ وَمِنَ ٱلۡمُقَرَّبِینَ,3:45,50.0,21.590000000000003,canonical_quran_match
islam_volume_1,Islam - Volume 1,32,26,1,"[0.360284, 0.667719, 0.614184, 0.691614]",َتَحَرَلَة رد درا‎,َتَحَرَلَة رد درا‎,,0,12.46,ocr_unverified_arabic
islam_volume_1,Islam - Volume 1,34,28,1,"[0.258317, 0.339946, 0.804305, 0.422453]","AAs © نديد أمَاسَابعَرضْوا شل‎
ون طلس الألؤر وذو‎ Juipses",یَـٰۤأَهۡلَ ٱلۡكِتَـٰبِ قَدۡ جَاۤءَكُمۡ رَسُولُنَا یُبَیِّنُ لَكُمۡ كَثِیرࣰا مِّمَّا كُنتُمۡ تُخۡفُونَ مِنَ ٱلۡكِتَـٰبِ وَیَعۡفُوا۟ عَن كَثِیرࣲۚ قَدۡ جَاۤءَكُم مِّنَ ٱللَّهِ نُورࣱ وَكِتَـٰبࣱ مُّبِینࣱ ﴿١٥﴾ یَهۡدِی بِهِ ٱللَّهُ مَنِ ٱتَّبَعَ رِضۡوَ ٰ⁠نَهُۥ سُبُلَ ٱلسَّلَـٰمِ وَیُخۡرِجُهُم مِّنَ ٱلظُّلُمَـٰتِ إِلَى ٱلنُّورِ بِإِذۡنِهِۦ وَیَهۡدِیهِمۡ إِلَىٰ صِرَ ٰ⁠طࣲ مُّسۡتَقِیمࣲ ﴿١٦﴾,5:15-16,54.84,25.905,canonical_quran_match
islam_volume_1,Islam - Volume 1,38,,1,"[0.434295, 0.552299, 0.717147, 0.582056]","2 لوهس 0 ,2% ,2 =
ولو كن ونه ورك BM‏","2 لوهس 0 ,2% ,2 =
ولو كن ونه ورك BM‏",,0,23.775,ocr_unverified_arabic
islam_volume_1,Islam - Volume 1,62,59,1,"[0.599262, 0.143372, 0.668635, 0.16862]",يَعُدنُ©‎,يَعُدنُ©‎,,0,0.0,ocr_unverified_arabic
islam_volume_1,Islam - Volume 1,74,,1,"[0.616609, 0.41028, 0.704498, 0.422904]","مقعم !""أله‎ 3.","مقعم !""أله‎ 3.",,0,45.2,ocr_unverified_arabic
islam_volume_1,Islam - Volume 1,75,72,1,"[0.342068, 0.412985, 0.818697, 0.432372]",Al-Shu‘ara’ 26. ما مو مل ممم م هملع‎,وَءَاتُوا۟ ٱلۡیَتَـٰمَىٰۤ أَمۡوَ ٰ⁠لَهُمۡۖ وَلَا تَتَبَدَّلُوا۟ ٱلۡخَبِیثَ بِٱلطَّیِّبِۖ وَلَا تَأۡكُلُوۤا۟ أَمۡوَ ٰ⁠لَهُمۡ إِلَىٰۤ أَمۡوَ ٰ⁠لِكُمۡۚ إِنَّهُۥ كَانَ حُوبࣰا كَبِیرࣰا,4:2,57.14,38.76,canonical_quran_match
the_computer_speaks,The Computer Speaks: God's Message to the World,3,,1,"[0.081181, 0.256979, 0.929889, 0.284072]",جد جد جد جد جد جد جد جد + جد جد جد داج + جد جد جد EEE‏ + جاخ جد + داج,جد جد جد جد جد جد جد جد + جد جد جد داج + جد جد جد EEE‏ + جاخ جد + داج,,0,47.2,ocr_unverified_arabic
the_computer_speaks,The Computer Speaks: God's Message to the World,7,3,1,"[0.32746, 0.58737, 0.701909, 0.594291]",ع و ييه بي و يي يي ييه‎,ع و ييه بي و يي يي ييه‎,,0,21.39,ocr_unverified_arabic
the_computer_speaks,The Computer Speaks: God's Message to the World,9,58,1,"[0.172043, 0.332494, 0.670699, 0.34005]",ييه يع يجيي يي يي يي يم يوم مي يعي,ييه يع يجيي يي يي يي يم يوم مي يعي,,0,26.64,ocr_unverified_arabic
the_computer_speaks,The Computer Speaks: God's Message to the World,10,6,1,"[0.514865, 0.361558, 0.686486, 0.618967]","سات مويه Sl‏ طساس امو ع ا
azo‏ ع و ل ع د ل م ع م د سعد ماع جد","سات مويه Sl‏ طساس امو ع ا
azo‏ ع و ل ع د ل م ع م د سعد ماع جد",,0,39.825,ocr_unverified_arabic
the_computer_speaks,The Computer Speaks: God's Message to the World,11,7,1,"[0.235127, 0.181818, 0.626062, 0.189537]",عي وي م عي يمي يي‎,عي وي م عي يمي يي‎,,0,26.66,ocr_unverified_arabic
the_computer_speaks,The Computer Speaks: God's Message to the World,14,10,1,"[0.283765, 0.110645, 0.658936, 0.117351]",عع يي يي يي يي م يمي يميه,عع يي يي يي يي م يمي يميه,,0,25.86,ocr_unverified_arabic
the_computer_speaks,The Computer Speaks: God's Message to the World,20,16,1,"[0.352703, 0.079623, 0.737838, 0.104452]",موه موف ممه ممم مومه,موه موف ممه ممم مومه,,0,9.71,ocr_unverified_arabic
the_computer_speaks,The Computer Speaks: God's Message to the World,20,16,2,"[0.352703, 0.124144, 0.736486, 0.131849]",عع يي يي,عع يي يي,,0,25.25,ocr_unverified_arabic
the_computer_speaks,The Computer Speaks: God's Message to the World,20,16,3,"[0.213514, 0.868151, 0.831081, 0.886986]",4 لان > 11771 تطعه‎ 69,4 لان > 11771 تطعه‎ 69,,0,72.91,ocr_unverified_arabic
the_computer_speaks,The Computer Speaks: God's Message to the World,21,7,1,"[0.233062, 0.094828, 0.605691, 0.101724]",عي يي يجي يي يم يعي,عي يي يجي يي يم يعي,,0,19.69,ocr_unverified_arabic
the_computer_speaks,The Computer Speaks: God's Message to the World,25,21,1,"[0.440678, 0.32409, 0.480226, 0.882149]",PNA‏ VN PANY‏ ادعام تقايم جم دك ايم ايم تجاذم نر نح نم ذم ذم نع دز تم ايع ادم ذم دم نم يم يم انم ذم تم احم اتنايم,PNA‏ VN PANY‏ ادعام تقايم جم دك ايم ايم تجاذم نر نح نم ذم ذم نع دز تم ايع ادم ذم دم نم يم يم انم ذم تم احم اتنايم,,0,33.68,ocr_unverified_arabic
the_computer_speaks,The Computer Speaks: God's Message to the World,30,26,1,"[0.314865, 0.125641, 0.687838, 0.132479]",ممعم مه مووي وميه 0,ممعم مه مووي وميه 0,,0,11.49,ocr_unverified_arabic
the_computer_speaks,The Computer Speaks: God's Message to the World,33,29,1,"[0.235808, 0.125645, 0.636099, 0.134251]",ع يي يي يي عه‎,ع يي يي يي عه‎,,0,22.63,ocr_unverified_arabic
the_computer_speaks,The Computer Speaks: God's Message to the World,38,0,1,"[0.473011, 0.339211, 0.512784, 0.878254]",ههه هه DD‏ DD هاه شه هاه ها ماه هاه ماه ها هاه هاه ها هاه هاه هاه هم هاه هاه هاه,ههه هه DD‏ DD هاه شه هاه ها ماه هاه ماه ها هاه هاه ها هاه هاه هاه هم هاه هاه هاه,,0,58.75,ocr_unverified_arabic
the_computer_speaks,The Computer Speaks: God's Message to the World,40,36,1,"[0.331939, 0.094991, 0.715481, 0.102763]",عع عن أي يي يميم يي وميه,عع عن أي يي يميم يي وميه,,0,22.05,ocr_unverified_arabic
the_computer_speaks,The Computer Speaks: God's Message to the World,41,7,1,"[0.432511, 0.33677, 0.473149, 0.896048]",انك ان ان ان ان ان ان ان ان ان انا انك ان إن ان انك ان ان إن ال أن أن ال إن لان انا إل انك ان انا ان ان انك ان ان انا انا اا انا الك,انك ان ان ان ان ان ان ان ان ان انا انك ان إن ان انك ان ان إن ال أن أن ال إن لان انا إل انك ان انا ان ان انك ان ان انا انا اا انا الك,,0,47.96,ocr_unverified_arabic
the_computer_speaks,The Computer Speaks: God's Message to the World,43,39,1,"[0.438438, 0.34589, 0.48048, 0.896404]",ص كص وص كج كحي عق ا ا ا ا قن نوا إن اص ان أن إن إن إن ان ال ان إن أن أن ان أن إل ان اك,ص كص وص كج كحي عق ا ا ا ا قن نوا إن اص ان أن إن إن إن ان ال ان إن أن أن ان أن إل ان اك,,0,45.15,ocr_unverified_arabic
the_computer_speaks,The Computer Speaks: God's Message to the World,45,41,1,"[0.438218, 0.369805, 0.478448, 0.891433]",هج يج جوج ج ج هج وج جو هن ص صو جص جمس جص هت جه جد رد يديد,هج يج جوج ج ج هج وج جو هن ص صو جص جمس جص هت جه جد رد يديد,,0,32.6,ocr_unverified_arabic
the_computer_speaks,The Computer Speaks: God's Message to the World,47,43,1,"[0.262482, 0.101266, 0.653352, 0.108017]",يي يي يي يي يي يميه,يي يي يي يي يي يميه,,0,25.84,ocr_unverified_arabic
the_computer_speaks,The Computer Speaks: God's Message to the World,57,53,1,"[0.259312, 0.131424, 0.651862, 0.139848]",يي يي يي يي يي,يي يي يي يي يي,,0,22.88,ocr_unverified_arabic
the_computer_speaks,The Computer Speaks: God's Message to the World,64,60,1,"[0.345455, 0.098291, 0.731469, 0.105983]",ss‏ يي يي يي يي يميه,ss‏ يي يي يي يي يميه,,0,16.83,ocr_unverified_arabic
the_computer_speaks,The Computer Speaks: God's Message to the World,68,64,1,"[0.309838, 0.101884, 0.712188, 0.109589]",عع يي يي ييه,عع يي يي ييه,,0,23.89,ocr_unverified_arabic
the_computer_speaks,The Computer Speaks: God's Message to the World,69,65,1,"[0.23088, 0.128205, 0.626263, 0.135897]",عع يي يي يي يي يي ييه,عع يي يي يي يي يي ييه,,0,31.03,ocr_unverified_arabic
the_computer_speaks,The Computer Speaks: God's Message to the World,70,66,1,"[0.311669, 0.133162, 0.553914, 0.140034]",ع يم بم ييه,ع يم بم ييه,,0,21.25,ocr_unverified_arabic
the_computer_speaks,The Computer Speaks: God's Message to the World,75,7,1,"[0.276923, 0.103627, 0.658741, 0.127807]",يي ع يمي‎,يي ع يمي‎,,0,32.32,ocr_unverified_arabic
the_computer_speaks,The Computer Speaks: God's Message to the World,84,8,1,"[0.338068, 0.08677, 0.721591, 0.099656]",عع يي يي يي,عع يي يي يي,,0,24.22,ocr_unverified_arabic
the_computer_speaks,The Computer Speaks: God's Message to the World,91,8,1,"[0.265449, 0.130952, 0.650281, 0.138605]",ع يي يي ويم ييه‎,ع يي يي ويم ييه‎,,0,19.69,ocr_unverified_arabic
the_computer_speaks,The Computer Speaks: God's Message to the World,107,103,1,"[0.159091, 0.528253, 0.666193, 0.678082]","6 bre‏ )نص # اط
و مر يع ذن له ون رو ند قمر","6 bre‏ )نص # اط
و مر يع ذن له ون رو ند قمر",,0,45.775000000000006,ocr_unverified_arabic
the_computer_speaks,The Computer Speaks: God's Message to the World,110,106,1,"[0.211648, 0.118512, 0.84375, 0.127163]",عي يي يي يي يي يي يي يي يه‎,عي يي يي يي يي يي يي يي يه‎,,0,29.7,ocr_unverified_arabic
the_computer_speaks,The Computer Speaks: God's Message to the World,118,,1,"[0.25672, 0.770464, 0.884409, 0.790717]",بويعو م معععيءءء‎ #4 )0( 057 +7623490 L,بويعو م معععيءءء‎ #4 )0( 057 +7623490 L,,0,26.58,ocr_unverified_arabic
the_computer_speaks,The Computer Speaks: God's Message to the World,120,116,1,"[0.136364, 0.086505, 0.931818, 0.481834]","لعج يي يي يي يه موي وي ع ووم يع وم يي يي مويه
م © ف يوت ها هاج يده
ع ا 6 6 ند 6ك","لعج يي يي يي يه موي وي ع ووم يع وم يي يي مويه
م © ف يوت ها هاج يده
ع ا 6 6 ند 6ك",,0,41.38666666666666,ocr_unverified_arabic
the_computer_speaks,The Computer Speaks: God's Message to the World,123,119,1,"[0.208215, 0.271967, 0.716714, 0.758159]","م ee ص A‏ أو ضع صمي صم صن ازيم شم ضع لومم صو جل عيضن صم صم موصي شو ليع صو صو اعم صو مم مع
AN‏ لد لد يد لد يد يد يد يد يد يد يد ود ود يد يد ود زد يد يد يد يد يد يد يد لد لد ويد يد ود يد هد","م ee ص A‏ أو ضع صمي صم صن ازيم شم ضع لومم صو جل عيضن صم صم موصي شو ليع صو صو اعم صو مم مع
AN‏ لد لد يد لد يد يد يد يد يد يد يد ود ود يد يد ود زد يد يد يد يد يد يد يد لد لد ويد يد ود يد هد",,0,47.71,ocr_unverified_arabic
the_computer_speaks,The Computer Speaks: God's Message to the World,140,136,1,"[0.204317, 0.089655, 0.844604, 0.105172]",عع يه يي وي ةي يي يه يي يميه,عع يه يي وي ةي يي يه يي يميه,,0,27.26,ocr_unverified_arabic
the_computer_speaks,The Computer Speaks: God's Message to the World,147,143,1,"[0.093257, 0.08399, 0.890961, 0.092738]",ع ع عع و يع بويج يي يوي يي يي يي يي يي يي يم يوي,ع ع عع و يع بويج يي يوي يي يي يي يي يي يي يم يوي,,0,23.77,ocr_unverified_arabic
the_computer_speaks,The Computer Speaks: God's Message to the World,161,157,1,"[0.223011, 0.57069, 0.737216, 0.581034]",.63 « ذد 19 )يماع 1197 14,.63 « ذد 19 )يماع 1197 14,,0,77.49,ocr_unverified_arabic
the_computer_speaks,The Computer Speaks: God's Message to the World,172,168,1,"[0.432277, 0.170415, 0.677233, 0.892734]","اح عن ص ه هه زع ع | ان له مدي إن له إن ننه إن عرايم نع هد كن نارجن عر ون لج رد مم ون رن إن رد عر إن رق نم اكد إن تن انق إن عو وى سن زع ون عو ايع
رج و و A OOOO‏ هس 0 ان 6١‏ أن ان يد يج رد وج سر رج لج يد عل ون يد رن عررج نم عرز إن نا هد كد آنا زن 00 0١‏ 06ح كد كد ان يد نز اه زناه","اح عن ص ه هه زع ع | ان له مدي إن له إن ننه إن عرايم نع هد كن نارجن عر ون لج رد مم ون رن إن رد عر إن رق نم اكد إن تن انق إن عو وى سن زع ون عو ايع
رج و و A OOOO‏ هس 0 ان 6١‏ أن ان يد يج رد وج سر رج لج يد عل ون يد رن عررج نم عرز إن نا هد كد آنا زن 00 0١‏ 06ح كد كد ان يد نز اه زناه",,0,40.075,ocr_unverified_arabic
the_computer_speaks,The Computer Speaks: God's Message to the World,176,172,1,"[0.166906, 0.078448, 0.794245, 0.092241]",و يي يه يعي يي ل يي يي وي يه,و يي يه يعي يي ل يي يي وي يه,,0,25.15,ocr_unverified_arabic
the_computer_speaks,The Computer Speaks: God's Message to the World,197,193,1,"[0.464632, 0.245299, 0.696255, 0.887179]","هوق و ههه ههه ه هه ههه © سه سه © © وه ير مر مر شمر يو مر مره هم مره ترم مره تون مره هاعر
م م ROR‏ و ع PEER‏ ون MN‏ مل عاج ساسم زم وم ان شب سو ون وم شر ايع مر وم شل إن شرج ون شر وعم سو لسو","هوق و ههه ههه ه هه ههه © سه سه © © وه ير مر مر شمر يو مر مره هم مره ترم مره تون مره هاعر
م م ROR‏ و ع PEER‏ ون MN‏ مل عاج ساسم زم وم ان شب سو ون وم شر ايع مر وم شل إن شرج ون شر وعم سو لسو",,0,46.56,ocr_unverified_arabic
the_computer_speaks,The Computer Speaks: God's Message to the World,198,194,1,"[0.07973, 0.168111, 0.874324, 0.17591]",ع ع يي يي يي يي يي ييه,ع ع يي يي يي يي يي ييه,,0,24.76,ocr_unverified_arabic
the_computer_speaks,The Computer Speaks: God's Message to the World,202,198,1,"[0.337571, 0.181583, 0.75565, 0.20568]",اما م اا ال م م م مم مل ممم,اما م اا ال م م م مم مل ممم,,0,41.86,ocr_unverified_arabic
the_computer_speaks,The Computer Speaks: God's Message to the World,204,208,1,"[0.284153, 0.461604, 0.789617, 0.485495]",اا اما اا ماي الاي ل جد م ل م م م م لم ميد و مم يمدي,اا اما اا ماي الاي ل جد م ل م م م م لم ميد و مم يمدي,,0,33.65,ocr_unverified_arabic
the_computer_speaks,The Computer Speaks: God's Message to the World,210,206,1,"[0.307263, 0.178664, 0.715084, 0.18647]",عع ع يي يي يو ع يويد‎,عع ع يي يي يو ع يويد‎,,0,26.0,ocr_unverified_arabic
the_computer_speaks,The Computer Speaks: God's Message to the World,211,267,1,"[0.229851, 0.2827, 0.719403, 0.291139]",جم و عي يي و يي يعو ييه,جم و عي يي و يي يعو ييه,,0,24.66,ocr_unverified_arabic
the_computer_speaks,The Computer Speaks: God's Message to the World,211,267,2,"[0.246269, 0.683544, 0.597015, 0.707173]",يي مي يمي,يي مي يمي,,0,29.1,ocr_unverified_arabic
the_computer_speaks,The Computer Speaks: God's Message to the World,246,,1,"[0.55496, 0.415438, 0.902145, 0.453599]",(احمد ج ١‏ ص ١١‏ ومسلم),(احمد ج ١‏ ص ١١‏ ومسلم),,0,65.82,ocr_unverified_arabic
the_computer_speaks,The Computer Speaks: God's Message to the World,253,507,1,"[0.190411, 0.884583, 0.923288, 0.909857]",you‏ to down sent “He أنؤل اليكسه الكتشب مفصلا,إِنۡ هَـٰذَاۤ إِلَّا قَوۡلُ ٱلۡبَشَرِ,74:25,54.55,80.54,canonical_quran_match
the_computer_speaks,The Computer Speaks: God's Message to the World,261,515,1,"[0.342981, 0.379931, 0.78437, 0.397942]",اجر برجو عبججج-ذذ م‎,اجر برجو عبججج-ذذ م‎,,0,30.05,ocr_unverified_arabic
the_perpetual_miracle_of_muhammad,The Perpetual Miracle of Muhammad,2,,1,"[0.05, 0.05, 0.95, 0.95]",بسم الله الرحمن الرحيم,بسم الله الرحمن الرحيم,1:1,100,100,canonical_quran_match
the_perpetual_miracle_of_muhammad,The Perpetual Miracle of Muhammad,2,,2,"[0.05, 0.05, 0.95, 0.95]",قل لئن اجتمعت الإنس والجن على أن يأتوا بمثل هذا القرآن لا يأتون بمثله ولو كان بعضهم لبعض ظهيرا,قل لئن اجتمعت الإنس والجن على أن يأتوا بمثل هذا القرآن لا يأتون بمثله ولو كان بعضهم لبعض ظهيرا,17:88,100,100,canonical_quran_match
