slug,title,source_pdf,pages,blank_pages,arabic_segments,canonical_quran_segments,unverified_arabic_segments,low_confidence_pages,mean_ocr_confidence
eternity_screenplay,ETERNITY - Screenplay,ETERNITY - Screenplay(1).pdf,94,0,0,0,0,0,90.65
english_meanings_of_the_quran,English Meanings of the Quran,English Meanings of the Quran(1).pdf,16,0,5,5,0,4,82.14
miracle_of_quran_mysterious_alphabets,Miracle of the Quran - Significance of the Mysterious Alphabets,Miracle of Quran - Significance of the Mysterious Alphabets.pdf,216,5,34,3,31,48,80.29
quran_visual_presentation_of_the_miracle,Quran - Visual Presentation of the Miracle,Quran - Visual Presentation of the Miracle.pdf,252,1,64,6,58,0,50.93
quran_hadith_and_islam,"Quran, Hadith, and Islam","Quran, Hadith, and Islam(1).pdf",92,0,16,11,5,0,85.64
islam_volume_1,Islam - Volume 1,Islam - Volume 1.pdf,90,1,9,4,5,9,84.94
the_computer_speaks,The Computer Speaks: God's Message to the World,The Computer Speaks God's Message to the World.pdf,280,10,47,1,46,94,73.66
the_contact_prayers,The Contact Prayers,The Contact Prayers.pdf,8,0,0,0,0,0,95.47
the_perpetual_miracle_of_muhammad,The Perpetual Miracle of Muhammad,The Perpetual Miracle of Muhammad.pdf,16,0,2,2,0,0,93.13
