pdf_page,printed_page,segment,raw_text,quran_reference,confidence,status
1,,1,بسم الله الرحمن الرحيم,1:1,high,canonical_quran_match
3,,1,ا ب ت ث ج ح خ د ذ ر ز س ش ص ض ط ظ ع غ ف ق ك ل م ن ه و ي,,high,unverified_arabic
4,,1,بسم الله الرحمن الرحيم,1:1,medium,canonical_quran_match
6,,1,بسم الله الرحمن الرحيم,1:1,high,canonical_quran_match
6,,2,قُلْ لَوْ كَانَ الْبَحْرُ مِدَادًا لِكَلِمَاتِ رَبِّي لَنَفِدَ الْبَحْرُ قَبْلَ أَنْ تَنْفَدَ كَلِمَاتُ رَبِّي وَلَوْ جِئْنَا بِمِثْلِهِ مَدَدًا,18:109,high,canonical_quran_match
7,163,1,ق,,high,unverified_arabic
27,185,1,wa-kadhalika ja'alnakum ummatan wasatan litakunu shuhada'a 'ala al-nasi wa-yakuna al-rasulu 'alaykum shahidan,Qur'an 2:143,high,canonical_quran_match
30,188,1,ud'u ila sabili rabbika bil-hikmati wal-maw'izatil-hasanati wa-jadilhum billati hiya ahsan,Qur'an 16:125,high,canonical_quran_match
35,193,1,ya ayyuha al-nasu inna khalaqnakum min dhakarin wa-untha wa-ja'alnakum shu'uban wa-qaba'ila lita'arafu inna akramakum 'inda Allahi atqakum inna Allaha 'alimun khabir,Qur'an 49:13,high,canonical_quran_match
36,194,1,fa-sda' bima tu'maru wa-a'rid 'ani al-mushrikin,Qur'an 15:94,high,canonical_quran_match
37,195,1,inna akramakum 'inda Allahi atqakum inna Allaha 'alimun khabir,Qur'an 49:13,high,canonical_quran_match
37,195,2,wal-takun minkum ummatun yad'una ila al-khayri wa-ya'muruna bil-ma'rufi wa-yanhawna 'ani al-munkari wa-ula'ika humu al-muflihun,Qur'an 3:104,high,canonical_quran_match
39,197,1,wa-in janahu lil-salmi fajnah laha wa-tawakkal 'ala Allahi innahu huwa al-sami'u al-'alim,Qur'an 8:61,high,canonical_quran_match
45,203,1,"sura Al-Najm (The Star, No. 53)",Quran 53 (Al-Najm),medium,canonical_quran_match
50,210,1,إِنَّمَا يُرِيدُ اللّهُ لِيُذْهِبَ عَنْكُمُ الرِّجْسَ أَهْلَ الْبَيْتِ وَيُطَهِّرَكُمْ تَطْهِيرًا,Quran 33:33,high,canonical_quran_match
51,211,1,وَاعْتَصِمُوا بِحَبْلِ اللّهِ جَمِيعًا وَلَا تَفَرَّقُوا,Quran 3:103,high,canonical_quran_match
51,211,2,صلى الله عليه وآله وسلم وقال: فلو أن رجلا صفن بين الركن والمقام ، فصلى وصام ، وهو مبغض لآل محمد دخل النار,,low,unverified_arabic
52,212,1,وحديث : النجوم أمان لاهل الأرض من الغرق ، وأهل بيتي أمان لأمتي من الاختلاف (في الدين) ، فاذا خالفتها قبيلة من العرب تفرقوا في أحكام الله عز وجل صاروا حزب ابليس,,low,unverified_arabic
53,213,1,وحديث : خير شراركم أقلهم رحمة لليتيم وأغلظهم على المسكين ، وخير تجارتكم البز وخير أعمالكم الخرز ، ومن سيادة المرء خفة عارضيته ، والناس أكفاء إلا حائك أو حجام,,low,unverified_arabic
53,213,2,ومن هذا ما رواه معاوية بن زهير قال أخبرنا محرز أبو رجاء ، وكان يرى رأي القدر فتاب منه ، فقال: لا ترووا عن أحد من أهل القدر شيئا ، فوالله لقد كنا نضع الأحاديث ندخل بها الناس في القدر نحتسب بها ، ولقد أدخلت أربعة آلاف من الناس . قال زهير: فقلت له : كيف تصنع بمن أدخلتهم؟ قال: ها أنا ذا أخرجهم الأول فالأول,,low,unverified_arabic
53,213,3,٦ – التقرب من الحكام وأسباب أخرى :,,medium,unverified_arabic
54,214,1,وطبيعي أن يتقرب بعض المرائين إلى بعض الطبقة الحاكمة بوضع ما يرضيهم من الحديث ، وقد حدث هذا فعلا في عهد العباسيين,,low,unverified_arabic
54,214,2,وقد كذب غياث بن إبراهيم للمهدي في حديث «لا سبق إلا في نصل أو خف أو حافر» ، فزاد فيه جناح أو جناح حين رآه يلعب بالحمام ، فتركها المهدي,,low,unverified_arabic
55,215,1,من رفع يديه في الركوع فلا صلاة له,,medium,unverified_arabic
55,215,2,كل ما في السموات والأرض وما بينهما فهو مخلوق غير الله والقرآن ، وذلك أنه كلامه منه بدأ وإليه يعود,,low,unverified_arabic
56,216,1,من أين جئت بهذه الأحاديث؟ قال: وضعتها أرغب الناس فيها,,low,unverified_arabic
56,216,2,٦ – التحرفات المذهبية والكلامية :,,medium,unverified_arabic
57,217,1,من كذب علي متعمدا فليتبوأ مقعده من النار,,medium,unverified_arabic
57,217,2,لم نر الصالحين يكذبون في شيء أكذب منهم في الحديث,,low,unverified_arabic
58,218,1,ما أفسد على الناس حديثهم إلا القصاص ، وما أمات العلم إلا القصاص,,medium,unverified_arabic
58,218,2,٥ – الرغبة في الخبر مع الجري بالروي,,low,unverified_arabic
59,219,1,فقال له : حدثته بهذا؟ فقال: والله ما سمعت هذا الا الساعة,,low,unverified_arabic
59,219,2,أنا أحمد بن حنبل وهذا يحيى بن معين,,medium,unverified_arabic
60,220,1,إن في الجنة شجرة يخرج من أعلاها خيل من ذهب مسرجة ملجمة بالدر والياقوت ذات أجنحة ، فيجلس عليها أولياء الله فيطير بهم حيث شاؤوا,,medium,unverified_arabic
60,220,2,من قال لا إله إلا الله خلق الله من كل كلمة طيرا منقاره من ذهب,,low,unverified_arabic
61,221,1,يكون فى أمتى رجل يقال له محمد بن إدريس أضر على أمتى من ابليس ، ويكون فى أمتى رجل يقال له أبو حنيفة هو سراج أمتى,,high,unverified_arabic
61,221,2,سيأتى من بعدى رجل يقال له النعمان ابن ثابت ويكنى أبا حنيفة ، ليحيين دين الله وسنتى على يديه,,high,unverified_arabic
62,224,1,أن نفرا من اليهود أتوا الرسول صلى الله عليه وسلم فقالوا : من يحمل من العرش ؟ فقال : تحمله الهوام بقرونها,,high,unverified_arabic
62,224,2,قيل يارسول الله ، مم ربنا ؟ قال : من ماء مرور,,medium,unverified_arabic
64,226,1,ليس فى أصحاب الأهواء أصح حديثا من الحوارج,,medium,unverified_arabic
64,226,2,إذا أتاكم عنى حديث فاعرضوه على كتاب الله فإن وافق كتاب الله فأنا قلته,,medium,unverified_arabic
65,227,1,إن هذه الأحاديث دين ، فانظروا عمن تأخذون دينكم ، فإنا كنا إذا هوينا أمرا صيرناه حديثا,,high,unverified_arabic
65,227,2,ونحن نعلم أن الخوارج شر منكم ، ومع هذا فما نقدر أن نرميهم بالكذب ، لأننا جربناهم ، فوجدناهم يتحرون الصدق,,medium,unverified_arabic
66,228,1,بسم الله الرحمن الرحيم اشدا على الكفار رحماء بينهم [decorative calligraphic roundel] محمد رسول الله والذين معه,Surah Al-Fath 48:29,medium,canonical_quran_match
67,229,1,بسم الله الرحمن الرحيم [decorative starburst medallion] الله نور السموات والارض مثل نوره كمشكاة فيها مصباح,Surah An-Nur 24:35,medium,canonical_quran_match
68,230,1,إن الله أمرنى أن أتخذ أبا بكر والدا ، وعمر مشيرا ، وعثمان سندا ، وأنت يا على ظهيرا,,high,unverified_arabic
68,230,2,من شتم الصديق فإنه زنديق ، ومن شتم عمر فأواه سقر,,high,unverified_arabic
69,231,1,اللهم اركسهما فى الفتنة ركسا ، اللهم دعهما إلى النار دعا,,high,unverified_arabic
69,231,2,يا أبا هريرة ، إن فى جهم كلابا زرق الأعين ، على أعرافها شعر كأمثال أذناب الخيل,,high,unverified_arabic
70,232,1,رأيت النبى صلى الله عليه وسلم متكئا على على ، وإذا أبو بكر وعمر أقبلا ، فقال : يا أبا الحسن ، أحبهما فبحبهما تدخل الجنة,,high,unverified_arabic
70,232,2,جاء جبريل إلى النبى صلى الله عليه وسلم بورقة آس أخضر مكتوب عليها : لا إله إلا الله محمد رسول الله ، حب معاوية فرض على عبادى,,high,unverified_arabic
71,233,1,أبشر يا أبا بكر ، الذى وضأك للصلاة جبريل ، والذى مندلك ميكائيل ، والذى مسك ركبتى حتى لحقت الصلاة إسرافيل,,high,unverified_arabic
71,233,2,إن الله جعل أبا بكر خليفتى على دين أوحيه ، فاسمعوا له تفلحوا ، وأطيعوه ترشدوا,,high,unverified_arabic
72,234,1,يا على ، إن الله قد غفر لك ولذريتك ولوالديك وأهلك ولشيعتك ولحبى شيعتك,,high,unverified_arabic
72,234,2,لما عرج بى إلى السماء قلت : اللهم اجعل الخليفة من بعدى على بن أبى طالب ، فارتجت السموات ، وهتف بى الملائكة من كل جانب,,high,unverified_arabic
73,235,1,والنجم إذا هوى,Surah An-Najm 53:1,high,canonical_quran_match
73,235,2,خُلقت أنا وعلى من نور ، وكنا على يمين العرش,,high,unverified_arabic
73,235,3,من مات وفى قلبه بغض على بن أبى طالب - فليمت يهوديا أو نصرانيا,,high,unverified_arabic
74,236,1,كنا إذا اجتمعنا فاستحسنا شيئا جعلناه حديثا,,high,unverified_arabic
74,236,2,وصى ، وموضع سرى ، وخليفتى فى أهلى ، وخير من أخلف بعدى - على,,high,unverified_arabic
75,237,1,فضائل على الصحيحة كثيرة : غير أن الرافضة لا تقنع ، فوضعت له ما يضع ، لما يرفع,,high,unverified_arabic
75,237,2,ما كُذِبَ على أحد فى هذه الأمة ما كُذِبَ على على رضى الله عنه,,high,unverified_arabic
76,238,1,إن أصل الأكاذيب فى أحاديث الفضائل كان من جهة الشيعة ، فإنهم وضعوا فى مبدأ الأمر أحاديث مختلفة فى صاحبهم,,high,unverified_arabic
77,239,1,نزلوا أحاديث أهل العراق منزلة أحاديث أهل الكتاب : لا تصدقوهم ولا تكذبوهم,,high,unverified_arabic
77,239,2,إن من أهل العراق قوما يكذبون ويكذِّبون ويسخرون,,high,unverified_arabic
79,241,1,من كذب على متعمدا فليتبوأ مقعده من النار,,high,unverified_arabic
80,242,1,من تعمد على كذبا فليتبوأ مقعده من النار,,high,unverified_arabic
80,242,2,إن كذبا على ليس كذبا على أحد,,high,unverified_arabic
81,243,1,او لالاهيته,,low,unverified_arabic
81,243,2,لا حكم إلا لله,,medium,unverified_arabic
83,245,1,لا حكم إلا لله,,medium,unverified_arabic
85,247,1,سورة الكهف مكية وآياتها ١١٠ - بسم الله الرحمن الرحيم - الحمد لله الذي أنزل على عبده الكتب ولم يجعل له عوجا . قيما لينذر بأسا شديدا من لدنه ويبشر المؤمنين الذين يعملون الصالحت أن لهم أجرا حسنا . مكثين فيه أبدا . وينذر الذين قالوا اتخذ الله ولدا . ما لهم به من علم ولا لابائهم كبرت كلمة تخرج من أفواههم إن يقولون إلا كذبا,Qur'an 18:1-5,high,canonical_quran_match
87,249,1,ولقد أنزلنا إليك ءايت بينت وما يكفر بها إلا الفاسقون . أو كلما عهدوا عهدا نبذه فريق منهم بل أكثرهم لايؤمنون . ولما جاءهم رسول من عند الله مصدق لما معهم نبذ فريق من الذين أوتوا الكتب كتب الله وراء ظهورهم كأنهم لايعلمون . واتبعوا ما تتلوا الشيطين على ملك سليمن وما كفر سليمن ولكن الشيطين كفروا يعلمون الناس السحر وما أنزل على الملكين ببابل هروت ومروت وما يعلمان من أحد حتى يقولا إنما نحن فتنة فلا تكفر فيتعلمون منه ما يفرقون به بين المرء وزوجه وما هم بضارين به من أحد إلا بإذن الله ويتعلمون ما يضرهم ولاينفعهم ولقد علموا لمن اشتريه ماله فى الاخرة من خلق ولبئس ما شروا به أنفسهم لو كانوا يعلمون . ولو أنهم ءامنوا واتقوا لمثوبة من عند الله خير لو كانوا يعلمون . يأيها الذين ءامنوا لاتقولوا رعنا وقولوا انظرنا واسمعوا وللكفرين عذاب أليم . مايود الذين كفروا من أهل الكتب ولا المشركين أن ينزل عليكم من خير من ربكم والله يختص برحمته من يشاء والله ذو الفضل العظيم . ماننسخ من ءاية أو ننسها نأت بخير منها أو مثلها ألم تعلم أن الله على كل شئ قدير . ألم تعلم أن الله له ملك السموت والأرض وما لكم من دون الله من ولي ولا نصير . أم تريدون أن تسئلوا رسولكم كما سئل موسى من قبل ومن يتبدل الكفر بالإيمن فقد ضل سواء السبيل,Qur'an 2:99-108 (approximate range),medium,canonical_quran_match
89,253,1,ولن ترضى عنك اليهود ولا النصرى حتى تتبع ملتهم قل إن هدى الله هو الهدى ولئن اتبعت أهواءهم بعد الذى جاءك من العلم مالك من الله من ولي ولا نصير . الذين ءاتينهم الكتب يتلونه حق تلاوته أولئك يؤمنون به ومن يكفر به فأولئك هم الخسرون . يبنى إسرءيل اذكروا نعمتى التى أنعمت عليكم وأنى فضلتكم على العلمين . واتقوا يوما لاتجزى نفس عن نفس شيئا ولايقبل منها عدل ولاتنفعها شفعة ولاهم ينصرون . وإذ ابتلى إبرهم ربه بكلمت فأتمهن قال إنى جاعلك للناس إماما قال ومن ذريتى قال لاينال عهدى الظلمين . وإذ جعلنا البيت مثابة للناس وأمنا واتخذوا من مقام إبرهم مصلى وعهدنا إلى إبرهم وإسمعيل أن طهرا بيتى للطائفين والعكفين والركع السجود . وإذ قال إبرهم رب اجعل هذا بلدا ءامنا وارزق أهله من الثمرت من ءامن منهم بالله واليوم الاخر قال ومن كفر فأمتعه قليلا ثم أضطره الى عذاب النار وبئس المصير . وإذ يرفع إبرهم القواعد من البيت وإسمعيل ربنا تقبل منا إنك أنت السميع العليم . ربنا واجعلنا مسلمين لك ومن ذريتنا أمة مسلمة لك وأرنا مناسكنا وتب علينا إنك أنت التواب الرحيم . ربنا وابعث فيهم رسولا منهم يتلوا عليهم ءايتك ويعلمهم الكتب والحكمة ويزكيهم إنك أنت العزيز الحكيم,Qur'an 2:120-129 (approximate range),medium,canonical_quran_match
91,255,1,ومن يرغب عن ملة إبرهم إلا من سفه نفسه ولقد اصطفينه فى الدنيا وإنه فى الاخرة لمن الصلحين . إذ قال له ربه أسلم قال أسلمت لرب العلمين . ووصى بها إبرهم بنيه ويعقوب يبنى إن الله اصطفى لكم الدين فلا تموتن إلا وأنتم مسلمون . أم كنتم شهداء إذ حضر يعقوب الموت إذ قال لبنيه ما تعبدون من بعدى قالوا نعبد إلهك وإله ءابائك إبرهم وإسمعيل وإسحق إلها وحدا ونحن له مسلمون . تلك أمة قد خلت لها ما كسبت ولكم ما كسبتم ولاتسئلون عما كانوا يعملون . وقالوا كونوا هودا أو نصرى تهتدوا قل بل ملة إبرهم حنيفا وما كان من المشركين . قولوا ءامنا بالله وما أنزل إلينا وما أنزل إلى إبرهم وإسمعيل وإسحق ويعقوب والأسباط وما أوتى موسى وعيسى وما أوتى النبيون من ربهم لانفرق بين أحد منهم ونحن له مسلمون . فإن ءامنوا بمثل ما ءامنتم به فقد اهتدوا وإن تولوا فإنما هم فى شقاق فسيكفيكهم الله وهو السميع العليم . صبغة الله ومن أحسن من الله صبغة ونحن له عبدون . قل أتحاجوننا فى الله وهو ربنا وربكم ولنا أعملنا ولكم أعملكم ونحن له مخلصون . أم تقولون إن إبرهم وإسمعيل وإسحق ويعقوب والأسباط كانوا هودا أو نصرى قل ءأنتم أعلم أم الله ومن أظلم ممن كتم شهدة عنده من الله وما الله بغفل عما تعملون . تلك أمة قد خلت لها ما كسبت ولكم ما كسبتم ولاتسئلون عما كانوا يعملون,Qur'an 2:130-141 (approximate range),medium,canonical_quran_match
93,257,1,سيقول السفهاء من الناس ما ولاهم عن قبلتهم التى كانوا عليها قل لله المشرق والمغرب يهدى من يشاء إلى صرط مستقيم . وكذلك جعلنكم أمة وسطا لتكونوا شهداء على الناس ويكون الرسول عليكم شهيدا وما جعلنا القبلة التى كنت عليها إلا لنعلم من يتبع الرسول ممن ينقلب على عقبيه وإن كانت لكبيرة إلا على الذين هدى الله وما كان الله ليضيع إيمنكم إن الله بالناس لرءوف رحيم . قد نرى تقلب وجهك فى السماء فلنولينك قبلة ترضاها فول وجهك شطر المسجد الحرام وحيث ماكنتم فولوا وجوهكم شطره وإن الذين أوتوا الكتب ليعلمون أنه الحق من ربهم وما الله بغفل عما يعملون . ولئن أتيت الذين أوتوا الكتب بكل ءاية ماتبعوا قبلتك وماأنت بتابع قبلتهم وما بعضهم بتابع قبلة بعض ولئن اتبعت أهواءهم من بعد ماجاءك من العلم إنك إذا لمن الظلمين . الذين ءاتينهم الكتب يعرفونه كما يعرفون أبناءهم وإن فريقا منهم ليكتمون الحق وهم يعلمون . الحق من ربك فلا تكونن من الممترين . ولكل وجهة هو موليها فاستبقوا الخيرت أين ما تكونوا يأت بكم الله جميعا إن الله على كل شئ قدير . ومن حيث خرجت فول وجهك شطر المسجد الحرام وإنه للحق من ربك وما الله بغفل عما تعملون,Qur'an 2:142-149 (approximate range),medium,canonical_quran_match
95,259,1,ومن حيث خرجت فول وجهك شطر المسجد الحرام وحيث ماكنتم فولوا وجوهكم شطره لئلا يكون للناس عليكم حجة إلا الذين ظلموا منهم فلا تخشوهم واخشونى ولأتم نعمتى عليكم ولعلكم تهتدون . كما أرسلنا فيكم رسولا منكم يتلوا عليكم ءايتنا ويزكيكم ويعلمكم الكتب والحكمة ويعلمكم مالم تكونوا تعلمون . فاذكرونى أذكركم واشكروا لى ولاتكفرون . يأيها الذين ءامنوا استعينوا بالصبر والصلوة إن الله مع الصبرين . ولاتقولوا لمن يقتل فى سبيل الله أموت بل أحياء ولكن لاتشعرون . ولنبلونكم بشئ من الخوف والجوع ونقص من الأموال والأنفس والثمرت وبشر الصبرين . الذين إذا أصابتهم مصيبة قالوا إنا لله وإنا إليه رجعون . أولئك عليهم صلوت من ربهم ورحمة وأولئك هم المهتدون . إن الصفا والمروة من شعائر الله فمن حج البيت أو اعتمر فلا جناح عليه أن يطوف بهما ومن تطوع خيرا فإن الله شاكر عليم . إن الذين يكتمون ما أنزلنا من البينت والهدى من بعد ما بيّنه للناس فى الكتب أولئك يلعنهم الله ويلعنهم اللعنون,Qur'an 2:150-159 (approximate range),medium,canonical_quran_match
97,261,1,إلا الذين تابوا وأصلحوا وبينوا فأولئك أتوب عليهم وأنا التواب الرحيم . إن الذين كفروا وماتوا وهم كفار أولئك عليهم لعنة الله والملئكة والناس أجمعين . خلدين فيها لايخفف عنهم العذاب ولاهم ينظرون . وإلهكم إله وحد لا إله إلا هو الرحمن الرحيم . إن فى خلق السموت والأرض واختلف اليل والنهار والفلك التى تجرى فى البحر بما ينفع الناس وما أنزل الله من السماء من ماء فأحيا به الأرض بعد موتها وبث فيها من كل دابة وتصريف الريح والسحاب المسخر بين السماء والأرض لايت لقوم يعقلون . ومن الناس من يتخذ من دون الله أندادا يحبونهم كحب الله والذين ءامنوا أشد حبا لله ولو يرى الذين ظلموا إذ يرون العذاب أن القوة لله جميعا وأن الله شديد العذاب . إذ تبرأ الذين اتبعوا من الذين اتبعوا ورأوا العذاب وتقطعت بهم الأسباب . وقال الذين اتبعوا لو أن لنا كرة فنتبرأ منهم كما تبرءوا منا كذلك يريهم الله أعملهم حسرت عليهم وما هم بخرجين من النار,Qur'an 2:160-167 (approximate range),medium,canonical_quran_match
99,263,1,يأيها الناس كلوا مما فى الأرض حللا طيبا ولاتتبعوا خطوت الشيطن إنه لكم عدو مبين . إنما يأمركم بالسوء والفحشاء وأن تقولوا على الله مالاتعلمون . وإذا قيل لهم اتبعوا ما أنزل الله قالوا بل نتبع ما ألفينا عليه ءاباءنا أولو كان ءاباؤهم لايعقلون شيئا ولايهتدون . ومثل الذين كفروا كمثل الذى ينعق بما لايسمع إلا دعاء ونداء صم بكم عمى فهم لايعقلون . يأيها الذين ءامنوا كلوا من طيبت ما رزقنكم واشكروا لله إن كنتم إياه تعبدون . إنما حرم عليكم الميتة والدم ولحم الخنزير وما أهل به لغير الله فمن اضطر غير باغ ولاعاد فلا إثم عليه إن الله غفور رحيم . إن الذين يكتمون ما أنزل الله من الكتب ويشترون به ثمنا قليلا أولئك مايأكلون فى بطونهم إلا النار ولايكلمهم الله يوم القيمة ولايزكيهم ولهم عذاب أليم . أولئك الذين اشتروا الضللة بالهدى والعذاب بالمغفرة فما أصبرهم على النار . ذلك بأن الله نزل الكتب بالحق وإن الذين اختلفوا فى الكتب لفى شقاق بعيد,Qur'an 2:168-176 (approximate range),medium,canonical_quran_match
101,265,1,لَيْسَ الْبِرَّ أَنْ تُوَلُّوا وُجُوهَكُمْ قِبَلَ الْمَشْرِقِ وَالْمَغْرِبِ وَلَٰكِنَّ الْبِرَّ مَنْ آمَنَ بِاللَّهِ وَالْيَوْمِ الْآخِرِ وَالْمَلَائِكَةِ وَالْكِتَابِ وَالنَّبِيِّينَ وَآتَى الْمَالَ عَلَىٰ حُبِّهِ ذَوِي الْقُرْبَىٰ وَالْيَتَامَىٰ وَالْمَسَاكِينَ وَابْنَ السَّبِيلِ وَالسَّائِلِينَ وَفِي الرِّقَابِ وَأَقَامَ الصَّلَاةَ وَآتَى الزَّكَاةَ وَالْمُوفُونَ بِعَهْدِهِمْ إِذَا عَاهَدُوا وَالصَّابِرِينَ فِي الْبَأْسَاءِ وَالضَّرَّاءِ وَحِينَ الْبَأْسِ أُولَٰئِكَ الَّذِينَ صَدَقُوا وَأُولَٰئِكَ هُمُ الْمُتَّقُونَ,Qur'an 2:177,high,canonical_quran_match
101,265,2,يَا أَيُّهَا الَّذِينَ آمَنُوا كُتِبَ عَلَيْكُمُ الْقِصَاصُ فِي الْقَتْلَى الْحُرُّ بِالْحُرِّ وَالْعَبْدُ بِالْعَبْدِ وَالْأُنْثَىٰ بِالْأُنْثَىٰ فَمَنْ عُفِيَ لَهُ مِنْ أَخِيهِ شَيْءٌ فَاتِّبَاعٌ بِالْمَعْرُوفِ وَأَدَاءٌ إِلَيْهِ بِإِحْسَانٍ ذَٰلِكَ تَخْفِيفٌ مِنْ رَبِّكُمْ وَرَحْمَةٌ فَمَنِ اعْتَدَىٰ بَعْدَ ذَٰلِكَ فَلَهُ عَذَابٌ أَلِيمٌ,Qur'an 2:178,high,canonical_quran_match
101,265,3,وَلَكُمْ فِي الْقِصَاصِ حَيَاةٌ يَا أُولِي الْأَلْبَابِ لَعَلَّكُمْ تَتَّقُونَ,Qur'an 2:179,high,canonical_quran_match
101,265,4,كُتِبَ عَلَيْكُمْ إِذَا حَضَرَ أَحَدَكُمُ الْمَوْتُ إِنْ تَرَكَ خَيْرًا الْوَصِيَّةُ لِلْوَالِدَيْنِ وَالْأَقْرَبِينَ بِالْمَعْرُوفِ حَقًّا عَلَى الْمُتَّقِينَ,Qur'an 2:180,high,canonical_quran_match
101,265,5,فَمَنْ بَدَّلَهُ بَعْدَمَا سَمِعَهُ فَإِنَّمَا إِثْمُهُ عَلَى الَّذِينَ يُبَدِّلُونَهُ إِنَّ اللَّهَ سَمِيعٌ عَلِيمٌ,Qur'an 2:181,high,canonical_quran_match
101,265,6,فَمَنْ خَافَ مِنْ مُوصٍ جَنَفًا أَوْ إِثْمًا فَأَصْلَحَ بَيْنَهُمْ فَلَا إِثْمَ عَلَيْهِ إِنَّ اللَّهَ غَفُورٌ رَحِيمٌ,Qur'an 2:182,high,canonical_quran_match
101,265,7,يَا أَيُّهَا الَّذِينَ آمَنُوا كُتِبَ عَلَيْكُمُ الصِّيَامُ كَمَا كُتِبَ عَلَى الَّذِينَ مِنْ قَبْلِكُمْ لَعَلَّكُمْ تَتَّقُونَ,Qur'an 2:183,high,canonical_quran_match
102,266,1,أَيَّامًا مَعْدُودَاتٍ فَمَنْ كَانَ مِنْكُمْ مَرِيضًا أَوْ عَلَىٰ سَفَرٍ فَعِدَّةٌ مِنْ أَيَّامٍ أُخَرَ وَعَلَى الَّذِينَ يُطِيقُونَهُ فِدْيَةٌ طَعَامُ مِسْكِينٍ فَمَنْ تَطَوَّعَ خَيْرًا فَهُوَ خَيْرٌ لَهُ وَأَنْ تَصُومُوا خَيْرٌ لَكُمْ إِنْ كُنْتُمْ تَعْلَمُونَ,Qur'an 2:184,high,canonical_quran_match
102,266,2,شَهْرُ رَمَضَانَ الَّذِي أُنْزِلَ فِيهِ الْقُرْآنُ هُدًى لِلنَّاسِ وَبَيِّنَاتٍ مِنَ الْهُدَىٰ وَالْفُرْقَانِ فَمَنْ شَهِدَ مِنْكُمُ الشَّهْرَ فَلْيَصُمْهُ وَمَنْ كَانَ مَرِيضًا أَوْ عَلَىٰ سَفَرٍ فَعِدَّةٌ مِنْ أَيَّامٍ أُخَرَ يُرِيدُ اللَّهُ بِكُمُ الْيُسْرَ وَلَا يُرِيدُ بِكُمُ الْعُسْرَ وَلِتُكْمِلُوا الْعِدَّةَ وَلِتُكَبِّرُوا اللَّهَ عَلَىٰ مَا هَدَاكُمْ وَلَعَلَّكُمْ تَشْكُرُونَ,Qur'an 2:185,high,canonical_quran_match
102,266,3,وَإِذَا سَأَلَكَ عِبَادِي عَنِّي فَإِنِّي قَرِيبٌ أُجِيبُ دَعْوَةَ الدَّاعِ إِذَا دَعَانِ فَلْيَسْتَجِيبُوا لِي وَلْيُؤْمِنُوا بِي لَعَلَّهُمْ يَرْشُدُونَ,Qur'an 2:186,high,canonical_quran_match
102,266,4,أُحِلَّ لَكُمْ لَيْلَةَ الصِّيَامِ الرَّفَثُ إِلَىٰ نِسَائِكُمْ هُنَّ لِبَاسٌ لَكُمْ وَأَنْتُمْ لِبَاسٌ لَهُنَّ عَلِمَ اللَّهُ أَنَّكُمْ كُنْتُمْ تَخْتَانُونَ أَنْفُسَكُمْ فَتَابَ عَلَيْكُمْ وَعَفَا عَنْكُمْ فَالْآنَ بَاشِرُوهُنَّ وَابْتَغُوا مَا كَتَبَ اللَّهُ لَكُمْ وَكُلُوا وَاشْرَبُوا حَتَّىٰ يَتَبَيَّنَ لَكُمُ الْخَيْطُ الْأَبْيَضُ مِنَ الْخَيْطِ الْأَسْوَدِ مِنَ الْفَجْرِ ثُمَّ أَتِمُّوا الصِّيَامَ إِلَى اللَّيْلِ وَلَا تُبَاشِرُوهُنَّ وَأَنْتُمْ عَاكِفُونَ فِي الْمَسَاجِدِ تِلْكَ حُدُودُ اللَّهِ فَلَا تَقْرَبُوهَا كَذَٰلِكَ يُبَيِّنُ اللَّهُ آيَاتِهِ لِلنَّاسِ لَعَلَّهُمْ يَتَّقُونَ,Qur'an 2:187,high,canonical_quran_match
105,269,1,قرآن كريم لا يمسه الا المطهرون تنزيل من رب العالمين,,medium,unverified_arabic
112,276,1,سُورَةُ مُحَمَّد (٤٧) مَدَنِيَّة الآيَة ١٣ نَزَلَتْ فِي الطَّرِيقِ أَثْنَاءَ الهِجْرَة وَآيَاتُهَا ٣٨ نَزَلَتْ بَعْدَ الحَدِيد,,medium,unverified_arabic
112,276,2,بِسْمِ اللَّهِ الرَّحْمَٰنِ الرَّحِيمِ الَّذِينَ كَفَرُوا وَصَدُّوا عَنْ سَبِيلِ اللَّهِ أَضَلَّ أَعْمَالَهُمْ وَالَّذِينَ آمَنُوا وَعَمِلُوا الصَّالِحَاتِ وَآمَنُوا بِمَا نُزِّلَ عَلَىٰ مُحَمَّدٍ وَهُوَ الْحَقُّ مِنْ رَبِّهِمْ كَفَّرَ عَنْهُمْ سَيِّئَاتِهِمْ وَأَصْلَحَ بَالَهُمْ ذَٰلِكَ بِأَنَّ الَّذِينَ كَفَرُوا اتَّبَعُوا الْبَاطِلَ وَأَنَّ الَّذِينَ آمَنُوا اتَّبَعُوا الْحَقَّ مِنْ رَبِّهِمْ كَذَٰلِكَ يَضْرِبُ اللَّهُ لِلنَّاسِ أَمْثَالَهُمْ,Qur'an 47:1-3,high,canonical_quran_match
124,288,1,Iman,,high,unverified_arabic
133,,1,بِسْمِ اللهِ الرَّحْمَنِ الرَّحِيمِ,,high,unverified_arabic
133,,2,بِسْمِ اللهِ الرَّحْمَنِ الرَّحِيمِ,,high,unverified_arabic
137,,1,"بِسْمِ اللهِ الرَّحْمَنِ الرَّحِيمِ
إِنْ أَبْطَأَتْ غَارَةُ الأَعْدَاءِ وَابْتَعَدَتْ فَأَقْرَبُ السَّيْرِ بِنَا غَارَةُ اللهِ يَا غَارَةَ اللهِ اجْدِي التَّيْسِيرَ مُسْرِعَةً فِي حَلِّ عُقْدَتِنَا يَا غَارَةَ اللهِ عَدَتِ العَادُونَ وَجَارُوا وَرَجَوْنَا اللهَ مُجِيرًا وَكَفَى بِاللهِ وَلِيًّا وَكَفَى بِاللهِ نَصِيرًا حَسْبُنَا اللهُ وَنِعْمَ الوَكِيلُ حَسْبُنَا اللهُ وَنِعْمَ الوَكِيلُ حَسْبُنَا اللهُ وَنِعْمَ الوَكِيلُ وَلَا حَوْلَ وَلَا قُوَّةَ إِلَّا بِاللهِ العَلِيِّ العَظِيمِ اسْتَجِبْ لَنَا آمِينَ لَا حَوْلَ وَلَا قُوَّةَ إِلَّا بِاللهِ العَلِيِّ العَظِيمِ اسْتَجِبْ لَنَا آمِينَ لَا حَوْلَ وَلَا قُوَّةَ إِلَّا بِاللهِ العَلِيِّ العَظِيمِ اسْتَجِبْ لَنَا آمِينَ فَقُطِعَ دَابِرُ القَوْمِ الَّذِينَ ظَلَمُوا وَالحَمْدُ لِلهِ رَبِّ العَالَمِينَ وَصَلَّى اللهُ عَلَى سَيِّدِنَا مُحَمَّدٍ النَّبِيِّ الأُمِّيِّ وَعَلَى آلِهِ وَصَحْبِهِ وَسَلَّمَ","28:78 (fa qutiِ'a dabiru... wal hamdu lillahi rabbil 'alamin, closing phrase only)",low,canonical_quran_match
138,,1,وَقَالُوا اتَّخَذَ الرَّحْمَنُ وَلَدًا لَقَدْ جِئْتُمْ شَيْئًا إِدًّا تَكَادُ السَّمَاوَاتُ يَتَفَطَّرْنَ مِنْهُ وَتَنشَقُّ الأَرْضُ وَتَخِرُّ الجِبَالُ هَدًّا أَنْ دَعَوْا لِلرَّحْمَنِ وَلَدًا وَمَا يَنبَغِي لِلرَّحْمَنِ أَنْ يَتَّخِذَ وَلَدًا إِنْ كُلُّ مَنْ فِي السَّمَاوَاتِ وَالأَرْضِ إِلَّا آتِي الرَّحْمَنِ عَبْدًا لَقَدْ أَحْصَاهُمْ وَعَدَّهُمْ عَدًّا وَكُلُّهُمْ آتِيهِ يَوْمَ القِيَامَةِ فَرْدًا إِنَّ الَّذِينَ آمَنُوا وَعَمِلُوا الصَّالِحَاتِ سَيَجْعَلُ لَهُمُ الرَّحْمَنُ وُدًّا فَإِنَّمَا يَسَّرْنَاهُ بِلِسَانِكَ لِتُبَشِّرَ بِهِ المُتَّقِينَ وَتُنذِرَ بِهِ قَوْمًا لُدًّا,Quran 19:88-98 (Sura Maryam),high,canonical_quran_match
139,,1,بِسْمِ اللهِ الرَّحْمَنِ الرَّحِيمِ,,high,unverified_arabic
